# US counties and incorporated places, keyed for apsi_crawler.jurisdictions.
# Generated by crawler/scripts/refresh_jurisdictions.py - do not hand-edit rows.
# generated: 2026-09-21
# source_counties: https://www2.census.gov/geo/docs/maps-data/data/gazetteer/2024_Gazetteer/2024_Gaz_counties_national.zip
# source_places: https://www2.census.gov/geo/docs/maps-data/data/gazetteer/2024_Gazetteer/2024_Gaz_place_national.zip
# place_filter: dropped LSAD 55=comunidad, 57=CDP, 62=zona urbana (statistical, not governments); every other LSAD kept.
# rows: 3222 counties + 19512 places
level	geoid	state	name	name_key
county	01001	AL	Autauga County	autauga
county	01003	AL	Baldwin County	baldwin
county	01005	AL	Barbour County	barbour
county	01007	AL	Bibb County	bibb
county	01009	AL	Blount County	blount
county	01011	AL	Bullock County	bullock
county	01013	AL	Butler County	butler
county	01015	AL	Calhoun County	calhoun
county	01017	AL	Chambers County	chambers
county	01019	AL	Cherokee County	cherokee
county	01021	AL	Chilton County	chilton
county	01023	AL	Choctaw County	choctaw
county	01025	AL	Clarke County	clarke
county	01027	AL	Clay County	clay
county	01029	AL	Cleburne County	cleburne
county	01031	AL	Coffee County	coffee
county	01033	AL	Colbert County	colbert
county	01035	AL	Conecuh County	conecuh
county	01037	AL	Coosa County	coosa
county	01039	AL	Covington County	covington
county	01041	AL	Crenshaw County	crenshaw
county	01043	AL	Cullman County	cullman
county	01045	AL	Dale County	dale
county	01047	AL	Dallas County	dallas
county	01049	AL	DeKalb County	dekalb
county	01051	AL	Elmore County	elmore
county	01053	AL	Escambia County	escambia
county	01055	AL	Etowah County	etowah
county	01057	AL	Fayette County	fayette
county	01059	AL	Franklin County	franklin
county	01061	AL	Geneva County	geneva
county	01063	AL	Greene County	greene
county	01065	AL	Hale County	hale
county	01067	AL	Henry County	henry
county	01069	AL	Houston County	houston
county	01071	AL	Jackson County	jackson
county	01073	AL	Jefferson County	jefferson
county	01075	AL	Lamar County	lamar
county	01077	AL	Lauderdale County	lauderdale
county	01079	AL	Lawrence County	lawrence
county	01081	AL	Lee County	lee
county	01083	AL	Limestone County	limestone
county	01085	AL	Lowndes County	lowndes
county	01087	AL	Macon County	macon
county	01089	AL	Madison County	madison
county	01091	AL	Marengo County	marengo
county	01093	AL	Marion County	marion
county	01095	AL	Marshall County	marshall
county	01097	AL	Mobile County	mobile
county	01099	AL	Monroe County	monroe
county	01101	AL	Montgomery County	montgomery
county	01103	AL	Morgan County	morgan
county	01105	AL	Perry County	perry
county	01107	AL	Pickens County	pickens
county	01109	AL	Pike County	pike
county	01111	AL	Randolph County	randolph
county	01113	AL	Russell County	russell
county	01115	AL	St. Clair County	st clair
county	01117	AL	Shelby County	shelby
county	01119	AL	Sumter County	sumter
county	01121	AL	Talladega County	talladega
county	01123	AL	Tallapoosa County	tallapoosa
county	01125	AL	Tuscaloosa County	tuscaloosa
county	01127	AL	Walker County	walker
county	01129	AL	Washington County	washington
county	01131	AL	Wilcox County	wilcox
county	01133	AL	Winston County	winston
county	02013	AK	Aleutians East Borough	aleutians east
county	02016	AK	Aleutians West Census Area	aleutians west census area
county	02020	AK	Anchorage Municipality	anchorage municipality
county	02050	AK	Bethel Census Area	bethel census area
county	02060	AK	Bristol Bay Borough	bristol bay
county	02063	AK	Chugach Census Area	chugach census area
county	02066	AK	Copper River Census Area	copper river census area
county	02068	AK	Denali Borough	denali
county	02070	AK	Dillingham Census Area	dillingham census area
county	02090	AK	Fairbanks North Star Borough	fairbanks north star
county	02100	AK	Haines Borough	haines
county	02105	AK	Hoonah-Angoon Census Area	hoonah angoon census area
county	02110	AK	Juneau City and Borough	juneau city and
county	02122	AK	Kenai Peninsula Borough	kenai peninsula
county	02130	AK	Ketchikan Gateway Borough	ketchikan gateway
county	02150	AK	Kodiak Island Borough	kodiak island
county	02158	AK	Kusilvak Census Area	kusilvak census area
county	02164	AK	Lake and Peninsula Borough	lake and peninsula
county	02170	AK	Matanuska-Susitna Borough	matanuska susitna
county	02180	AK	Nome Census Area	nome census area
county	02185	AK	North Slope Borough	north slope
county	02188	AK	Northwest Arctic Borough	northwest arctic
county	02195	AK	Petersburg Borough	petersburg
county	02198	AK	Prince of Wales-Hyder Census Area	prince of wales hyder census area
county	02220	AK	Sitka City and Borough	sitka city and
county	02230	AK	Skagway Municipality	skagway municipality
county	02240	AK	Southeast Fairbanks Census Area	southeast fairbanks census area
county	02275	AK	Wrangell City and Borough	wrangell city and
county	02282	AK	Yakutat City and Borough	yakutat city and
county	02290	AK	Yukon-Koyukuk Census Area	yukon koyukuk census area
county	04001	AZ	Apache County	apache
county	04003	AZ	Cochise County	cochise
county	04005	AZ	Coconino County	coconino
county	04007	AZ	Gila County	gila
county	04009	AZ	Graham County	graham
county	04011	AZ	Greenlee County	greenlee
county	04012	AZ	La Paz County	la paz
county	04013	AZ	Maricopa County	maricopa
county	04015	AZ	Mohave County	mohave
county	04017	AZ	Navajo County	navajo
county	04019	AZ	Pima County	pima
county	04021	AZ	Pinal County	pinal
county	04023	AZ	Santa Cruz County	santa cruz
county	04025	AZ	Yavapai County	yavapai
county	04027	AZ	Yuma County	yuma
county	05001	AR	Arkansas County	arkansas
county	05003	AR	Ashley County	ashley
county	05005	AR	Baxter County	baxter
county	05007	AR	Benton County	benton
county	05009	AR	Boone County	boone
county	05011	AR	Bradley County	bradley
county	05013	AR	Calhoun County	calhoun
county	05015	AR	Carroll County	carroll
county	05017	AR	Chicot County	chicot
county	05019	AR	Clark County	clark
county	05021	AR	Clay County	clay
county	05023	AR	Cleburne County	cleburne
county	05025	AR	Cleveland County	cleveland
county	05027	AR	Columbia County	columbia
county	05029	AR	Conway County	conway
county	05031	AR	Craighead County	craighead
county	05033	AR	Crawford County	crawford
county	05035	AR	Crittenden County	crittenden
county	05037	AR	Cross County	cross
county	05039	AR	Dallas County	dallas
county	05041	AR	Desha County	desha
county	05043	AR	Drew County	drew
county	05045	AR	Faulkner County	faulkner
county	05047	AR	Franklin County	franklin
county	05049	AR	Fulton County	fulton
county	05051	AR	Garland County	garland
county	05053	AR	Grant County	grant
county	05055	AR	Greene County	greene
county	05057	AR	Hempstead County	hempstead
county	05059	AR	Hot Spring County	hot spring
county	05061	AR	Howard County	howard
county	05063	AR	Independence County	independence
county	05065	AR	Izard County	izard
county	05067	AR	Jackson County	jackson
county	05069	AR	Jefferson County	jefferson
county	05071	AR	Johnson County	johnson
county	05073	AR	Lafayette County	lafayette
county	05075	AR	Lawrence County	lawrence
county	05077	AR	Lee County	lee
county	05079	AR	Lincoln County	lincoln
county	05081	AR	Little River County	little river
county	05083	AR	Logan County	logan
county	05085	AR	Lonoke County	lonoke
county	05087	AR	Madison County	madison
county	05089	AR	Marion County	marion
county	05091	AR	Miller County	miller
county	05093	AR	Mississippi County	mississippi
county	05095	AR	Monroe County	monroe
county	05097	AR	Montgomery County	montgomery
county	05099	AR	Nevada County	nevada
county	05101	AR	Newton County	newton
county	05103	AR	Ouachita County	ouachita
county	05105	AR	Perry County	perry
county	05107	AR	Phillips County	phillips
county	05109	AR	Pike County	pike
county	05111	AR	Poinsett County	poinsett
county	05113	AR	Polk County	polk
county	05115	AR	Pope County	pope
county	05117	AR	Prairie County	prairie
county	05119	AR	Pulaski County	pulaski
county	05121	AR	Randolph County	randolph
county	05123	AR	St. Francis County	st francis
county	05125	AR	Saline County	saline
county	05127	AR	Scott County	scott
county	05129	AR	Searcy County	searcy
county	05131	AR	Sebastian County	sebastian
county	05133	AR	Sevier County	sevier
county	05135	AR	Sharp County	sharp
county	05137	AR	Stone County	stone
county	05139	AR	Union County	union
county	05141	AR	Van Buren County	van buren
county	05143	AR	Washington County	washington
county	05145	AR	White County	white
county	05147	AR	Woodruff County	woodruff
county	05149	AR	Yell County	yell
county	06001	CA	Alameda County	alameda
county	06003	CA	Alpine County	alpine
county	06005	CA	Amador County	amador
county	06007	CA	Butte County	butte
county	06009	CA	Calaveras County	calaveras
county	06011	CA	Colusa County	colusa
county	06013	CA	Contra Costa County	contra costa
county	06015	CA	Del Norte County	del norte
county	06017	CA	El Dorado County	el dorado
county	06019	CA	Fresno County	fresno
county	06021	CA	Glenn County	glenn
county	06023	CA	Humboldt County	humboldt
county	06025	CA	Imperial County	imperial
county	06027	CA	Inyo County	inyo
county	06029	CA	Kern County	kern
county	06031	CA	Kings County	kings
county	06033	CA	Lake County	lake
county	06035	CA	Lassen County	lassen
county	06037	CA	Los Angeles County	los angeles
county	06039	CA	Madera County	madera
county	06041	CA	Marin County	marin
county	06043	CA	Mariposa County	mariposa
county	06045	CA	Mendocino County	mendocino
county	06047	CA	Merced County	merced
county	06049	CA	Modoc County	modoc
county	06051	CA	Mono County	mono
county	06053	CA	Monterey County	monterey
county	06055	CA	Napa County	napa
county	06057	CA	Nevada County	nevada
county	06059	CA	Orange County	orange
county	06061	CA	Placer County	placer
county	06063	CA	Plumas County	plumas
county	06065	CA	Riverside County	riverside
county	06067	CA	Sacramento County	sacramento
county	06069	CA	San Benito County	san benito
county	06071	CA	San Bernardino County	san bernardino
county	06073	CA	San Diego County	san diego
county	06075	CA	San Francisco County	san francisco
county	06077	CA	San Joaquin County	san joaquin
county	06079	CA	San Luis Obispo County	san luis obispo
county	06081	CA	San Mateo County	san mateo
county	06083	CA	Santa Barbara County	santa barbara
county	06085	CA	Santa Clara County	santa clara
county	06087	CA	Santa Cruz County	santa cruz
county	06089	CA	Shasta County	shasta
county	06091	CA	Sierra County	sierra
county	06093	CA	Siskiyou County	siskiyou
county	06095	CA	Solano County	solano
county	06097	CA	Sonoma County	sonoma
county	06099	CA	Stanislaus County	stanislaus
county	06101	CA	Sutter County	sutter
county	06103	CA	Tehama County	tehama
county	06105	CA	Trinity County	trinity
county	06107	CA	Tulare County	tulare
county	06109	CA	Tuolumne County	tuolumne
county	06111	CA	Ventura County	ventura
county	06113	CA	Yolo County	yolo
county	06115	CA	Yuba County	yuba
county	08001	CO	Adams County	adams
county	08003	CO	Alamosa County	alamosa
county	08005	CO	Arapahoe County	arapahoe
county	08007	CO	Archuleta County	archuleta
county	08009	CO	Baca County	baca
county	08011	CO	Bent County	bent
county	08013	CO	Boulder County	boulder
county	08014	CO	Broomfield County	broomfield
county	08015	CO	Chaffee County	chaffee
county	08017	CO	Cheyenne County	cheyenne
county	08019	CO	Clear Creek County	clear creek
county	08021	CO	Conejos County	conejos
county	08023	CO	Costilla County	costilla
county	08025	CO	Crowley County	crowley
county	08027	CO	Custer County	custer
county	08029	CO	Delta County	delta
county	08031	CO	Denver County	denver
county	08033	CO	Dolores County	dolores
county	08035	CO	Douglas County	douglas
county	08037	CO	Eagle County	eagle
county	08039	CO	Elbert County	elbert
county	08041	CO	El Paso County	el paso
county	08043	CO	Fremont County	fremont
county	08045	CO	Garfield County	garfield
county	08047	CO	Gilpin County	gilpin
county	08049	CO	Grand County	grand
county	08051	CO	Gunnison County	gunnison
county	08053	CO	Hinsdale County	hinsdale
county	08055	CO	Huerfano County	huerfano
county	08057	CO	Jackson County	jackson
county	08059	CO	Jefferson County	jefferson
county	08061	CO	Kiowa County	kiowa
county	08063	CO	Kit Carson County	kit carson
county	08065	CO	Lake County	lake
county	08067	CO	La Plata County	la plata
county	08069	CO	Larimer County	larimer
county	08071	CO	Las Animas County	las animas
county	08073	CO	Lincoln County	lincoln
county	08075	CO	Logan County	logan
county	08077	CO	Mesa County	mesa
county	08079	CO	Mineral County	mineral
county	08081	CO	Moffat County	moffat
county	08083	CO	Montezuma County	montezuma
county	08085	CO	Montrose County	montrose
county	08087	CO	Morgan County	morgan
county	08089	CO	Otero County	otero
county	08091	CO	Ouray County	ouray
county	08093	CO	Park County	park
county	08095	CO	Phillips County	phillips
county	08097	CO	Pitkin County	pitkin
county	08099	CO	Prowers County	prowers
county	08101	CO	Pueblo County	pueblo
county	08103	CO	Rio Blanco County	rio blanco
county	08105	CO	Rio Grande County	rio grande
county	08107	CO	Routt County	routt
county	08109	CO	Saguache County	saguache
county	08111	CO	San Juan County	san juan
county	08113	CO	San Miguel County	san miguel
county	08115	CO	Sedgwick County	sedgwick
county	08117	CO	Summit County	summit
county	08119	CO	Teller County	teller
county	08121	CO	Washington County	washington
county	08123	CO	Weld County	weld
county	08125	CO	Yuma County	yuma
county	09110	CT	Capitol Planning Region	capitol planning region
county	09120	CT	Greater Bridgeport Planning Region	greater bridgeport planning region
county	09130	CT	Lower Connecticut River Valley Planning Region	lower connecticut river valley planning region
county	09140	CT	Naugatuck Valley Planning Region	naugatuck valley planning region
county	09150	CT	Northeastern Connecticut Planning Region	northeastern connecticut planning region
county	09160	CT	Northwest Hills Planning Region	northwest hills planning region
county	09170	CT	South Central Connecticut Planning Region	south central connecticut planning region
county	09180	CT	Southeastern Connecticut Planning Region	southeastern connecticut planning region
county	09190	CT	Western Connecticut Planning Region	western connecticut planning region
county	10001	DE	Kent County	kent
county	10003	DE	New Castle County	new castle
county	10005	DE	Sussex County	sussex
county	11001	DC	District of Columbia	district of columbia
county	12001	FL	Alachua County	alachua
county	12003	FL	Baker County	baker
county	12005	FL	Bay County	bay
county	12007	FL	Bradford County	bradford
county	12009	FL	Brevard County	brevard
county	12011	FL	Broward County	broward
county	12013	FL	Calhoun County	calhoun
county	12015	FL	Charlotte County	charlotte
county	12017	FL	Citrus County	citrus
county	12019	FL	Clay County	clay
county	12021	FL	Collier County	collier
county	12023	FL	Columbia County	columbia
county	12027	FL	DeSoto County	desoto
county	12029	FL	Dixie County	dixie
county	12031	FL	Duval County	duval
county	12033	FL	Escambia County	escambia
county	12035	FL	Flagler County	flagler
county	12037	FL	Franklin County	franklin
county	12039	FL	Gadsden County	gadsden
county	12041	FL	Gilchrist County	gilchrist
county	12043	FL	Glades County	glades
county	12045	FL	Gulf County	gulf
county	12047	FL	Hamilton County	hamilton
county	12049	FL	Hardee County	hardee
county	12051	FL	Hendry County	hendry
county	12053	FL	Hernando County	hernando
county	12055	FL	Highlands County	highlands
county	12057	FL	Hillsborough County	hillsborough
county	12059	FL	Holmes County	holmes
county	12061	FL	Indian River County	indian river
county	12063	FL	Jackson County	jackson
county	12065	FL	Jefferson County	jefferson
county	12067	FL	Lafayette County	lafayette
county	12069	FL	Lake County	lake
county	12071	FL	Lee County	lee
county	12073	FL	Leon County	leon
county	12075	FL	Levy County	levy
county	12077	FL	Liberty County	liberty
county	12079	FL	Madison County	madison
county	12081	FL	Manatee County	manatee
county	12083	FL	Marion County	marion
county	12085	FL	Martin County	martin
county	12086	FL	Miami-Dade County	miami dade
county	12087	FL	Monroe County	monroe
county	12089	FL	Nassau County	nassau
county	12091	FL	Okaloosa County	okaloosa
county	12093	FL	Okeechobee County	okeechobee
county	12095	FL	Orange County	orange
county	12097	FL	Osceola County	osceola
county	12099	FL	Palm Beach County	palm beach
county	12101	FL	Pasco County	pasco
county	12103	FL	Pinellas County	pinellas
county	12105	FL	Polk County	polk
county	12107	FL	Putnam County	putnam
county	12109	FL	St. Johns County	st johns
county	12111	FL	St. Lucie County	st lucie
county	12113	FL	Santa Rosa County	santa rosa
county	12115	FL	Sarasota County	sarasota
county	12117	FL	Seminole County	seminole
county	12119	FL	Sumter County	sumter
county	12121	FL	Suwannee County	suwannee
county	12123	FL	Taylor County	taylor
county	12125	FL	Union County	union
county	12127	FL	Volusia County	volusia
county	12129	FL	Wakulla County	wakulla
county	12131	FL	Walton County	walton
county	12133	FL	Washington County	washington
county	13001	GA	Appling County	appling
county	13003	GA	Atkinson County	atkinson
county	13005	GA	Bacon County	bacon
county	13007	GA	Baker County	baker
county	13009	GA	Baldwin County	baldwin
county	13011	GA	Banks County	banks
county	13013	GA	Barrow County	barrow
county	13015	GA	Bartow County	bartow
county	13017	GA	Ben Hill County	ben hill
county	13019	GA	Berrien County	berrien
county	13021	GA	Bibb County	bibb
county	13023	GA	Bleckley County	bleckley
county	13025	GA	Brantley County	brantley
county	13027	GA	Brooks County	brooks
county	13029	GA	Bryan County	bryan
county	13031	GA	Bulloch County	bulloch
county	13033	GA	Burke County	burke
county	13035	GA	Butts County	butts
county	13037	GA	Calhoun County	calhoun
county	13039	GA	Camden County	camden
county	13043	GA	Candler County	candler
county	13045	GA	Carroll County	carroll
county	13047	GA	Catoosa County	catoosa
county	13049	GA	Charlton County	charlton
county	13051	GA	Chatham County	chatham
county	13053	GA	Chattahoochee County	chattahoochee
county	13055	GA	Chattooga County	chattooga
county	13057	GA	Cherokee County	cherokee
county	13059	GA	Clarke County	clarke
county	13061	GA	Clay County	clay
county	13063	GA	Clayton County	clayton
county	13065	GA	Clinch County	clinch
county	13067	GA	Cobb County	cobb
county	13069	GA	Coffee County	coffee
county	13071	GA	Colquitt County	colquitt
county	13073	GA	Columbia County	columbia
county	13075	GA	Cook County	cook
county	13077	GA	Coweta County	coweta
county	13079	GA	Crawford County	crawford
county	13081	GA	Crisp County	crisp
county	13083	GA	Dade County	dade
county	13085	GA	Dawson County	dawson
county	13087	GA	Decatur County	decatur
county	13089	GA	DeKalb County	dekalb
county	13091	GA	Dodge County	dodge
county	13093	GA	Dooly County	dooly
county	13095	GA	Dougherty County	dougherty
county	13097	GA	Douglas County	douglas
county	13099	GA	Early County	early
county	13101	GA	Echols County	echols
county	13103	GA	Effingham County	effingham
county	13105	GA	Elbert County	elbert
county	13107	GA	Emanuel County	emanuel
county	13109	GA	Evans County	evans
county	13111	GA	Fannin County	fannin
county	13113	GA	Fayette County	fayette
county	13115	GA	Floyd County	floyd
county	13117	GA	Forsyth County	forsyth
county	13119	GA	Franklin County	franklin
county	13121	GA	Fulton County	fulton
county	13123	GA	Gilmer County	gilmer
county	13125	GA	Glascock County	glascock
county	13127	GA	Glynn County	glynn
county	13129	GA	Gordon County	gordon
county	13131	GA	Grady County	grady
county	13133	GA	Greene County	greene
county	13135	GA	Gwinnett County	gwinnett
county	13137	GA	Habersham County	habersham
county	13139	GA	Hall County	hall
county	13141	GA	Hancock County	hancock
county	13143	GA	Haralson County	haralson
county	13145	GA	Harris County	harris
county	13147	GA	Hart County	hart
county	13149	GA	Heard County	heard
county	13151	GA	Henry County	henry
county	13153	GA	Houston County	houston
county	13155	GA	Irwin County	irwin
county	13157	GA	Jackson County	jackson
county	13159	GA	Jasper County	jasper
county	13161	GA	Jeff Davis County	jeff davis
county	13163	GA	Jefferson County	jefferson
county	13165	GA	Jenkins County	jenkins
county	13167	GA	Johnson County	johnson
county	13169	GA	Jones County	jones
county	13171	GA	Lamar County	lamar
county	13173	GA	Lanier County	lanier
county	13175	GA	Laurens County	laurens
county	13177	GA	Lee County	lee
county	13179	GA	Liberty County	liberty
county	13181	GA	Lincoln County	lincoln
county	13183	GA	Long County	long
county	13185	GA	Lowndes County	lowndes
county	13187	GA	Lumpkin County	lumpkin
county	13189	GA	McDuffie County	mcduffie
county	13191	GA	McIntosh County	mcintosh
county	13193	GA	Macon County	macon
county	13195	GA	Madison County	madison
county	13197	GA	Marion County	marion
county	13199	GA	Meriwether County	meriwether
county	13201	GA	Miller County	miller
county	13205	GA	Mitchell County	mitchell
county	13207	GA	Monroe County	monroe
county	13209	GA	Montgomery County	montgomery
county	13211	GA	Morgan County	morgan
county	13213	GA	Murray County	murray
county	13215	GA	Muscogee County	muscogee
county	13217	GA	Newton County	newton
county	13219	GA	Oconee County	oconee
county	13221	GA	Oglethorpe County	oglethorpe
county	13223	GA	Paulding County	paulding
county	13225	GA	Peach County	peach
county	13227	GA	Pickens County	pickens
county	13229	GA	Pierce County	pierce
county	13231	GA	Pike County	pike
county	13233	GA	Polk County	polk
county	13235	GA	Pulaski County	pulaski
county	13237	GA	Putnam County	putnam
county	13239	GA	Quitman County	quitman
county	13241	GA	Rabun County	rabun
county	13243	GA	Randolph County	randolph
county	13245	GA	Richmond County	richmond
county	13247	GA	Rockdale County	rockdale
county	13249	GA	Schley County	schley
county	13251	GA	Screven County	screven
county	13253	GA	Seminole County	seminole
county	13255	GA	Spalding County	spalding
county	13257	GA	Stephens County	stephens
county	13259	GA	Stewart County	stewart
county	13261	GA	Sumter County	sumter
county	13263	GA	Talbot County	talbot
county	13265	GA	Taliaferro County	taliaferro
county	13267	GA	Tattnall County	tattnall
county	13269	GA	Taylor County	taylor
county	13271	GA	Telfair County	telfair
county	13273	GA	Terrell County	terrell
county	13275	GA	Thomas County	thomas
county	13277	GA	Tift County	tift
county	13279	GA	Toombs County	toombs
county	13281	GA	Towns County	towns
county	13283	GA	Treutlen County	treutlen
county	13285	GA	Troup County	troup
county	13287	GA	Turner County	turner
county	13289	GA	Twiggs County	twiggs
county	13291	GA	Union County	union
county	13293	GA	Upson County	upson
county	13295	GA	Walker County	walker
county	13297	GA	Walton County	walton
county	13299	GA	Ware County	ware
county	13301	GA	Warren County	warren
county	13303	GA	Washington County	washington
county	13305	GA	Wayne County	wayne
county	13307	GA	Webster County	webster
county	13309	GA	Wheeler County	wheeler
county	13311	GA	White County	white
county	13313	GA	Whitfield County	whitfield
county	13315	GA	Wilcox County	wilcox
county	13317	GA	Wilkes County	wilkes
county	13319	GA	Wilkinson County	wilkinson
county	13321	GA	Worth County	worth
county	15001	HI	Hawaii County	hawaii
county	15003	HI	Honolulu County	honolulu
county	15005	HI	Kalawao County	kalawao
county	15007	HI	Kauai County	kauai
county	15009	HI	Maui County	maui
county	16001	ID	Ada County	ada
county	16003	ID	Adams County	adams
county	16005	ID	Bannock County	bannock
county	16007	ID	Bear Lake County	bear lake
county	16009	ID	Benewah County	benewah
county	16011	ID	Bingham County	bingham
county	16013	ID	Blaine County	blaine
county	16015	ID	Boise County	boise
county	16017	ID	Bonner County	bonner
county	16019	ID	Bonneville County	bonneville
county	16021	ID	Boundary County	boundary
county	16023	ID	Butte County	butte
county	16025	ID	Camas County	camas
county	16027	ID	Canyon County	canyon
county	16029	ID	Caribou County	caribou
county	16031	ID	Cassia County	cassia
county	16033	ID	Clark County	clark
county	16035	ID	Clearwater County	clearwater
county	16037	ID	Custer County	custer
county	16039	ID	Elmore County	elmore
county	16041	ID	Franklin County	franklin
county	16043	ID	Fremont County	fremont
county	16045	ID	Gem County	gem
county	16047	ID	Gooding County	gooding
county	16049	ID	Idaho County	idaho
county	16051	ID	Jefferson County	jefferson
county	16053	ID	Jerome County	jerome
county	16055	ID	Kootenai County	kootenai
county	16057	ID	Latah County	latah
county	16059	ID	Lemhi County	lemhi
county	16061	ID	Lewis County	lewis
county	16063	ID	Lincoln County	lincoln
county	16065	ID	Madison County	madison
county	16067	ID	Minidoka County	minidoka
county	16069	ID	Nez Perce County	nez perce
county	16071	ID	Oneida County	oneida
county	16073	ID	Owyhee County	owyhee
county	16075	ID	Payette County	payette
county	16077	ID	Power County	power
county	16079	ID	Shoshone County	shoshone
county	16081	ID	Teton County	teton
county	16083	ID	Twin Falls County	twin falls
county	16085	ID	Valley County	valley
county	16087	ID	Washington County	washington
county	17001	IL	Adams County	adams
county	17003	IL	Alexander County	alexander
county	17005	IL	Bond County	bond
county	17007	IL	Boone County	boone
county	17009	IL	Brown County	brown
county	17011	IL	Bureau County	bureau
county	17013	IL	Calhoun County	calhoun
county	17015	IL	Carroll County	carroll
county	17017	IL	Cass County	cass
county	17019	IL	Champaign County	champaign
county	17021	IL	Christian County	christian
county	17023	IL	Clark County	clark
county	17025	IL	Clay County	clay
county	17027	IL	Clinton County	clinton
county	17029	IL	Coles County	coles
county	17031	IL	Cook County	cook
county	17033	IL	Crawford County	crawford
county	17035	IL	Cumberland County	cumberland
county	17037	IL	DeKalb County	dekalb
county	17039	IL	De Witt County	de witt
county	17041	IL	Douglas County	douglas
county	17043	IL	DuPage County	dupage
county	17045	IL	Edgar County	edgar
county	17047	IL	Edwards County	edwards
county	17049	IL	Effingham County	effingham
county	17051	IL	Fayette County	fayette
county	17053	IL	Ford County	ford
county	17055	IL	Franklin County	franklin
county	17057	IL	Fulton County	fulton
county	17059	IL	Gallatin County	gallatin
county	17061	IL	Greene County	greene
county	17063	IL	Grundy County	grundy
county	17065	IL	Hamilton County	hamilton
county	17067	IL	Hancock County	hancock
county	17069	IL	Hardin County	hardin
county	17071	IL	Henderson County	henderson
county	17073	IL	Henry County	henry
county	17075	IL	Iroquois County	iroquois
county	17077	IL	Jackson County	jackson
county	17079	IL	Jasper County	jasper
county	17081	IL	Jefferson County	jefferson
county	17083	IL	Jersey County	jersey
county	17085	IL	Jo Daviess County	jo daviess
county	17087	IL	Johnson County	johnson
county	17089	IL	Kane County	kane
county	17091	IL	Kankakee County	kankakee
county	17093	IL	Kendall County	kendall
county	17095	IL	Knox County	knox
county	17097	IL	Lake County	lake
county	17099	IL	LaSalle County	lasalle
county	17101	IL	Lawrence County	lawrence
county	17103	IL	Lee County	lee
county	17105	IL	Livingston County	livingston
county	17107	IL	Logan County	logan
county	17109	IL	McDonough County	mcdonough
county	17111	IL	McHenry County	mchenry
county	17113	IL	McLean County	mclean
county	17115	IL	Macon County	macon
county	17117	IL	Macoupin County	macoupin
county	17119	IL	Madison County	madison
county	17121	IL	Marion County	marion
county	17123	IL	Marshall County	marshall
county	17125	IL	Mason County	mason
county	17127	IL	Massac County	massac
county	17129	IL	Menard County	menard
county	17131	IL	Mercer County	mercer
county	17133	IL	Monroe County	monroe
county	17135	IL	Montgomery County	montgomery
county	17137	IL	Morgan County	morgan
county	17139	IL	Moultrie County	moultrie
county	17141	IL	Ogle County	ogle
county	17143	IL	Peoria County	peoria
county	17145	IL	Perry County	perry
county	17147	IL	Piatt County	piatt
county	17149	IL	Pike County	pike
county	17151	IL	Pope County	pope
county	17153	IL	Pulaski County	pulaski
county	17155	IL	Putnam County	putnam
county	17157	IL	Randolph County	randolph
county	17159	IL	Richland County	richland
county	17161	IL	Rock Island County	rock island
county	17163	IL	St. Clair County	st clair
county	17165	IL	Saline County	saline
county	17167	IL	Sangamon County	sangamon
county	17169	IL	Schuyler County	schuyler
county	17171	IL	Scott County	scott
county	17173	IL	Shelby County	shelby
county	17175	IL	Stark County	stark
county	17177	IL	Stephenson County	stephenson
county	17179	IL	Tazewell County	tazewell
county	17181	IL	Union County	union
county	17183	IL	Vermilion County	vermilion
county	17185	IL	Wabash County	wabash
county	17187	IL	Warren County	warren
county	17189	IL	Washington County	washington
county	17191	IL	Wayne County	wayne
county	17193	IL	White County	white
county	17195	IL	Whiteside County	whiteside
county	17197	IL	Will County	will
county	17199	IL	Williamson County	williamson
county	17201	IL	Winnebago County	winnebago
county	17203	IL	Woodford County	woodford
county	18001	IN	Adams County	adams
county	18003	IN	Allen County	allen
county	18005	IN	Bartholomew County	bartholomew
county	18007	IN	Benton County	benton
county	18009	IN	Blackford County	blackford
county	18011	IN	Boone County	boone
county	18013	IN	Brown County	brown
county	18015	IN	Carroll County	carroll
county	18017	IN	Cass County	cass
county	18019	IN	Clark County	clark
county	18021	IN	Clay County	clay
county	18023	IN	Clinton County	clinton
county	18025	IN	Crawford County	crawford
county	18027	IN	Daviess County	daviess
county	18029	IN	Dearborn County	dearborn
county	18031	IN	Decatur County	decatur
county	18033	IN	DeKalb County	dekalb
county	18035	IN	Delaware County	delaware
county	18037	IN	Dubois County	dubois
county	18039	IN	Elkhart County	elkhart
county	18041	IN	Fayette County	fayette
county	18043	IN	Floyd County	floyd
county	18045	IN	Fountain County	fountain
county	18047	IN	Franklin County	franklin
county	18049	IN	Fulton County	fulton
county	18051	IN	Gibson County	gibson
county	18053	IN	Grant County	grant
county	18055	IN	Greene County	greene
county	18057	IN	Hamilton County	hamilton
county	18059	IN	Hancock County	hancock
county	18061	IN	Harrison County	harrison
county	18063	IN	Hendricks County	hendricks
county	18065	IN	Henry County	henry
county	18067	IN	Howard County	howard
county	18069	IN	Huntington County	huntington
county	18071	IN	Jackson County	jackson
county	18073	IN	Jasper County	jasper
county	18075	IN	Jay County	jay
county	18077	IN	Jefferson County	jefferson
county	18079	IN	Jennings County	jennings
county	18081	IN	Johnson County	johnson
county	18083	IN	Knox County	knox
county	18085	IN	Kosciusko County	kosciusko
county	18087	IN	LaGrange County	lagrange
county	18089	IN	Lake County	lake
county	18091	IN	LaPorte County	laporte
county	18093	IN	Lawrence County	lawrence
county	18095	IN	Madison County	madison
county	18097	IN	Marion County	marion
county	18099	IN	Marshall County	marshall
county	18101	IN	Martin County	martin
county	18103	IN	Miami County	miami
county	18105	IN	Monroe County	monroe
county	18107	IN	Montgomery County	montgomery
county	18109	IN	Morgan County	morgan
county	18111	IN	Newton County	newton
county	18113	IN	Noble County	noble
county	18115	IN	Ohio County	ohio
county	18117	IN	Orange County	orange
county	18119	IN	Owen County	owen
county	18121	IN	Parke County	parke
county	18123	IN	Perry County	perry
county	18125	IN	Pike County	pike
county	18127	IN	Porter County	porter
county	18129	IN	Posey County	posey
county	18131	IN	Pulaski County	pulaski
county	18133	IN	Putnam County	putnam
county	18135	IN	Randolph County	randolph
county	18137	IN	Ripley County	ripley
county	18139	IN	Rush County	rush
county	18141	IN	St. Joseph County	st joseph
county	18143	IN	Scott County	scott
county	18145	IN	Shelby County	shelby
county	18147	IN	Spencer County	spencer
county	18149	IN	Starke County	starke
county	18151	IN	Steuben County	steuben
county	18153	IN	Sullivan County	sullivan
county	18155	IN	Switzerland County	switzerland
county	18157	IN	Tippecanoe County	tippecanoe
county	18159	IN	Tipton County	tipton
county	18161	IN	Union County	union
county	18163	IN	Vanderburgh County	vanderburgh
county	18165	IN	Vermillion County	vermillion
county	18167	IN	Vigo County	vigo
county	18169	IN	Wabash County	wabash
county	18171	IN	Warren County	warren
county	18173	IN	Warrick County	warrick
county	18175	IN	Washington County	washington
county	18177	IN	Wayne County	wayne
county	18179	IN	Wells County	wells
county	18181	IN	White County	white
county	18183	IN	Whitley County	whitley
county	19001	IA	Adair County	adair
county	19003	IA	Adams County	adams
county	19005	IA	Allamakee County	allamakee
county	19007	IA	Appanoose County	appanoose
county	19009	IA	Audubon County	audubon
county	19011	IA	Benton County	benton
county	19013	IA	Black Hawk County	black hawk
county	19015	IA	Boone County	boone
county	19017	IA	Bremer County	bremer
county	19019	IA	Buchanan County	buchanan
county	19021	IA	Buena Vista County	buena vista
county	19023	IA	Butler County	butler
county	19025	IA	Calhoun County	calhoun
county	19027	IA	Carroll County	carroll
county	19029	IA	Cass County	cass
county	19031	IA	Cedar County	cedar
county	19033	IA	Cerro Gordo County	cerro gordo
county	19035	IA	Cherokee County	cherokee
county	19037	IA	Chickasaw County	chickasaw
county	19039	IA	Clarke County	clarke
county	19041	IA	Clay County	clay
county	19043	IA	Clayton County	clayton
county	19045	IA	Clinton County	clinton
county	19047	IA	Crawford County	crawford
county	19049	IA	Dallas County	dallas
county	19051	IA	Davis County	davis
county	19053	IA	Decatur County	decatur
county	19055	IA	Delaware County	delaware
county	19057	IA	Des Moines County	des moines
county	19059	IA	Dickinson County	dickinson
county	19061	IA	Dubuque County	dubuque
county	19063	IA	Emmet County	emmet
county	19065	IA	Fayette County	fayette
county	19067	IA	Floyd County	floyd
county	19069	IA	Franklin County	franklin
county	19071	IA	Fremont County	fremont
county	19073	IA	Greene County	greene
county	19075	IA	Grundy County	grundy
county	19077	IA	Guthrie County	guthrie
county	19079	IA	Hamilton County	hamilton
county	19081	IA	Hancock County	hancock
county	19083	IA	Hardin County	hardin
county	19085	IA	Harrison County	harrison
county	19087	IA	Henry County	henry
county	19089	IA	Howard County	howard
county	19091	IA	Humboldt County	humboldt
county	19093	IA	Ida County	ida
county	19095	IA	Iowa County	iowa
county	19097	IA	Jackson County	jackson
county	19099	IA	Jasper County	jasper
county	19101	IA	Jefferson County	jefferson
county	19103	IA	Johnson County	johnson
county	19105	IA	Jones County	jones
county	19107	IA	Keokuk County	keokuk
county	19109	IA	Kossuth County	kossuth
county	19111	IA	Lee County	lee
county	19113	IA	Linn County	linn
county	19115	IA	Louisa County	louisa
county	19117	IA	Lucas County	lucas
county	19119	IA	Lyon County	lyon
county	19121	IA	Madison County	madison
county	19123	IA	Mahaska County	mahaska
county	19125	IA	Marion County	marion
county	19127	IA	Marshall County	marshall
county	19129	IA	Mills County	mills
county	19131	IA	Mitchell County	mitchell
county	19133	IA	Monona County	monona
county	19135	IA	Monroe County	monroe
county	19137	IA	Montgomery County	montgomery
county	19139	IA	Muscatine County	muscatine
county	19141	IA	O'Brien County	obrien
county	19143	IA	Osceola County	osceola
county	19145	IA	Page County	page
county	19147	IA	Palo Alto County	palo alto
county	19149	IA	Plymouth County	plymouth
county	19151	IA	Pocahontas County	pocahontas
county	19153	IA	Polk County	polk
county	19155	IA	Pottawattamie County	pottawattamie
county	19157	IA	Poweshiek County	poweshiek
county	19159	IA	Ringgold County	ringgold
county	19161	IA	Sac County	sac
county	19163	IA	Scott County	scott
county	19165	IA	Shelby County	shelby
county	19167	IA	Sioux County	sioux
county	19169	IA	Story County	story
county	19171	IA	Tama County	tama
county	19173	IA	Taylor County	taylor
county	19175	IA	Union County	union
county	19177	IA	Van Buren County	van buren
county	19179	IA	Wapello County	wapello
county	19181	IA	Warren County	warren
county	19183	IA	Washington County	washington
county	19185	IA	Wayne County	wayne
county	19187	IA	Webster County	webster
county	19189	IA	Winnebago County	winnebago
county	19191	IA	Winneshiek County	winneshiek
county	19193	IA	Woodbury County	woodbury
county	19195	IA	Worth County	worth
county	19197	IA	Wright County	wright
county	20001	KS	Allen County	allen
county	20003	KS	Anderson County	anderson
county	20005	KS	Atchison County	atchison
county	20007	KS	Barber County	barber
county	20009	KS	Barton County	barton
county	20011	KS	Bourbon County	bourbon
county	20013	KS	Brown County	brown
county	20015	KS	Butler County	butler
county	20017	KS	Chase County	chase
county	20019	KS	Chautauqua County	chautauqua
county	20021	KS	Cherokee County	cherokee
county	20023	KS	Cheyenne County	cheyenne
county	20025	KS	Clark County	clark
county	20027	KS	Clay County	clay
county	20029	KS	Cloud County	cloud
county	20031	KS	Coffey County	coffey
county	20033	KS	Comanche County	comanche
county	20035	KS	Cowley County	cowley
county	20037	KS	Crawford County	crawford
county	20039	KS	Decatur County	decatur
county	20041	KS	Dickinson County	dickinson
county	20043	KS	Doniphan County	doniphan
county	20045	KS	Douglas County	douglas
county	20047	KS	Edwards County	edwards
county	20049	KS	Elk County	elk
county	20051	KS	Ellis County	ellis
county	20053	KS	Ellsworth County	ellsworth
county	20055	KS	Finney County	finney
county	20057	KS	Ford County	ford
county	20059	KS	Franklin County	franklin
county	20061	KS	Geary County	geary
county	20063	KS	Gove County	gove
county	20065	KS	Graham County	graham
county	20067	KS	Grant County	grant
county	20069	KS	Gray County	gray
county	20071	KS	Greeley County	greeley
county	20073	KS	Greenwood County	greenwood
county	20075	KS	Hamilton County	hamilton
county	20077	KS	Harper County	harper
county	20079	KS	Harvey County	harvey
county	20081	KS	Haskell County	haskell
county	20083	KS	Hodgeman County	hodgeman
county	20085	KS	Jackson County	jackson
county	20087	KS	Jefferson County	jefferson
county	20089	KS	Jewell County	jewell
county	20091	KS	Johnson County	johnson
county	20093	KS	Kearny County	kearny
county	20095	KS	Kingman County	kingman
county	20097	KS	Kiowa County	kiowa
county	20099	KS	Labette County	labette
county	20101	KS	Lane County	lane
county	20103	KS	Leavenworth County	leavenworth
county	20105	KS	Lincoln County	lincoln
county	20107	KS	Linn County	linn
county	20109	KS	Logan County	logan
county	20111	KS	Lyon County	lyon
county	20113	KS	McPherson County	mcpherson
county	20115	KS	Marion County	marion
county	20117	KS	Marshall County	marshall
county	20119	KS	Meade County	meade
county	20121	KS	Miami County	miami
county	20123	KS	Mitchell County	mitchell
county	20125	KS	Montgomery County	montgomery
county	20127	KS	Morris County	morris
county	20129	KS	Morton County	morton
county	20131	KS	Nemaha County	nemaha
county	20133	KS	Neosho County	neosho
county	20135	KS	Ness County	ness
county	20137	KS	Norton County	norton
county	20139	KS	Osage County	osage
county	20141	KS	Osborne County	osborne
county	20143	KS	Ottawa County	ottawa
county	20145	KS	Pawnee County	pawnee
county	20147	KS	Phillips County	phillips
county	20149	KS	Pottawatomie County	pottawatomie
county	20151	KS	Pratt County	pratt
county	20153	KS	Rawlins County	rawlins
county	20155	KS	Reno County	reno
county	20157	KS	Republic County	republic
county	20159	KS	Rice County	rice
county	20161	KS	Riley County	riley
county	20163	KS	Rooks County	rooks
county	20165	KS	Rush County	rush
county	20167	KS	Russell County	russell
county	20169	KS	Saline County	saline
county	20171	KS	Scott County	scott
county	20173	KS	Sedgwick County	sedgwick
county	20175	KS	Seward County	seward
county	20177	KS	Shawnee County	shawnee
county	20179	KS	Sheridan County	sheridan
county	20181	KS	Sherman County	sherman
county	20183	KS	Smith County	smith
county	20185	KS	Stafford County	stafford
county	20187	KS	Stanton County	stanton
county	20189	KS	Stevens County	stevens
county	20191	KS	Sumner County	sumner
county	20193	KS	Thomas County	thomas
county	20195	KS	Trego County	trego
county	20197	KS	Wabaunsee County	wabaunsee
county	20199	KS	Wallace County	wallace
county	20201	KS	Washington County	washington
county	20203	KS	Wichita County	wichita
county	20205	KS	Wilson County	wilson
county	20207	KS	Woodson County	woodson
county	20209	KS	Wyandotte County	wyandotte
county	21001	KY	Adair County	adair
county	21003	KY	Allen County	allen
county	21005	KY	Anderson County	anderson
county	21007	KY	Ballard County	ballard
county	21009	KY	Barren County	barren
county	21011	KY	Bath County	bath
county	21013	KY	Bell County	bell
county	21015	KY	Boone County	boone
county	21017	KY	Bourbon County	bourbon
county	21019	KY	Boyd County	boyd
county	21021	KY	Boyle County	boyle
county	21023	KY	Bracken County	bracken
county	21025	KY	Breathitt County	breathitt
county	21027	KY	Breckinridge County	breckinridge
county	21029	KY	Bullitt County	bullitt
county	21031	KY	Butler County	butler
county	21033	KY	Caldwell County	caldwell
county	21035	KY	Calloway County	calloway
county	21037	KY	Campbell County	campbell
county	21039	KY	Carlisle County	carlisle
county	21041	KY	Carroll County	carroll
county	21043	KY	Carter County	carter
county	21045	KY	Casey County	casey
county	21047	KY	Christian County	christian
county	21049	KY	Clark County	clark
county	21051	KY	Clay County	clay
county	21053	KY	Clinton County	clinton
county	21055	KY	Crittenden County	crittenden
county	21057	KY	Cumberland County	cumberland
county	21059	KY	Daviess County	daviess
county	21061	KY	Edmonson County	edmonson
county	21063	KY	Elliott County	elliott
county	21065	KY	Estill County	estill
county	21067	KY	Fayette County	fayette
county	21069	KY	Fleming County	fleming
county	21071	KY	Floyd County	floyd
county	21073	KY	Franklin County	franklin
county	21075	KY	Fulton County	fulton
county	21077	KY	Gallatin County	gallatin
county	21079	KY	Garrard County	garrard
county	21081	KY	Grant County	grant
county	21083	KY	Graves County	graves
county	21085	KY	Grayson County	grayson
county	21087	KY	Green County	green
county	21089	KY	Greenup County	greenup
county	21091	KY	Hancock County	hancock
county	21093	KY	Hardin County	hardin
county	21095	KY	Harlan County	harlan
county	21097	KY	Harrison County	harrison
county	21099	KY	Hart County	hart
county	21101	KY	Henderson County	henderson
county	21103	KY	Henry County	henry
county	21105	KY	Hickman County	hickman
county	21107	KY	Hopkins County	hopkins
county	21109	KY	Jackson County	jackson
county	21111	KY	Jefferson County	jefferson
county	21113	KY	Jessamine County	jessamine
county	21115	KY	Johnson County	johnson
county	21117	KY	Kenton County	kenton
county	21119	KY	Knott County	knott
county	21121	KY	Knox County	knox
county	21123	KY	Larue County	larue
county	21125	KY	Laurel County	laurel
county	21127	KY	Lawrence County	lawrence
county	21129	KY	Lee County	lee
county	21131	KY	Leslie County	leslie
county	21133	KY	Letcher County	letcher
county	21135	KY	Lewis County	lewis
county	21137	KY	Lincoln County	lincoln
county	21139	KY	Livingston County	livingston
county	21141	KY	Logan County	logan
county	21143	KY	Lyon County	lyon
county	21145	KY	McCracken County	mccracken
county	21147	KY	McCreary County	mccreary
county	21149	KY	McLean County	mclean
county	21151	KY	Madison County	madison
county	21153	KY	Magoffin County	magoffin
county	21155	KY	Marion County	marion
county	21157	KY	Marshall County	marshall
county	21159	KY	Martin County	martin
county	21161	KY	Mason County	mason
county	21163	KY	Meade County	meade
county	21165	KY	Menifee County	menifee
county	21167	KY	Mercer County	mercer
county	21169	KY	Metcalfe County	metcalfe
county	21171	KY	Monroe County	monroe
county	21173	KY	Montgomery County	montgomery
county	21175	KY	Morgan County	morgan
county	21177	KY	Muhlenberg County	muhlenberg
county	21179	KY	Nelson County	nelson
county	21181	KY	Nicholas County	nicholas
county	21183	KY	Ohio County	ohio
county	21185	KY	Oldham County	oldham
county	21187	KY	Owen County	owen
county	21189	KY	Owsley County	owsley
county	21191	KY	Pendleton County	pendleton
county	21193	KY	Perry County	perry
county	21195	KY	Pike County	pike
county	21197	KY	Powell County	powell
county	21199	KY	Pulaski County	pulaski
county	21201	KY	Robertson County	robertson
county	21203	KY	Rockcastle County	rockcastle
county	21205	KY	Rowan County	rowan
county	21207	KY	Russell County	russell
county	21209	KY	Scott County	scott
county	21211	KY	Shelby County	shelby
county	21213	KY	Simpson County	simpson
county	21215	KY	Spencer County	spencer
county	21217	KY	Taylor County	taylor
county	21219	KY	Todd County	todd
county	21221	KY	Trigg County	trigg
county	21223	KY	Trimble County	trimble
county	21225	KY	Union County	union
county	21227	KY	Warren County	warren
county	21229	KY	Washington County	washington
county	21231	KY	Wayne County	wayne
county	21233	KY	Webster County	webster
county	21235	KY	Whitley County	whitley
county	21237	KY	Wolfe County	wolfe
county	21239	KY	Woodford County	woodford
county	22001	LA	Acadia Parish	acadia
county	22003	LA	Allen Parish	allen
county	22005	LA	Ascension Parish	ascension
county	22007	LA	Assumption Parish	assumption
county	22009	LA	Avoyelles Parish	avoyelles
county	22011	LA	Beauregard Parish	beauregard
county	22013	LA	Bienville Parish	bienville
county	22015	LA	Bossier Parish	bossier
county	22017	LA	Caddo Parish	caddo
county	22019	LA	Calcasieu Parish	calcasieu
county	22021	LA	Caldwell Parish	caldwell
county	22023	LA	Cameron Parish	cameron
county	22025	LA	Catahoula Parish	catahoula
county	22027	LA	Claiborne Parish	claiborne
county	22029	LA	Concordia Parish	concordia
county	22031	LA	De Soto Parish	de soto
county	22033	LA	East Baton Rouge Parish	east baton rouge
county	22035	LA	East Carroll Parish	east carroll
county	22037	LA	East Feliciana Parish	east feliciana
county	22039	LA	Evangeline Parish	evangeline
county	22041	LA	Franklin Parish	franklin
county	22043	LA	Grant Parish	grant
county	22045	LA	Iberia Parish	iberia
county	22047	LA	Iberville Parish	iberville
county	22049	LA	Jackson Parish	jackson
county	22051	LA	Jefferson Parish	jefferson
county	22053	LA	Jefferson Davis Parish	jefferson davis
county	22055	LA	Lafayette Parish	lafayette
county	22057	LA	Lafourche Parish	lafourche
county	22059	LA	LaSalle Parish	lasalle
county	22061	LA	Lincoln Parish	lincoln
county	22063	LA	Livingston Parish	livingston
county	22065	LA	Madison Parish	madison
county	22067	LA	Morehouse Parish	morehouse
county	22069	LA	Natchitoches Parish	natchitoches
county	22071	LA	Orleans Parish	orleans
county	22073	LA	Ouachita Parish	ouachita
county	22075	LA	Plaquemines Parish	plaquemines
county	22077	LA	Pointe Coupee Parish	pointe coupee
county	22079	LA	Rapides Parish	rapides
county	22081	LA	Red River Parish	red river
county	22083	LA	Richland Parish	richland
county	22085	LA	Sabine Parish	sabine
county	22087	LA	St. Bernard Parish	st bernard
county	22089	LA	St. Charles Parish	st charles
county	22091	LA	St. Helena Parish	st helena
county	22093	LA	St. James Parish	st james
county	22095	LA	St. John the Baptist Parish	st john the baptist
county	22097	LA	St. Landry Parish	st landry
county	22099	LA	St. Martin Parish	st martin
county	22101	LA	St. Mary Parish	st mary
county	22103	LA	St. Tammany Parish	st tammany
county	22105	LA	Tangipahoa Parish	tangipahoa
county	22107	LA	Tensas Parish	tensas
county	22109	LA	Terrebonne Parish	terrebonne
county	22111	LA	Union Parish	union
county	22113	LA	Vermilion Parish	vermilion
county	22115	LA	Vernon Parish	vernon
county	22117	LA	Washington Parish	washington
county	22119	LA	Webster Parish	webster
county	22121	LA	West Baton Rouge Parish	west baton rouge
county	22123	LA	West Carroll Parish	west carroll
county	22125	LA	West Feliciana Parish	west feliciana
county	22127	LA	Winn Parish	winn
county	23001	ME	Androscoggin County	androscoggin
county	23003	ME	Aroostook County	aroostook
county	23005	ME	Cumberland County	cumberland
county	23007	ME	Franklin County	franklin
county	23009	ME	Hancock County	hancock
county	23011	ME	Kennebec County	kennebec
county	23013	ME	Knox County	knox
county	23015	ME	Lincoln County	lincoln
county	23017	ME	Oxford County	oxford
county	23019	ME	Penobscot County	penobscot
county	23021	ME	Piscataquis County	piscataquis
county	23023	ME	Sagadahoc County	sagadahoc
county	23025	ME	Somerset County	somerset
county	23027	ME	Waldo County	waldo
county	23029	ME	Washington County	washington
county	23031	ME	York County	york
county	24001	MD	Allegany County	allegany
county	24003	MD	Anne Arundel County	anne arundel
county	24005	MD	Baltimore County	baltimore
county	24009	MD	Calvert County	calvert
county	24011	MD	Caroline County	caroline
county	24013	MD	Carroll County	carroll
county	24015	MD	Cecil County	cecil
county	24017	MD	Charles County	charles
county	24019	MD	Dorchester County	dorchester
county	24021	MD	Frederick County	frederick
county	24023	MD	Garrett County	garrett
county	24025	MD	Harford County	harford
county	24027	MD	Howard County	howard
county	24029	MD	Kent County	kent
county	24031	MD	Montgomery County	montgomery
county	24033	MD	Prince George's County	prince georges
county	24035	MD	Queen Anne's County	queen annes
county	24037	MD	St. Mary's County	st marys
county	24039	MD	Somerset County	somerset
county	24041	MD	Talbot County	talbot
county	24043	MD	Washington County	washington
county	24045	MD	Wicomico County	wicomico
county	24047	MD	Worcester County	worcester
county	24510	MD	Baltimore city	baltimore
county	25001	MA	Barnstable County	barnstable
county	25003	MA	Berkshire County	berkshire
county	25005	MA	Bristol County	bristol
county	25007	MA	Dukes County	dukes
county	25009	MA	Essex County	essex
county	25011	MA	Franklin County	franklin
county	25013	MA	Hampden County	hampden
county	25015	MA	Hampshire County	hampshire
county	25017	MA	Middlesex County	middlesex
county	25019	MA	Nantucket County	nantucket
county	25021	MA	Norfolk County	norfolk
county	25023	MA	Plymouth County	plymouth
county	25025	MA	Suffolk County	suffolk
county	25027	MA	Worcester County	worcester
county	26001	MI	Alcona County	alcona
county	26003	MI	Alger County	alger
county	26005	MI	Allegan County	allegan
county	26007	MI	Alpena County	alpena
county	26009	MI	Antrim County	antrim
county	26011	MI	Arenac County	arenac
county	26013	MI	Baraga County	baraga
county	26015	MI	Barry County	barry
county	26017	MI	Bay County	bay
county	26019	MI	Benzie County	benzie
county	26021	MI	Berrien County	berrien
county	26023	MI	Branch County	branch
county	26025	MI	Calhoun County	calhoun
county	26027	MI	Cass County	cass
county	26029	MI	Charlevoix County	charlevoix
county	26031	MI	Cheboygan County	cheboygan
county	26033	MI	Chippewa County	chippewa
county	26035	MI	Clare County	clare
county	26037	MI	Clinton County	clinton
county	26039	MI	Crawford County	crawford
county	26041	MI	Delta County	delta
county	26043	MI	Dickinson County	dickinson
county	26045	MI	Eaton County	eaton
county	26047	MI	Emmet County	emmet
county	26049	MI	Genesee County	genesee
county	26051	MI	Gladwin County	gladwin
county	26053	MI	Gogebic County	gogebic
county	26055	MI	Grand Traverse County	grand traverse
county	26057	MI	Gratiot County	gratiot
county	26059	MI	Hillsdale County	hillsdale
county	26061	MI	Houghton County	houghton
county	26063	MI	Huron County	huron
county	26065	MI	Ingham County	ingham
county	26067	MI	Ionia County	ionia
county	26069	MI	Iosco County	iosco
county	26071	MI	Iron County	iron
county	26073	MI	Isabella County	isabella
county	26075	MI	Jackson County	jackson
county	26077	MI	Kalamazoo County	kalamazoo
county	26079	MI	Kalkaska County	kalkaska
county	26081	MI	Kent County	kent
county	26083	MI	Keweenaw County	keweenaw
county	26085	MI	Lake County	lake
county	26087	MI	Lapeer County	lapeer
county	26089	MI	Leelanau County	leelanau
county	26091	MI	Lenawee County	lenawee
county	26093	MI	Livingston County	livingston
county	26095	MI	Luce County	luce
county	26097	MI	Mackinac County	mackinac
county	26099	MI	Macomb County	macomb
county	26101	MI	Manistee County	manistee
county	26103	MI	Marquette County	marquette
county	26105	MI	Mason County	mason
county	26107	MI	Mecosta County	mecosta
county	26109	MI	Menominee County	menominee
county	26111	MI	Midland County	midland
county	26113	MI	Missaukee County	missaukee
county	26115	MI	Monroe County	monroe
county	26117	MI	Montcalm County	montcalm
county	26119	MI	Montmorency County	montmorency
county	26121	MI	Muskegon County	muskegon
county	26123	MI	Newaygo County	newaygo
county	26125	MI	Oakland County	oakland
county	26127	MI	Oceana County	oceana
county	26129	MI	Ogemaw County	ogemaw
county	26131	MI	Ontonagon County	ontonagon
county	26133	MI	Osceola County	osceola
county	26135	MI	Oscoda County	oscoda
county	26137	MI	Otsego County	otsego
county	26139	MI	Ottawa County	ottawa
county	26141	MI	Presque Isle County	presque isle
county	26143	MI	Roscommon County	roscommon
county	26145	MI	Saginaw County	saginaw
county	26147	MI	St. Clair County	st clair
county	26149	MI	St. Joseph County	st joseph
county	26151	MI	Sanilac County	sanilac
county	26153	MI	Schoolcraft County	schoolcraft
county	26155	MI	Shiawassee County	shiawassee
county	26157	MI	Tuscola County	tuscola
county	26159	MI	Van Buren County	van buren
county	26161	MI	Washtenaw County	washtenaw
county	26163	MI	Wayne County	wayne
county	26165	MI	Wexford County	wexford
county	27001	MN	Aitkin County	aitkin
county	27003	MN	Anoka County	anoka
county	27005	MN	Becker County	becker
county	27007	MN	Beltrami County	beltrami
county	27009	MN	Benton County	benton
county	27011	MN	Big Stone County	big stone
county	27013	MN	Blue Earth County	blue earth
county	27015	MN	Brown County	brown
county	27017	MN	Carlton County	carlton
county	27019	MN	Carver County	carver
county	27021	MN	Cass County	cass
county	27023	MN	Chippewa County	chippewa
county	27025	MN	Chisago County	chisago
county	27027	MN	Clay County	clay
county	27029	MN	Clearwater County	clearwater
county	27031	MN	Cook County	cook
county	27033	MN	Cottonwood County	cottonwood
county	27035	MN	Crow Wing County	crow wing
county	27037	MN	Dakota County	dakota
county	27039	MN	Dodge County	dodge
county	27041	MN	Douglas County	douglas
county	27043	MN	Faribault County	faribault
county	27045	MN	Fillmore County	fillmore
county	27047	MN	Freeborn County	freeborn
county	27049	MN	Goodhue County	goodhue
county	27051	MN	Grant County	grant
county	27053	MN	Hennepin County	hennepin
county	27055	MN	Houston County	houston
county	27057	MN	Hubbard County	hubbard
county	27059	MN	Isanti County	isanti
county	27061	MN	Itasca County	itasca
county	27063	MN	Jackson County	jackson
county	27065	MN	Kanabec County	kanabec
county	27067	MN	Kandiyohi County	kandiyohi
county	27069	MN	Kittson County	kittson
county	27071	MN	Koochiching County	koochiching
county	27073	MN	Lac qui Parle County	lac qui parle
county	27075	MN	Lake County	lake
county	27077	MN	Lake of the Woods County	lake of the woods
county	27079	MN	Le Sueur County	le sueur
county	27081	MN	Lincoln County	lincoln
county	27083	MN	Lyon County	lyon
county	27085	MN	McLeod County	mcleod
county	27087	MN	Mahnomen County	mahnomen
county	27089	MN	Marshall County	marshall
county	27091	MN	Martin County	martin
county	27093	MN	Meeker County	meeker
county	27095	MN	Mille Lacs County	mille lacs
county	27097	MN	Morrison County	morrison
county	27099	MN	Mower County	mower
county	27101	MN	Murray County	murray
county	27103	MN	Nicollet County	nicollet
county	27105	MN	Nobles County	nobles
county	27107	MN	Norman County	norman
county	27109	MN	Olmsted County	olmsted
county	27111	MN	Otter Tail County	otter tail
county	27113	MN	Pennington County	pennington
county	27115	MN	Pine County	pine
county	27117	MN	Pipestone County	pipestone
county	27119	MN	Polk County	polk
county	27121	MN	Pope County	pope
county	27123	MN	Ramsey County	ramsey
county	27125	MN	Red Lake County	red lake
county	27127	MN	Redwood County	redwood
county	27129	MN	Renville County	renville
county	27131	MN	Rice County	rice
county	27133	MN	Rock County	rock
county	27135	MN	Roseau County	roseau
county	27137	MN	St. Louis County	st louis
county	27139	MN	Scott County	scott
county	27141	MN	Sherburne County	sherburne
county	27143	MN	Sibley County	sibley
county	27145	MN	Stearns County	stearns
county	27147	MN	Steele County	steele
county	27149	MN	Stevens County	stevens
county	27151	MN	Swift County	swift
county	27153	MN	Todd County	todd
county	27155	MN	Traverse County	traverse
county	27157	MN	Wabasha County	wabasha
county	27159	MN	Wadena County	wadena
county	27161	MN	Waseca County	waseca
county	27163	MN	Washington County	washington
county	27165	MN	Watonwan County	watonwan
county	27167	MN	Wilkin County	wilkin
county	27169	MN	Winona County	winona
county	27171	MN	Wright County	wright
county	27173	MN	Yellow Medicine County	yellow medicine
county	28001	MS	Adams County	adams
county	28003	MS	Alcorn County	alcorn
county	28005	MS	Amite County	amite
county	28007	MS	Attala County	attala
county	28009	MS	Benton County	benton
county	28011	MS	Bolivar County	bolivar
county	28013	MS	Calhoun County	calhoun
county	28015	MS	Carroll County	carroll
county	28017	MS	Chickasaw County	chickasaw
county	28019	MS	Choctaw County	choctaw
county	28021	MS	Claiborne County	claiborne
county	28023	MS	Clarke County	clarke
county	28025	MS	Clay County	clay
county	28027	MS	Coahoma County	coahoma
county	28029	MS	Copiah County	copiah
county	28031	MS	Covington County	covington
county	28033	MS	DeSoto County	desoto
county	28035	MS	Forrest County	forrest
county	28037	MS	Franklin County	franklin
county	28039	MS	George County	george
county	28041	MS	Greene County	greene
county	28043	MS	Grenada County	grenada
county	28045	MS	Hancock County	hancock
county	28047	MS	Harrison County	harrison
county	28049	MS	Hinds County	hinds
county	28051	MS	Holmes County	holmes
county	28053	MS	Humphreys County	humphreys
county	28055	MS	Issaquena County	issaquena
county	28057	MS	Itawamba County	itawamba
county	28059	MS	Jackson County	jackson
county	28061	MS	Jasper County	jasper
county	28063	MS	Jefferson County	jefferson
county	28065	MS	Jefferson Davis County	jefferson davis
county	28067	MS	Jones County	jones
county	28069	MS	Kemper County	kemper
county	28071	MS	Lafayette County	lafayette
county	28073	MS	Lamar County	lamar
county	28075	MS	Lauderdale County	lauderdale
county	28077	MS	Lawrence County	lawrence
county	28079	MS	Leake County	leake
county	28081	MS	Lee County	lee
county	28083	MS	Leflore County	leflore
county	28085	MS	Lincoln County	lincoln
county	28087	MS	Lowndes County	lowndes
county	28089	MS	Madison County	madison
county	28091	MS	Marion County	marion
county	28093	MS	Marshall County	marshall
county	28095	MS	Monroe County	monroe
county	28097	MS	Montgomery County	montgomery
county	28099	MS	Neshoba County	neshoba
county	28101	MS	Newton County	newton
county	28103	MS	Noxubee County	noxubee
county	28105	MS	Oktibbeha County	oktibbeha
county	28107	MS	Panola County	panola
county	28109	MS	Pearl River County	pearl river
county	28111	MS	Perry County	perry
county	28113	MS	Pike County	pike
county	28115	MS	Pontotoc County	pontotoc
county	28117	MS	Prentiss County	prentiss
county	28119	MS	Quitman County	quitman
county	28121	MS	Rankin County	rankin
county	28123	MS	Scott County	scott
county	28125	MS	Sharkey County	sharkey
county	28127	MS	Simpson County	simpson
county	28129	MS	Smith County	smith
county	28131	MS	Stone County	stone
county	28133	MS	Sunflower County	sunflower
county	28135	MS	Tallahatchie County	tallahatchie
county	28137	MS	Tate County	tate
county	28139	MS	Tippah County	tippah
county	28141	MS	Tishomingo County	tishomingo
county	28143	MS	Tunica County	tunica
county	28145	MS	Union County	union
county	28147	MS	Walthall County	walthall
county	28149	MS	Warren County	warren
county	28151	MS	Washington County	washington
county	28153	MS	Wayne County	wayne
county	28155	MS	Webster County	webster
county	28157	MS	Wilkinson County	wilkinson
county	28159	MS	Winston County	winston
county	28161	MS	Yalobusha County	yalobusha
county	28163	MS	Yazoo County	yazoo
county	29001	MO	Adair County	adair
county	29003	MO	Andrew County	andrew
county	29005	MO	Atchison County	atchison
county	29007	MO	Audrain County	audrain
county	29009	MO	Barry County	barry
county	29011	MO	Barton County	barton
county	29013	MO	Bates County	bates
county	29015	MO	Benton County	benton
county	29017	MO	Bollinger County	bollinger
county	29019	MO	Boone County	boone
county	29021	MO	Buchanan County	buchanan
county	29023	MO	Butler County	butler
county	29025	MO	Caldwell County	caldwell
county	29027	MO	Callaway County	callaway
county	29029	MO	Camden County	camden
county	29031	MO	Cape Girardeau County	cape girardeau
county	29033	MO	Carroll County	carroll
county	29035	MO	Carter County	carter
county	29037	MO	Cass County	cass
county	29039	MO	Cedar County	cedar
county	29041	MO	Chariton County	chariton
county	29043	MO	Christian County	christian
county	29045	MO	Clark County	clark
county	29047	MO	Clay County	clay
county	29049	MO	Clinton County	clinton
county	29051	MO	Cole County	cole
county	29053	MO	Cooper County	cooper
county	29055	MO	Crawford County	crawford
county	29057	MO	Dade County	dade
county	29059	MO	Dallas County	dallas
county	29061	MO	Daviess County	daviess
county	29063	MO	DeKalb County	dekalb
county	29065	MO	Dent County	dent
county	29067	MO	Douglas County	douglas
county	29069	MO	Dunklin County	dunklin
county	29071	MO	Franklin County	franklin
county	29073	MO	Gasconade County	gasconade
county	29075	MO	Gentry County	gentry
county	29077	MO	Greene County	greene
county	29079	MO	Grundy County	grundy
county	29081	MO	Harrison County	harrison
county	29083	MO	Henry County	henry
county	29085	MO	Hickory County	hickory
county	29087	MO	Holt County	holt
county	29089	MO	Howard County	howard
county	29091	MO	Howell County	howell
county	29093	MO	Iron County	iron
county	29095	MO	Jackson County	jackson
county	29097	MO	Jasper County	jasper
county	29099	MO	Jefferson County	jefferson
county	29101	MO	Johnson County	johnson
county	29103	MO	Knox County	knox
county	29105	MO	Laclede County	laclede
county	29107	MO	Lafayette County	lafayette
county	29109	MO	Lawrence County	lawrence
county	29111	MO	Lewis County	lewis
county	29113	MO	Lincoln County	lincoln
county	29115	MO	Linn County	linn
county	29117	MO	Livingston County	livingston
county	29119	MO	McDonald County	mcdonald
county	29121	MO	Macon County	macon
county	29123	MO	Madison County	madison
county	29125	MO	Maries County	maries
county	29127	MO	Marion County	marion
county	29129	MO	Mercer County	mercer
county	29131	MO	Miller County	miller
county	29133	MO	Mississippi County	mississippi
county	29135	MO	Moniteau County	moniteau
county	29137	MO	Monroe County	monroe
county	29139	MO	Montgomery County	montgomery
county	29141	MO	Morgan County	morgan
county	29143	MO	New Madrid County	new madrid
county	29145	MO	Newton County	newton
county	29147	MO	Nodaway County	nodaway
county	29149	MO	Oregon County	oregon
county	29151	MO	Osage County	osage
county	29153	MO	Ozark County	ozark
county	29155	MO	Pemiscot County	pemiscot
county	29157	MO	Perry County	perry
county	29159	MO	Pettis County	pettis
county	29161	MO	Phelps County	phelps
county	29163	MO	Pike County	pike
county	29165	MO	Platte County	platte
county	29167	MO	Polk County	polk
county	29169	MO	Pulaski County	pulaski
county	29171	MO	Putnam County	putnam
county	29173	MO	Ralls County	ralls
county	29175	MO	Randolph County	randolph
county	29177	MO	Ray County	ray
county	29179	MO	Reynolds County	reynolds
county	29181	MO	Ripley County	ripley
county	29183	MO	St. Charles County	st charles
county	29185	MO	St. Clair County	st clair
county	29186	MO	Ste. Genevieve County	ste genevieve
county	29187	MO	St. Francois County	st francois
county	29189	MO	St. Louis County	st louis
county	29195	MO	Saline County	saline
county	29197	MO	Schuyler County	schuyler
county	29199	MO	Scotland County	scotland
county	29201	MO	Scott County	scott
county	29203	MO	Shannon County	shannon
county	29205	MO	Shelby County	shelby
county	29207	MO	Stoddard County	stoddard
county	29209	MO	Stone County	stone
county	29211	MO	Sullivan County	sullivan
county	29213	MO	Taney County	taney
county	29215	MO	Texas County	texas
county	29217	MO	Vernon County	vernon
county	29219	MO	Warren County	warren
county	29221	MO	Washington County	washington
county	29223	MO	Wayne County	wayne
county	29225	MO	Webster County	webster
county	29227	MO	Worth County	worth
county	29229	MO	Wright County	wright
county	29510	MO	St. Louis city	st louis
county	30001	MT	Beaverhead County	beaverhead
county	30003	MT	Big Horn County	big horn
county	30005	MT	Blaine County	blaine
county	30007	MT	Broadwater County	broadwater
county	30009	MT	Carbon County	carbon
county	30011	MT	Carter County	carter
county	30013	MT	Cascade County	cascade
county	30015	MT	Chouteau County	chouteau
county	30017	MT	Custer County	custer
county	30019	MT	Daniels County	daniels
county	30021	MT	Dawson County	dawson
county	30023	MT	Deer Lodge County	deer lodge
county	30025	MT	Fallon County	fallon
county	30027	MT	Fergus County	fergus
county	30029	MT	Flathead County	flathead
county	30031	MT	Gallatin County	gallatin
county	30033	MT	Garfield County	garfield
county	30035	MT	Glacier County	glacier
county	30037	MT	Golden Valley County	golden valley
county	30039	MT	Granite County	granite
county	30041	MT	Hill County	hill
county	30043	MT	Jefferson County	jefferson
county	30045	MT	Judith Basin County	judith basin
county	30047	MT	Lake County	lake
county	30049	MT	Lewis and Clark County	lewis and clark
county	30051	MT	Liberty County	liberty
county	30053	MT	Lincoln County	lincoln
county	30055	MT	McCone County	mccone
county	30057	MT	Madison County	madison
county	30059	MT	Meagher County	meagher
county	30061	MT	Mineral County	mineral
county	30063	MT	Missoula County	missoula
county	30065	MT	Musselshell County	musselshell
county	30067	MT	Park County	park
county	30069	MT	Petroleum County	petroleum
county	30071	MT	Phillips County	phillips
county	30073	MT	Pondera County	pondera
county	30075	MT	Powder River County	powder river
county	30077	MT	Powell County	powell
county	30079	MT	Prairie County	prairie
county	30081	MT	Ravalli County	ravalli
county	30083	MT	Richland County	richland
county	30085	MT	Roosevelt County	roosevelt
county	30087	MT	Rosebud County	rosebud
county	30089	MT	Sanders County	sanders
county	30091	MT	Sheridan County	sheridan
county	30093	MT	Silver Bow County	silver bow
county	30095	MT	Stillwater County	stillwater
county	30097	MT	Sweet Grass County	sweet grass
county	30099	MT	Teton County	teton
county	30101	MT	Toole County	toole
county	30103	MT	Treasure County	treasure
county	30105	MT	Valley County	valley
county	30107	MT	Wheatland County	wheatland
county	30109	MT	Wibaux County	wibaux
county	30111	MT	Yellowstone County	yellowstone
county	31001	NE	Adams County	adams
county	31003	NE	Antelope County	antelope
county	31005	NE	Arthur County	arthur
county	31007	NE	Banner County	banner
county	31009	NE	Blaine County	blaine
county	31011	NE	Boone County	boone
county	31013	NE	Box Butte County	box butte
county	31015	NE	Boyd County	boyd
county	31017	NE	Brown County	brown
county	31019	NE	Buffalo County	buffalo
county	31021	NE	Burt County	burt
county	31023	NE	Butler County	butler
county	31025	NE	Cass County	cass
county	31027	NE	Cedar County	cedar
county	31029	NE	Chase County	chase
county	31031	NE	Cherry County	cherry
county	31033	NE	Cheyenne County	cheyenne
county	31035	NE	Clay County	clay
county	31037	NE	Colfax County	colfax
county	31039	NE	Cuming County	cuming
county	31041	NE	Custer County	custer
county	31043	NE	Dakota County	dakota
county	31045	NE	Dawes County	dawes
county	31047	NE	Dawson County	dawson
county	31049	NE	Deuel County	deuel
county	31051	NE	Dixon County	dixon
county	31053	NE	Dodge County	dodge
county	31055	NE	Douglas County	douglas
county	31057	NE	Dundy County	dundy
county	31059	NE	Fillmore County	fillmore
county	31061	NE	Franklin County	franklin
county	31063	NE	Frontier County	frontier
county	31065	NE	Furnas County	furnas
county	31067	NE	Gage County	gage
county	31069	NE	Garden County	garden
county	31071	NE	Garfield County	garfield
county	31073	NE	Gosper County	gosper
county	31075	NE	Grant County	grant
county	31077	NE	Greeley County	greeley
county	31079	NE	Hall County	hall
county	31081	NE	Hamilton County	hamilton
county	31083	NE	Harlan County	harlan
county	31085	NE	Hayes County	hayes
county	31087	NE	Hitchcock County	hitchcock
county	31089	NE	Holt County	holt
county	31091	NE	Hooker County	hooker
county	31093	NE	Howard County	howard
county	31095	NE	Jefferson County	jefferson
county	31097	NE	Johnson County	johnson
county	31099	NE	Kearney County	kearney
county	31101	NE	Keith County	keith
county	31103	NE	Keya Paha County	keya paha
county	31105	NE	Kimball County	kimball
county	31107	NE	Knox County	knox
county	31109	NE	Lancaster County	lancaster
county	31111	NE	Lincoln County	lincoln
county	31113	NE	Logan County	logan
county	31115	NE	Loup County	loup
county	31117	NE	McPherson County	mcpherson
county	31119	NE	Madison County	madison
county	31121	NE	Merrick County	merrick
county	31123	NE	Morrill County	morrill
county	31125	NE	Nance County	nance
county	31127	NE	Nemaha County	nemaha
county	31129	NE	Nuckolls County	nuckolls
county	31131	NE	Otoe County	otoe
county	31133	NE	Pawnee County	pawnee
county	31135	NE	Perkins County	perkins
county	31137	NE	Phelps County	phelps
county	31139	NE	Pierce County	pierce
county	31141	NE	Platte County	platte
county	31143	NE	Polk County	polk
county	31145	NE	Red Willow County	red willow
county	31147	NE	Richardson County	richardson
county	31149	NE	Rock County	rock
county	31151	NE	Saline County	saline
county	31153	NE	Sarpy County	sarpy
county	31155	NE	Saunders County	saunders
county	31157	NE	Scotts Bluff County	scotts bluff
county	31159	NE	Seward County	seward
county	31161	NE	Sheridan County	sheridan
county	31163	NE	Sherman County	sherman
county	31165	NE	Sioux County	sioux
county	31167	NE	Stanton County	stanton
county	31169	NE	Thayer County	thayer
county	31171	NE	Thomas County	thomas
county	31173	NE	Thurston County	thurston
county	31175	NE	Valley County	valley
county	31177	NE	Washington County	washington
county	31179	NE	Wayne County	wayne
county	31181	NE	Webster County	webster
county	31183	NE	Wheeler County	wheeler
county	31185	NE	York County	york
county	32001	NV	Churchill County	churchill
county	32003	NV	Clark County	clark
county	32005	NV	Douglas County	douglas
county	32007	NV	Elko County	elko
county	32009	NV	Esmeralda County	esmeralda
county	32011	NV	Eureka County	eureka
county	32013	NV	Humboldt County	humboldt
county	32015	NV	Lander County	lander
county	32017	NV	Lincoln County	lincoln
county	32019	NV	Lyon County	lyon
county	32021	NV	Mineral County	mineral
county	32023	NV	Nye County	nye
county	32027	NV	Pershing County	pershing
county	32029	NV	Storey County	storey
county	32031	NV	Washoe County	washoe
county	32033	NV	White Pine County	white pine
county	32510	NV	Carson City	carson
county	33001	NH	Belknap County	belknap
county	33003	NH	Carroll County	carroll
county	33005	NH	Cheshire County	cheshire
county	33007	NH	Coos County	coos
county	33009	NH	Grafton County	grafton
county	33011	NH	Hillsborough County	hillsborough
county	33013	NH	Merrimack County	merrimack
county	33015	NH	Rockingham County	rockingham
county	33017	NH	Strafford County	strafford
county	33019	NH	Sullivan County	sullivan
county	34001	NJ	Atlantic County	atlantic
county	34003	NJ	Bergen County	bergen
county	34005	NJ	Burlington County	burlington
county	34007	NJ	Camden County	camden
county	34009	NJ	Cape May County	cape may
county	34011	NJ	Cumberland County	cumberland
county	34013	NJ	Essex County	essex
county	34015	NJ	Gloucester County	gloucester
county	34017	NJ	Hudson County	hudson
county	34019	NJ	Hunterdon County	hunterdon
county	34021	NJ	Mercer County	mercer
county	34023	NJ	Middlesex County	middlesex
county	34025	NJ	Monmouth County	monmouth
county	34027	NJ	Morris County	morris
county	34029	NJ	Ocean County	ocean
county	34031	NJ	Passaic County	passaic
county	34033	NJ	Salem County	salem
county	34035	NJ	Somerset County	somerset
county	34037	NJ	Sussex County	sussex
county	34039	NJ	Union County	union
county	34041	NJ	Warren County	warren
county	35001	NM	Bernalillo County	bernalillo
county	35003	NM	Catron County	catron
county	35005	NM	Chaves County	chaves
county	35006	NM	Cibola County	cibola
county	35007	NM	Colfax County	colfax
county	35009	NM	Curry County	curry
county	35011	NM	De Baca County	de baca
county	35013	NM	Doña Ana County	doña ana
county	35015	NM	Eddy County	eddy
county	35017	NM	Grant County	grant
county	35019	NM	Guadalupe County	guadalupe
county	35021	NM	Harding County	harding
county	35023	NM	Hidalgo County	hidalgo
county	35025	NM	Lea County	lea
county	35027	NM	Lincoln County	lincoln
county	35028	NM	Los Alamos County	los alamos
county	35029	NM	Luna County	luna
county	35031	NM	McKinley County	mckinley
county	35033	NM	Mora County	mora
county	35035	NM	Otero County	otero
county	35037	NM	Quay County	quay
county	35039	NM	Rio Arriba County	rio arriba
county	35041	NM	Roosevelt County	roosevelt
county	35043	NM	Sandoval County	sandoval
county	35045	NM	San Juan County	san juan
county	35047	NM	San Miguel County	san miguel
county	35049	NM	Santa Fe County	santa fe
county	35051	NM	Sierra County	sierra
county	35053	NM	Socorro County	socorro
county	35055	NM	Taos County	taos
county	35057	NM	Torrance County	torrance
county	35059	NM	Union County	union
county	35061	NM	Valencia County	valencia
county	36001	NY	Albany County	albany
county	36003	NY	Allegany County	allegany
county	36005	NY	Bronx County	bronx
county	36007	NY	Broome County	broome
county	36009	NY	Cattaraugus County	cattaraugus
county	36011	NY	Cayuga County	cayuga
county	36013	NY	Chautauqua County	chautauqua
county	36015	NY	Chemung County	chemung
county	36017	NY	Chenango County	chenango
county	36019	NY	Clinton County	clinton
county	36021	NY	Columbia County	columbia
county	36023	NY	Cortland County	cortland
county	36025	NY	Delaware County	delaware
county	36027	NY	Dutchess County	dutchess
county	36029	NY	Erie County	erie
county	36031	NY	Essex County	essex
county	36033	NY	Franklin County	franklin
county	36035	NY	Fulton County	fulton
county	36037	NY	Genesee County	genesee
county	36039	NY	Greene County	greene
county	36041	NY	Hamilton County	hamilton
county	36043	NY	Herkimer County	herkimer
county	36045	NY	Jefferson County	jefferson
county	36047	NY	Kings County	kings
county	36049	NY	Lewis County	lewis
county	36051	NY	Livingston County	livingston
county	36053	NY	Madison County	madison
county	36055	NY	Monroe County	monroe
county	36057	NY	Montgomery County	montgomery
county	36059	NY	Nassau County	nassau
county	36061	NY	New York County	new york
county	36063	NY	Niagara County	niagara
county	36065	NY	Oneida County	oneida
county	36067	NY	Onondaga County	onondaga
county	36069	NY	Ontario County	ontario
county	36071	NY	Orange County	orange
county	36073	NY	Orleans County	orleans
county	36075	NY	Oswego County	oswego
county	36077	NY	Otsego County	otsego
county	36079	NY	Putnam County	putnam
county	36081	NY	Queens County	queens
county	36083	NY	Rensselaer County	rensselaer
county	36085	NY	Richmond County	richmond
county	36087	NY	Rockland County	rockland
county	36089	NY	St. Lawrence County	st lawrence
county	36091	NY	Saratoga County	saratoga
county	36093	NY	Schenectady County	schenectady
county	36095	NY	Schoharie County	schoharie
county	36097	NY	Schuyler County	schuyler
county	36099	NY	Seneca County	seneca
county	36101	NY	Steuben County	steuben
county	36103	NY	Suffolk County	suffolk
county	36105	NY	Sullivan County	sullivan
county	36107	NY	Tioga County	tioga
county	36109	NY	Tompkins County	tompkins
county	36111	NY	Ulster County	ulster
county	36113	NY	Warren County	warren
county	36115	NY	Washington County	washington
county	36117	NY	Wayne County	wayne
county	36119	NY	Westchester County	westchester
county	36121	NY	Wyoming County	wyoming
county	36123	NY	Yates County	yates
county	37001	NC	Alamance County	alamance
county	37003	NC	Alexander County	alexander
county	37005	NC	Alleghany County	alleghany
county	37007	NC	Anson County	anson
county	37009	NC	Ashe County	ashe
county	37011	NC	Avery County	avery
county	37013	NC	Beaufort County	beaufort
county	37015	NC	Bertie County	bertie
county	37017	NC	Bladen County	bladen
county	37019	NC	Brunswick County	brunswick
county	37021	NC	Buncombe County	buncombe
county	37023	NC	Burke County	burke
county	37025	NC	Cabarrus County	cabarrus
county	37027	NC	Caldwell County	caldwell
county	37029	NC	Camden County	camden
county	37031	NC	Carteret County	carteret
county	37033	NC	Caswell County	caswell
county	37035	NC	Catawba County	catawba
county	37037	NC	Chatham County	chatham
county	37039	NC	Cherokee County	cherokee
county	37041	NC	Chowan County	chowan
county	37043	NC	Clay County	clay
county	37045	NC	Cleveland County	cleveland
county	37047	NC	Columbus County	columbus
county	37049	NC	Craven County	craven
county	37051	NC	Cumberland County	cumberland
county	37053	NC	Currituck County	currituck
county	37055	NC	Dare County	dare
county	37057	NC	Davidson County	davidson
county	37059	NC	Davie County	davie
county	37061	NC	Duplin County	duplin
county	37063	NC	Durham County	durham
county	37065	NC	Edgecombe County	edgecombe
county	37067	NC	Forsyth County	forsyth
county	37069	NC	Franklin County	franklin
county	37071	NC	Gaston County	gaston
county	37073	NC	Gates County	gates
county	37075	NC	Graham County	graham
county	37077	NC	Granville County	granville
county	37079	NC	Greene County	greene
county	37081	NC	Guilford County	guilford
county	37083	NC	Halifax County	halifax
county	37085	NC	Harnett County	harnett
county	37087	NC	Haywood County	haywood
county	37089	NC	Henderson County	henderson
county	37091	NC	Hertford County	hertford
county	37093	NC	Hoke County	hoke
county	37095	NC	Hyde County	hyde
county	37097	NC	Iredell County	iredell
county	37099	NC	Jackson County	jackson
county	37101	NC	Johnston County	johnston
county	37103	NC	Jones County	jones
county	37105	NC	Lee County	lee
county	37107	NC	Lenoir County	lenoir
county	37109	NC	Lincoln County	lincoln
county	37111	NC	McDowell County	mcdowell
county	37113	NC	Macon County	macon
county	37115	NC	Madison County	madison
county	37117	NC	Martin County	martin
county	37119	NC	Mecklenburg County	mecklenburg
county	37121	NC	Mitchell County	mitchell
county	37123	NC	Montgomery County	montgomery
county	37125	NC	Moore County	moore
county	37127	NC	Nash County	nash
county	37129	NC	New Hanover County	new hanover
county	37131	NC	Northampton County	northampton
county	37133	NC	Onslow County	onslow
county	37135	NC	Orange County	orange
county	37137	NC	Pamlico County	pamlico
county	37139	NC	Pasquotank County	pasquotank
county	37141	NC	Pender County	pender
county	37143	NC	Perquimans County	perquimans
county	37145	NC	Person County	person
county	37147	NC	Pitt County	pitt
county	37149	NC	Polk County	polk
county	37151	NC	Randolph County	randolph
county	37153	NC	Richmond County	richmond
county	37155	NC	Robeson County	robeson
county	37157	NC	Rockingham County	rockingham
county	37159	NC	Rowan County	rowan
county	37161	NC	Rutherford County	rutherford
county	37163	NC	Sampson County	sampson
county	37165	NC	Scotland County	scotland
county	37167	NC	Stanly County	stanly
county	37169	NC	Stokes County	stokes
county	37171	NC	Surry County	surry
county	37173	NC	Swain County	swain
county	37175	NC	Transylvania County	transylvania
county	37177	NC	Tyrrell County	tyrrell
county	37179	NC	Union County	union
county	37181	NC	Vance County	vance
county	37183	NC	Wake County	wake
county	37185	NC	Warren County	warren
county	37187	NC	Washington County	washington
county	37189	NC	Watauga County	watauga
county	37191	NC	Wayne County	wayne
county	37193	NC	Wilkes County	wilkes
county	37195	NC	Wilson County	wilson
county	37197	NC	Yadkin County	yadkin
county	37199	NC	Yancey County	yancey
county	38001	ND	Adams County	adams
county	38003	ND	Barnes County	barnes
county	38005	ND	Benson County	benson
county	38007	ND	Billings County	billings
county	38009	ND	Bottineau County	bottineau
county	38011	ND	Bowman County	bowman
county	38013	ND	Burke County	burke
county	38015	ND	Burleigh County	burleigh
county	38017	ND	Cass County	cass
county	38019	ND	Cavalier County	cavalier
county	38021	ND	Dickey County	dickey
county	38023	ND	Divide County	divide
county	38025	ND	Dunn County	dunn
county	38027	ND	Eddy County	eddy
county	38029	ND	Emmons County	emmons
county	38031	ND	Foster County	foster
county	38033	ND	Golden Valley County	golden valley
county	38035	ND	Grand Forks County	grand forks
county	38037	ND	Grant County	grant
county	38039	ND	Griggs County	griggs
county	38041	ND	Hettinger County	hettinger
county	38043	ND	Kidder County	kidder
county	38045	ND	LaMoure County	lamoure
county	38047	ND	Logan County	logan
county	38049	ND	McHenry County	mchenry
county	38051	ND	McIntosh County	mcintosh
county	38053	ND	McKenzie County	mckenzie
county	38055	ND	McLean County	mclean
county	38057	ND	Mercer County	mercer
county	38059	ND	Morton County	morton
county	38061	ND	Mountrail County	mountrail
county	38063	ND	Nelson County	nelson
county	38065	ND	Oliver County	oliver
county	38067	ND	Pembina County	pembina
county	38069	ND	Pierce County	pierce
county	38071	ND	Ramsey County	ramsey
county	38073	ND	Ransom County	ransom
county	38075	ND	Renville County	renville
county	38077	ND	Richland County	richland
county	38079	ND	Rolette County	rolette
county	38081	ND	Sargent County	sargent
county	38083	ND	Sheridan County	sheridan
county	38085	ND	Sioux County	sioux
county	38087	ND	Slope County	slope
county	38089	ND	Stark County	stark
county	38091	ND	Steele County	steele
county	38093	ND	Stutsman County	stutsman
county	38095	ND	Towner County	towner
county	38097	ND	Traill County	traill
county	38099	ND	Walsh County	walsh
county	38101	ND	Ward County	ward
county	38103	ND	Wells County	wells
county	38105	ND	Williams County	williams
county	39001	OH	Adams County	adams
county	39003	OH	Allen County	allen
county	39005	OH	Ashland County	ashland
county	39007	OH	Ashtabula County	ashtabula
county	39009	OH	Athens County	athens
county	39011	OH	Auglaize County	auglaize
county	39013	OH	Belmont County	belmont
county	39015	OH	Brown County	brown
county	39017	OH	Butler County	butler
county	39019	OH	Carroll County	carroll
county	39021	OH	Champaign County	champaign
county	39023	OH	Clark County	clark
county	39025	OH	Clermont County	clermont
county	39027	OH	Clinton County	clinton
county	39029	OH	Columbiana County	columbiana
county	39031	OH	Coshocton County	coshocton
county	39033	OH	Crawford County	crawford
county	39035	OH	Cuyahoga County	cuyahoga
county	39037	OH	Darke County	darke
county	39039	OH	Defiance County	defiance
county	39041	OH	Delaware County	delaware
county	39043	OH	Erie County	erie
county	39045	OH	Fairfield County	fairfield
county	39047	OH	Fayette County	fayette
county	39049	OH	Franklin County	franklin
county	39051	OH	Fulton County	fulton
county	39053	OH	Gallia County	gallia
county	39055	OH	Geauga County	geauga
county	39057	OH	Greene County	greene
county	39059	OH	Guernsey County	guernsey
county	39061	OH	Hamilton County	hamilton
county	39063	OH	Hancock County	hancock
county	39065	OH	Hardin County	hardin
county	39067	OH	Harrison County	harrison
county	39069	OH	Henry County	henry
county	39071	OH	Highland County	highland
county	39073	OH	Hocking County	hocking
county	39075	OH	Holmes County	holmes
county	39077	OH	Huron County	huron
county	39079	OH	Jackson County	jackson
county	39081	OH	Jefferson County	jefferson
county	39083	OH	Knox County	knox
county	39085	OH	Lake County	lake
county	39087	OH	Lawrence County	lawrence
county	39089	OH	Licking County	licking
county	39091	OH	Logan County	logan
county	39093	OH	Lorain County	lorain
county	39095	OH	Lucas County	lucas
county	39097	OH	Madison County	madison
county	39099	OH	Mahoning County	mahoning
county	39101	OH	Marion County	marion
county	39103	OH	Medina County	medina
county	39105	OH	Meigs County	meigs
county	39107	OH	Mercer County	mercer
county	39109	OH	Miami County	miami
county	39111	OH	Monroe County	monroe
county	39113	OH	Montgomery County	montgomery
county	39115	OH	Morgan County	morgan
county	39117	OH	Morrow County	morrow
county	39119	OH	Muskingum County	muskingum
county	39121	OH	Noble County	noble
county	39123	OH	Ottawa County	ottawa
county	39125	OH	Paulding County	paulding
county	39127	OH	Perry County	perry
county	39129	OH	Pickaway County	pickaway
county	39131	OH	Pike County	pike
county	39133	OH	Portage County	portage
county	39135	OH	Preble County	preble
county	39137	OH	Putnam County	putnam
county	39139	OH	Richland County	richland
county	39141	OH	Ross County	ross
county	39143	OH	Sandusky County	sandusky
county	39145	OH	Scioto County	scioto
county	39147	OH	Seneca County	seneca
county	39149	OH	Shelby County	shelby
county	39151	OH	Stark County	stark
county	39153	OH	Summit County	summit
county	39155	OH	Trumbull County	trumbull
county	39157	OH	Tuscarawas County	tuscarawas
county	39159	OH	Union County	union
county	39161	OH	Van Wert County	van wert
county	39163	OH	Vinton County	vinton
county	39165	OH	Warren County	warren
county	39167	OH	Washington County	washington
county	39169	OH	Wayne County	wayne
county	39171	OH	Williams County	williams
county	39173	OH	Wood County	wood
county	39175	OH	Wyandot County	wyandot
county	40001	OK	Adair County	adair
county	40003	OK	Alfalfa County	alfalfa
county	40005	OK	Atoka County	atoka
county	40007	OK	Beaver County	beaver
county	40009	OK	Beckham County	beckham
county	40011	OK	Blaine County	blaine
county	40013	OK	Bryan County	bryan
county	40015	OK	Caddo County	caddo
county	40017	OK	Canadian County	canadian
county	40019	OK	Carter County	carter
county	40021	OK	Cherokee County	cherokee
county	40023	OK	Choctaw County	choctaw
county	40025	OK	Cimarron County	cimarron
county	40027	OK	Cleveland County	cleveland
county	40029	OK	Coal County	coal
county	40031	OK	Comanche County	comanche
county	40033	OK	Cotton County	cotton
county	40035	OK	Craig County	craig
county	40037	OK	Creek County	creek
county	40039	OK	Custer County	custer
county	40041	OK	Delaware County	delaware
county	40043	OK	Dewey County	dewey
county	40045	OK	Ellis County	ellis
county	40047	OK	Garfield County	garfield
county	40049	OK	Garvin County	garvin
county	40051	OK	Grady County	grady
county	40053	OK	Grant County	grant
county	40055	OK	Greer County	greer
county	40057	OK	Harmon County	harmon
county	40059	OK	Harper County	harper
county	40061	OK	Haskell County	haskell
county	40063	OK	Hughes County	hughes
county	40065	OK	Jackson County	jackson
county	40067	OK	Jefferson County	jefferson
county	40069	OK	Johnston County	johnston
county	40071	OK	Kay County	kay
county	40073	OK	Kingfisher County	kingfisher
county	40075	OK	Kiowa County	kiowa
county	40077	OK	Latimer County	latimer
county	40079	OK	Le Flore County	le flore
county	40081	OK	Lincoln County	lincoln
county	40083	OK	Logan County	logan
county	40085	OK	Love County	love
county	40087	OK	McClain County	mcclain
county	40089	OK	McCurtain County	mccurtain
county	40091	OK	McIntosh County	mcintosh
county	40093	OK	Major County	major
county	40095	OK	Marshall County	marshall
county	40097	OK	Mayes County	mayes
county	40099	OK	Murray County	murray
county	40101	OK	Muskogee County	muskogee
county	40103	OK	Noble County	noble
county	40105	OK	Nowata County	nowata
county	40107	OK	Okfuskee County	okfuskee
county	40109	OK	Oklahoma County	oklahoma
county	40111	OK	Okmulgee County	okmulgee
county	40113	OK	Osage County	osage
county	40115	OK	Ottawa County	ottawa
county	40117	OK	Pawnee County	pawnee
county	40119	OK	Payne County	payne
county	40121	OK	Pittsburg County	pittsburg
county	40123	OK	Pontotoc County	pontotoc
county	40125	OK	Pottawatomie County	pottawatomie
county	40127	OK	Pushmataha County	pushmataha
county	40129	OK	Roger Mills County	roger mills
county	40131	OK	Rogers County	rogers
county	40133	OK	Seminole County	seminole
county	40135	OK	Sequoyah County	sequoyah
county	40137	OK	Stephens County	stephens
county	40139	OK	Texas County	texas
county	40141	OK	Tillman County	tillman
county	40143	OK	Tulsa County	tulsa
county	40145	OK	Wagoner County	wagoner
county	40147	OK	Washington County	washington
county	40149	OK	Washita County	washita
county	40151	OK	Woods County	woods
county	40153	OK	Woodward County	woodward
county	41001	OR	Baker County	baker
county	41003	OR	Benton County	benton
county	41005	OR	Clackamas County	clackamas
county	41007	OR	Clatsop County	clatsop
county	41009	OR	Columbia County	columbia
county	41011	OR	Coos County	coos
county	41013	OR	Crook County	crook
county	41015	OR	Curry County	curry
county	41017	OR	Deschutes County	deschutes
county	41019	OR	Douglas County	douglas
county	41021	OR	Gilliam County	gilliam
county	41023	OR	Grant County	grant
county	41025	OR	Harney County	harney
county	41027	OR	Hood River County	hood river
county	41029	OR	Jackson County	jackson
county	41031	OR	Jefferson County	jefferson
county	41033	OR	Josephine County	josephine
county	41035	OR	Klamath County	klamath
county	41037	OR	Lake County	lake
county	41039	OR	Lane County	lane
county	41041	OR	Lincoln County	lincoln
county	41043	OR	Linn County	linn
county	41045	OR	Malheur County	malheur
county	41047	OR	Marion County	marion
county	41049	OR	Morrow County	morrow
county	41051	OR	Multnomah County	multnomah
county	41053	OR	Polk County	polk
county	41055	OR	Sherman County	sherman
county	41057	OR	Tillamook County	tillamook
county	41059	OR	Umatilla County	umatilla
county	41061	OR	Union County	union
county	41063	OR	Wallowa County	wallowa
county	41065	OR	Wasco County	wasco
county	41067	OR	Washington County	washington
county	41069	OR	Wheeler County	wheeler
county	41071	OR	Yamhill County	yamhill
county	42001	PA	Adams County	adams
county	42003	PA	Allegheny County	allegheny
county	42005	PA	Armstrong County	armstrong
county	42007	PA	Beaver County	beaver
county	42009	PA	Bedford County	bedford
county	42011	PA	Berks County	berks
county	42013	PA	Blair County	blair
county	42015	PA	Bradford County	bradford
county	42017	PA	Bucks County	bucks
county	42019	PA	Butler County	butler
county	42021	PA	Cambria County	cambria
county	42023	PA	Cameron County	cameron
county	42025	PA	Carbon County	carbon
county	42027	PA	Centre County	centre
county	42029	PA	Chester County	chester
county	42031	PA	Clarion County	clarion
county	42033	PA	Clearfield County	clearfield
county	42035	PA	Clinton County	clinton
county	42037	PA	Columbia County	columbia
county	42039	PA	Crawford County	crawford
county	42041	PA	Cumberland County	cumberland
county	42043	PA	Dauphin County	dauphin
county	42045	PA	Delaware County	delaware
county	42047	PA	Elk County	elk
county	42049	PA	Erie County	erie
county	42051	PA	Fayette County	fayette
county	42053	PA	Forest County	forest
county	42055	PA	Franklin County	franklin
county	42057	PA	Fulton County	fulton
county	42059	PA	Greene County	greene
county	42061	PA	Huntingdon County	huntingdon
county	42063	PA	Indiana County	indiana
county	42065	PA	Jefferson County	jefferson
county	42067	PA	Juniata County	juniata
county	42069	PA	Lackawanna County	lackawanna
county	42071	PA	Lancaster County	lancaster
county	42073	PA	Lawrence County	lawrence
county	42075	PA	Lebanon County	lebanon
county	42077	PA	Lehigh County	lehigh
county	42079	PA	Luzerne County	luzerne
county	42081	PA	Lycoming County	lycoming
county	42083	PA	McKean County	mckean
county	42085	PA	Mercer County	mercer
county	42087	PA	Mifflin County	mifflin
county	42089	PA	Monroe County	monroe
county	42091	PA	Montgomery County	montgomery
county	42093	PA	Montour County	montour
county	42095	PA	Northampton County	northampton
county	42097	PA	Northumberland County	northumberland
county	42099	PA	Perry County	perry
county	42101	PA	Philadelphia County	philadelphia
county	42103	PA	Pike County	pike
county	42105	PA	Potter County	potter
county	42107	PA	Schuylkill County	schuylkill
county	42109	PA	Snyder County	snyder
county	42111	PA	Somerset County	somerset
county	42113	PA	Sullivan County	sullivan
county	42115	PA	Susquehanna County	susquehanna
county	42117	PA	Tioga County	tioga
county	42119	PA	Union County	union
county	42121	PA	Venango County	venango
county	42123	PA	Warren County	warren
county	42125	PA	Washington County	washington
county	42127	PA	Wayne County	wayne
county	42129	PA	Westmoreland County	westmoreland
county	42131	PA	Wyoming County	wyoming
county	42133	PA	York County	york
county	44001	RI	Bristol County	bristol
county	44003	RI	Kent County	kent
county	44005	RI	Newport County	newport
county	44007	RI	Providence County	providence
county	44009	RI	Washington County	washington
county	45001	SC	Abbeville County	abbeville
county	45003	SC	Aiken County	aiken
county	45005	SC	Allendale County	allendale
county	45007	SC	Anderson County	anderson
county	45009	SC	Bamberg County	bamberg
county	45011	SC	Barnwell County	barnwell
county	45013	SC	Beaufort County	beaufort
county	45015	SC	Berkeley County	berkeley
county	45017	SC	Calhoun County	calhoun
county	45019	SC	Charleston County	charleston
county	45021	SC	Cherokee County	cherokee
county	45023	SC	Chester County	chester
county	45025	SC	Chesterfield County	chesterfield
county	45027	SC	Clarendon County	clarendon
county	45029	SC	Colleton County	colleton
county	45031	SC	Darlington County	darlington
county	45033	SC	Dillon County	dillon
county	45035	SC	Dorchester County	dorchester
county	45037	SC	Edgefield County	edgefield
county	45039	SC	Fairfield County	fairfield
county	45041	SC	Florence County	florence
county	45043	SC	Georgetown County	georgetown
county	45045	SC	Greenville County	greenville
county	45047	SC	Greenwood County	greenwood
county	45049	SC	Hampton County	hampton
county	45051	SC	Horry County	horry
county	45053	SC	Jasper County	jasper
county	45055	SC	Kershaw County	kershaw
county	45057	SC	Lancaster County	lancaster
county	45059	SC	Laurens County	laurens
county	45061	SC	Lee County	lee
county	45063	SC	Lexington County	lexington
county	45065	SC	McCormick County	mccormick
county	45067	SC	Marion County	marion
county	45069	SC	Marlboro County	marlboro
county	45071	SC	Newberry County	newberry
county	45073	SC	Oconee County	oconee
county	45075	SC	Orangeburg County	orangeburg
county	45077	SC	Pickens County	pickens
county	45079	SC	Richland County	richland
county	45081	SC	Saluda County	saluda
county	45083	SC	Spartanburg County	spartanburg
county	45085	SC	Sumter County	sumter
county	45087	SC	Union County	union
county	45089	SC	Williamsburg County	williamsburg
county	45091	SC	York County	york
county	46003	SD	Aurora County	aurora
county	46005	SD	Beadle County	beadle
county	46007	SD	Bennett County	bennett
county	46009	SD	Bon Homme County	bon homme
county	46011	SD	Brookings County	brookings
county	46013	SD	Brown County	brown
county	46015	SD	Brule County	brule
county	46017	SD	Buffalo County	buffalo
county	46019	SD	Butte County	butte
county	46021	SD	Campbell County	campbell
county	46023	SD	Charles Mix County	charles mix
county	46025	SD	Clark County	clark
county	46027	SD	Clay County	clay
county	46029	SD	Codington County	codington
county	46031	SD	Corson County	corson
county	46033	SD	Custer County	custer
county	46035	SD	Davison County	davison
county	46037	SD	Day County	day
county	46039	SD	Deuel County	deuel
county	46041	SD	Dewey County	dewey
county	46043	SD	Douglas County	douglas
county	46045	SD	Edmunds County	edmunds
county	46047	SD	Fall River County	fall river
county	46049	SD	Faulk County	faulk
county	46051	SD	Grant County	grant
county	46053	SD	Gregory County	gregory
county	46055	SD	Haakon County	haakon
county	46057	SD	Hamlin County	hamlin
county	46059	SD	Hand County	hand
county	46061	SD	Hanson County	hanson
county	46063	SD	Harding County	harding
county	46065	SD	Hughes County	hughes
county	46067	SD	Hutchinson County	hutchinson
county	46069	SD	Hyde County	hyde
county	46071	SD	Jackson County	jackson
county	46073	SD	Jerauld County	jerauld
county	46075	SD	Jones County	jones
county	46077	SD	Kingsbury County	kingsbury
county	46079	SD	Lake County	lake
county	46081	SD	Lawrence County	lawrence
county	46083	SD	Lincoln County	lincoln
county	46085	SD	Lyman County	lyman
county	46087	SD	McCook County	mccook
county	46089	SD	McPherson County	mcpherson
county	46091	SD	Marshall County	marshall
county	46093	SD	Meade County	meade
county	46095	SD	Mellette County	mellette
county	46097	SD	Miner County	miner
county	46099	SD	Minnehaha County	minnehaha
county	46101	SD	Moody County	moody
county	46102	SD	Oglala Lakota County	oglala lakota
county	46103	SD	Pennington County	pennington
county	46105	SD	Perkins County	perkins
county	46107	SD	Potter County	potter
county	46109	SD	Roberts County	roberts
county	46111	SD	Sanborn County	sanborn
county	46115	SD	Spink County	spink
county	46117	SD	Stanley County	stanley
county	46119	SD	Sully County	sully
county	46121	SD	Todd County	todd
county	46123	SD	Tripp County	tripp
county	46125	SD	Turner County	turner
county	46127	SD	Union County	union
county	46129	SD	Walworth County	walworth
county	46135	SD	Yankton County	yankton
county	46137	SD	Ziebach County	ziebach
county	47001	TN	Anderson County	anderson
county	47003	TN	Bedford County	bedford
county	47005	TN	Benton County	benton
county	47007	TN	Bledsoe County	bledsoe
county	47009	TN	Blount County	blount
county	47011	TN	Bradley County	bradley
county	47013	TN	Campbell County	campbell
county	47015	TN	Cannon County	cannon
county	47017	TN	Carroll County	carroll
county	47019	TN	Carter County	carter
county	47021	TN	Cheatham County	cheatham
county	47023	TN	Chester County	chester
county	47025	TN	Claiborne County	claiborne
county	47027	TN	Clay County	clay
county	47029	TN	Cocke County	cocke
county	47031	TN	Coffee County	coffee
county	47033	TN	Crockett County	crockett
county	47035	TN	Cumberland County	cumberland
county	47037	TN	Davidson County	davidson
county	47039	TN	Decatur County	decatur
county	47041	TN	DeKalb County	dekalb
county	47043	TN	Dickson County	dickson
county	47045	TN	Dyer County	dyer
county	47047	TN	Fayette County	fayette
county	47049	TN	Fentress County	fentress
county	47051	TN	Franklin County	franklin
county	47053	TN	Gibson County	gibson
county	47055	TN	Giles County	giles
county	47057	TN	Grainger County	grainger
county	47059	TN	Greene County	greene
county	47061	TN	Grundy County	grundy
county	47063	TN	Hamblen County	hamblen
county	47065	TN	Hamilton County	hamilton
county	47067	TN	Hancock County	hancock
county	47069	TN	Hardeman County	hardeman
county	47071	TN	Hardin County	hardin
county	47073	TN	Hawkins County	hawkins
county	47075	TN	Haywood County	haywood
county	47077	TN	Henderson County	henderson
county	47079	TN	Henry County	henry
county	47081	TN	Hickman County	hickman
county	47083	TN	Houston County	houston
county	47085	TN	Humphreys County	humphreys
county	47087	TN	Jackson County	jackson
county	47089	TN	Jefferson County	jefferson
county	47091	TN	Johnson County	johnson
county	47093	TN	Knox County	knox
county	47095	TN	Lake County	lake
county	47097	TN	Lauderdale County	lauderdale
county	47099	TN	Lawrence County	lawrence
county	47101	TN	Lewis County	lewis
county	47103	TN	Lincoln County	lincoln
county	47105	TN	Loudon County	loudon
county	47107	TN	McMinn County	mcminn
county	47109	TN	McNairy County	mcnairy
county	47111	TN	Macon County	macon
county	47113	TN	Madison County	madison
county	47115	TN	Marion County	marion
county	47117	TN	Marshall County	marshall
county	47119	TN	Maury County	maury
county	47121	TN	Meigs County	meigs
county	47123	TN	Monroe County	monroe
county	47125	TN	Montgomery County	montgomery
county	47127	TN	Moore County	moore
county	47129	TN	Morgan County	morgan
county	47131	TN	Obion County	obion
county	47133	TN	Overton County	overton
county	47135	TN	Perry County	perry
county	47137	TN	Pickett County	pickett
county	47139	TN	Polk County	polk
county	47141	TN	Putnam County	putnam
county	47143	TN	Rhea County	rhea
county	47145	TN	Roane County	roane
county	47147	TN	Robertson County	robertson
county	47149	TN	Rutherford County	rutherford
county	47151	TN	Scott County	scott
county	47153	TN	Sequatchie County	sequatchie
county	47155	TN	Sevier County	sevier
county	47157	TN	Shelby County	shelby
county	47159	TN	Smith County	smith
county	47161	TN	Stewart County	stewart
county	47163	TN	Sullivan County	sullivan
county	47165	TN	Sumner County	sumner
county	47167	TN	Tipton County	tipton
county	47169	TN	Trousdale County	trousdale
county	47171	TN	Unicoi County	unicoi
county	47173	TN	Union County	union
county	47175	TN	Van Buren County	van buren
county	47177	TN	Warren County	warren
county	47179	TN	Washington County	washington
county	47181	TN	Wayne County	wayne
county	47183	TN	Weakley County	weakley
county	47185	TN	White County	white
county	47187	TN	Williamson County	williamson
county	47189	TN	Wilson County	wilson
county	48001	TX	Anderson County	anderson
county	48003	TX	Andrews County	andrews
county	48005	TX	Angelina County	angelina
county	48007	TX	Aransas County	aransas
county	48009	TX	Archer County	archer
county	48011	TX	Armstrong County	armstrong
county	48013	TX	Atascosa County	atascosa
county	48015	TX	Austin County	austin
county	48017	TX	Bailey County	bailey
county	48019	TX	Bandera County	bandera
county	48021	TX	Bastrop County	bastrop
county	48023	TX	Baylor County	baylor
county	48025	TX	Bee County	bee
county	48027	TX	Bell County	bell
county	48029	TX	Bexar County	bexar
county	48031	TX	Blanco County	blanco
county	48033	TX	Borden County	borden
county	48035	TX	Bosque County	bosque
county	48037	TX	Bowie County	bowie
county	48039	TX	Brazoria County	brazoria
county	48041	TX	Brazos County	brazos
county	48043	TX	Brewster County	brewster
county	48045	TX	Briscoe County	briscoe
county	48047	TX	Brooks County	brooks
county	48049	TX	Brown County	brown
county	48051	TX	Burleson County	burleson
county	48053	TX	Burnet County	burnet
county	48055	TX	Caldwell County	caldwell
county	48057	TX	Calhoun County	calhoun
county	48059	TX	Callahan County	callahan
county	48061	TX	Cameron County	cameron
county	48063	TX	Camp County	camp
county	48065	TX	Carson County	carson
county	48067	TX	Cass County	cass
county	48069	TX	Castro County	castro
county	48071	TX	Chambers County	chambers
county	48073	TX	Cherokee County	cherokee
county	48075	TX	Childress County	childress
county	48077	TX	Clay County	clay
county	48079	TX	Cochran County	cochran
county	48081	TX	Coke County	coke
county	48083	TX	Coleman County	coleman
county	48085	TX	Collin County	collin
county	48087	TX	Collingsworth County	collingsworth
county	48089	TX	Colorado County	colorado
county	48091	TX	Comal County	comal
county	48093	TX	Comanche County	comanche
county	48095	TX	Concho County	concho
county	48097	TX	Cooke County	cooke
county	48099	TX	Coryell County	coryell
county	48101	TX	Cottle County	cottle
county	48103	TX	Crane County	crane
county	48105	TX	Crockett County	crockett
county	48107	TX	Crosby County	crosby
county	48109	TX	Culberson County	culberson
county	48111	TX	Dallam County	dallam
county	48113	TX	Dallas County	dallas
county	48115	TX	Dawson County	dawson
county	48117	TX	Deaf Smith County	deaf smith
county	48119	TX	Delta County	delta
county	48121	TX	Denton County	denton
county	48123	TX	DeWitt County	dewitt
county	48125	TX	Dickens County	dickens
county	48127	TX	Dimmit County	dimmit
county	48129	TX	Donley County	donley
county	48131	TX	Duval County	duval
county	48133	TX	Eastland County	eastland
county	48135	TX	Ector County	ector
county	48137	TX	Edwards County	edwards
county	48139	TX	Ellis County	ellis
county	48141	TX	El Paso County	el paso
county	48143	TX	Erath County	erath
county	48145	TX	Falls County	falls
county	48147	TX	Fannin County	fannin
county	48149	TX	Fayette County	fayette
county	48151	TX	Fisher County	fisher
county	48153	TX	Floyd County	floyd
county	48155	TX	Foard County	foard
county	48157	TX	Fort Bend County	fort bend
county	48159	TX	Franklin County	franklin
county	48161	TX	Freestone County	freestone
county	48163	TX	Frio County	frio
county	48165	TX	Gaines County	gaines
county	48167	TX	Galveston County	galveston
county	48169	TX	Garza County	garza
county	48171	TX	Gillespie County	gillespie
county	48173	TX	Glasscock County	glasscock
county	48175	TX	Goliad County	goliad
county	48177	TX	Gonzales County	gonzales
county	48179	TX	Gray County	gray
county	48181	TX	Grayson County	grayson
county	48183	TX	Gregg County	gregg
county	48185	TX	Grimes County	grimes
county	48187	TX	Guadalupe County	guadalupe
county	48189	TX	Hale County	hale
county	48191	TX	Hall County	hall
county	48193	TX	Hamilton County	hamilton
county	48195	TX	Hansford County	hansford
county	48197	TX	Hardeman County	hardeman
county	48199	TX	Hardin County	hardin
county	48201	TX	Harris County	harris
county	48203	TX	Harrison County	harrison
county	48205	TX	Hartley County	hartley
county	48207	TX	Haskell County	haskell
county	48209	TX	Hays County	hays
county	48211	TX	Hemphill County	hemphill
county	48213	TX	Henderson County	henderson
county	48215	TX	Hidalgo County	hidalgo
county	48217	TX	Hill County	hill
county	48219	TX	Hockley County	hockley
county	48221	TX	Hood County	hood
county	48223	TX	Hopkins County	hopkins
county	48225	TX	Houston County	houston
county	48227	TX	Howard County	howard
county	48229	TX	Hudspeth County	hudspeth
county	48231	TX	Hunt County	hunt
county	48233	TX	Hutchinson County	hutchinson
county	48235	TX	Irion County	irion
county	48237	TX	Jack County	jack
county	48239	TX	Jackson County	jackson
county	48241	TX	Jasper County	jasper
county	48243	TX	Jeff Davis County	jeff davis
county	48245	TX	Jefferson County	jefferson
county	48247	TX	Jim Hogg County	jim hogg
county	48249	TX	Jim Wells County	jim wells
county	48251	TX	Johnson County	johnson
county	48253	TX	Jones County	jones
county	48255	TX	Karnes County	karnes
county	48257	TX	Kaufman County	kaufman
county	48259	TX	Kendall County	kendall
county	48261	TX	Kenedy County	kenedy
county	48263	TX	Kent County	kent
county	48265	TX	Kerr County	kerr
county	48267	TX	Kimble County	kimble
county	48269	TX	King County	king
county	48271	TX	Kinney County	kinney
county	48273	TX	Kleberg County	kleberg
county	48275	TX	Knox County	knox
county	48277	TX	Lamar County	lamar
county	48279	TX	Lamb County	lamb
county	48281	TX	Lampasas County	lampasas
county	48283	TX	La Salle County	la salle
county	48285	TX	Lavaca County	lavaca
county	48287	TX	Lee County	lee
county	48289	TX	Leon County	leon
county	48291	TX	Liberty County	liberty
county	48293	TX	Limestone County	limestone
county	48295	TX	Lipscomb County	lipscomb
county	48297	TX	Live Oak County	live oak
county	48299	TX	Llano County	llano
county	48301	TX	Loving County	loving
county	48303	TX	Lubbock County	lubbock
county	48305	TX	Lynn County	lynn
county	48307	TX	McCulloch County	mcculloch
county	48309	TX	McLennan County	mclennan
county	48311	TX	McMullen County	mcmullen
county	48313	TX	Madison County	madison
county	48315	TX	Marion County	marion
county	48317	TX	Martin County	martin
county	48319	TX	Mason County	mason
county	48321	TX	Matagorda County	matagorda
county	48323	TX	Maverick County	maverick
county	48325	TX	Medina County	medina
county	48327	TX	Menard County	menard
county	48329	TX	Midland County	midland
county	48331	TX	Milam County	milam
county	48333	TX	Mills County	mills
county	48335	TX	Mitchell County	mitchell
county	48337	TX	Montague County	montague
county	48339	TX	Montgomery County	montgomery
county	48341	TX	Moore County	moore
county	48343	TX	Morris County	morris
county	48345	TX	Motley County	motley
county	48347	TX	Nacogdoches County	nacogdoches
county	48349	TX	Navarro County	navarro
county	48351	TX	Newton County	newton
county	48353	TX	Nolan County	nolan
county	48355	TX	Nueces County	nueces
county	48357	TX	Ochiltree County	ochiltree
county	48359	TX	Oldham County	oldham
county	48361	TX	Orange County	orange
county	48363	TX	Palo Pinto County	palo pinto
county	48365	TX	Panola County	panola
county	48367	TX	Parker County	parker
county	48369	TX	Parmer County	parmer
county	48371	TX	Pecos County	pecos
county	48373	TX	Polk County	polk
county	48375	TX	Potter County	potter
county	48377	TX	Presidio County	presidio
county	48379	TX	Rains County	rains
county	48381	TX	Randall County	randall
county	48383	TX	Reagan County	reagan
county	48385	TX	Real County	real
county	48387	TX	Red River County	red river
county	48389	TX	Reeves County	reeves
county	48391	TX	Refugio County	refugio
county	48393	TX	Roberts County	roberts
county	48395	TX	Robertson County	robertson
county	48397	TX	Rockwall County	rockwall
county	48399	TX	Runnels County	runnels
county	48401	TX	Rusk County	rusk
county	48403	TX	Sabine County	sabine
county	48405	TX	San Augustine County	san augustine
county	48407	TX	San Jacinto County	san jacinto
county	48409	TX	San Patricio County	san patricio
county	48411	TX	San Saba County	san saba
county	48413	TX	Schleicher County	schleicher
county	48415	TX	Scurry County	scurry
county	48417	TX	Shackelford County	shackelford
county	48419	TX	Shelby County	shelby
county	48421	TX	Sherman County	sherman
county	48423	TX	Smith County	smith
county	48425	TX	Somervell County	somervell
county	48427	TX	Starr County	starr
county	48429	TX	Stephens County	stephens
county	48431	TX	Sterling County	sterling
county	48433	TX	Stonewall County	stonewall
county	48435	TX	Sutton County	sutton
county	48437	TX	Swisher County	swisher
county	48439	TX	Tarrant County	tarrant
county	48441	TX	Taylor County	taylor
county	48443	TX	Terrell County	terrell
county	48445	TX	Terry County	terry
county	48447	TX	Throckmorton County	throckmorton
county	48449	TX	Titus County	titus
county	48451	TX	Tom Green County	tom green
county	48453	TX	Travis County	travis
county	48455	TX	Trinity County	trinity
county	48457	TX	Tyler County	tyler
county	48459	TX	Upshur County	upshur
county	48461	TX	Upton County	upton
county	48463	TX	Uvalde County	uvalde
county	48465	TX	Val Verde County	val verde
county	48467	TX	Van Zandt County	van zandt
county	48469	TX	Victoria County	victoria
county	48471	TX	Walker County	walker
county	48473	TX	Waller County	waller
county	48475	TX	Ward County	ward
county	48477	TX	Washington County	washington
county	48479	TX	Webb County	webb
county	48481	TX	Wharton County	wharton
county	48483	TX	Wheeler County	wheeler
county	48485	TX	Wichita County	wichita
county	48487	TX	Wilbarger County	wilbarger
county	48489	TX	Willacy County	willacy
county	48491	TX	Williamson County	williamson
county	48493	TX	Wilson County	wilson
county	48495	TX	Winkler County	winkler
county	48497	TX	Wise County	wise
county	48499	TX	Wood County	wood
county	48501	TX	Yoakum County	yoakum
county	48503	TX	Young County	young
county	48505	TX	Zapata County	zapata
county	48507	TX	Zavala County	zavala
county	49001	UT	Beaver County	beaver
county	49003	UT	Box Elder County	box elder
county	49005	UT	Cache County	cache
county	49007	UT	Carbon County	carbon
county	49009	UT	Daggett County	daggett
county	49011	UT	Davis County	davis
county	49013	UT	Duchesne County	duchesne
county	49015	UT	Emery County	emery
county	49017	UT	Garfield County	garfield
county	49019	UT	Grand County	grand
county	49021	UT	Iron County	iron
county	49023	UT	Juab County	juab
county	49025	UT	Kane County	kane
county	49027	UT	Millard County	millard
county	49029	UT	Morgan County	morgan
county	49031	UT	Piute County	piute
county	49033	UT	Rich County	rich
county	49035	UT	Salt Lake County	salt lake
county	49037	UT	San Juan County	san juan
county	49039	UT	Sanpete County	sanpete
county	49041	UT	Sevier County	sevier
county	49043	UT	Summit County	summit
county	49045	UT	Tooele County	tooele
county	49047	UT	Uintah County	uintah
county	49049	UT	Utah County	utah
county	49051	UT	Wasatch County	wasatch
county	49053	UT	Washington County	washington
county	49055	UT	Wayne County	wayne
county	49057	UT	Weber County	weber
county	50001	VT	Addison County	addison
county	50003	VT	Bennington County	bennington
county	50005	VT	Caledonia County	caledonia
county	50007	VT	Chittenden County	chittenden
county	50009	VT	Essex County	essex
county	50011	VT	Franklin County	franklin
county	50013	VT	Grand Isle County	grand isle
county	50015	VT	Lamoille County	lamoille
county	50017	VT	Orange County	orange
county	50019	VT	Orleans County	orleans
county	50021	VT	Rutland County	rutland
county	50023	VT	Washington County	washington
county	50025	VT	Windham County	windham
county	50027	VT	Windsor County	windsor
county	51001	VA	Accomack County	accomack
county	51003	VA	Albemarle County	albemarle
county	51005	VA	Alleghany County	alleghany
county	51007	VA	Amelia County	amelia
county	51009	VA	Amherst County	amherst
county	51011	VA	Appomattox County	appomattox
county	51013	VA	Arlington County	arlington
county	51015	VA	Augusta County	augusta
county	51017	VA	Bath County	bath
county	51019	VA	Bedford County	bedford
county	51021	VA	Bland County	bland
county	51023	VA	Botetourt County	botetourt
county	51025	VA	Brunswick County	brunswick
county	51027	VA	Buchanan County	buchanan
county	51029	VA	Buckingham County	buckingham
county	51031	VA	Campbell County	campbell
county	51033	VA	Caroline County	caroline
county	51035	VA	Carroll County	carroll
county	51036	VA	Charles City County	charles
county	51037	VA	Charlotte County	charlotte
county	51041	VA	Chesterfield County	chesterfield
county	51043	VA	Clarke County	clarke
county	51045	VA	Craig County	craig
county	51047	VA	Culpeper County	culpeper
county	51049	VA	Cumberland County	cumberland
county	51051	VA	Dickenson County	dickenson
county	51053	VA	Dinwiddie County	dinwiddie
county	51057	VA	Essex County	essex
county	51059	VA	Fairfax County	fairfax
county	51061	VA	Fauquier County	fauquier
county	51063	VA	Floyd County	floyd
county	51065	VA	Fluvanna County	fluvanna
county	51067	VA	Franklin County	franklin
county	51069	VA	Frederick County	frederick
county	51071	VA	Giles County	giles
county	51073	VA	Gloucester County	gloucester
county	51075	VA	Goochland County	goochland
county	51077	VA	Grayson County	grayson
county	51079	VA	Greene County	greene
county	51081	VA	Greensville County	greensville
county	51083	VA	Halifax County	halifax
county	51085	VA	Hanover County	hanover
county	51087	VA	Henrico County	henrico
county	51089	VA	Henry County	henry
county	51091	VA	Highland County	highland
county	51093	VA	Isle of Wight County	isle of wight
county	51095	VA	James City County	james
county	51097	VA	King and Queen County	king and queen
county	51099	VA	King George County	king george
county	51101	VA	King William County	king william
county	51103	VA	Lancaster County	lancaster
county	51105	VA	Lee County	lee
county	51107	VA	Loudoun County	loudoun
county	51109	VA	Louisa County	louisa
county	51111	VA	Lunenburg County	lunenburg
county	51113	VA	Madison County	madison
county	51115	VA	Mathews County	mathews
county	51117	VA	Mecklenburg County	mecklenburg
county	51119	VA	Middlesex County	middlesex
county	51121	VA	Montgomery County	montgomery
county	51125	VA	Nelson County	nelson
county	51127	VA	New Kent County	new kent
county	51131	VA	Northampton County	northampton
county	51133	VA	Northumberland County	northumberland
county	51135	VA	Nottoway County	nottoway
county	51137	VA	Orange County	orange
county	51139	VA	Page County	page
county	51141	VA	Patrick County	patrick
county	51143	VA	Pittsylvania County	pittsylvania
county	51145	VA	Powhatan County	powhatan
county	51147	VA	Prince Edward County	prince edward
county	51149	VA	Prince George County	prince george
county	51153	VA	Prince William County	prince william
county	51155	VA	Pulaski County	pulaski
county	51157	VA	Rappahannock County	rappahannock
county	51159	VA	Richmond County	richmond
county	51161	VA	Roanoke County	roanoke
county	51163	VA	Rockbridge County	rockbridge
county	51165	VA	Rockingham County	rockingham
county	51167	VA	Russell County	russell
county	51169	VA	Scott County	scott
county	51171	VA	Shenandoah County	shenandoah
county	51173	VA	Smyth County	smyth
county	51175	VA	Southampton County	southampton
county	51177	VA	Spotsylvania County	spotsylvania
county	51179	VA	Stafford County	stafford
county	51181	VA	Surry County	surry
county	51183	VA	Sussex County	sussex
county	51185	VA	Tazewell County	tazewell
county	51187	VA	Warren County	warren
county	51191	VA	Washington County	washington
county	51193	VA	Westmoreland County	westmoreland
county	51195	VA	Wise County	wise
county	51197	VA	Wythe County	wythe
county	51199	VA	York County	york
county	51510	VA	Alexandria city	alexandria
county	51520	VA	Bristol city	bristol
county	51530	VA	Buena Vista city	buena vista
county	51540	VA	Charlottesville city	charlottesville
county	51550	VA	Chesapeake city	chesapeake
county	51570	VA	Colonial Heights city	colonial heights
county	51580	VA	Covington city	covington
county	51590	VA	Danville city	danville
county	51595	VA	Emporia city	emporia
county	51600	VA	Fairfax city	fairfax
county	51610	VA	Falls Church city	falls church
county	51620	VA	Franklin city	franklin
county	51630	VA	Fredericksburg city	fredericksburg
county	51640	VA	Galax city	galax
county	51650	VA	Hampton city	hampton
county	51660	VA	Harrisonburg city	harrisonburg
county	51670	VA	Hopewell city	hopewell
county	51678	VA	Lexington city	lexington
county	51680	VA	Lynchburg city	lynchburg
county	51683	VA	Manassas city	manassas
county	51685	VA	Manassas Park city	manassas park
county	51690	VA	Martinsville city	martinsville
county	51700	VA	Newport News city	newport news
county	51710	VA	Norfolk city	norfolk
county	51720	VA	Norton city	norton
county	51730	VA	Petersburg city	petersburg
county	51735	VA	Poquoson city	poquoson
county	51740	VA	Portsmouth city	portsmouth
county	51750	VA	Radford city	radford
county	51760	VA	Richmond city	richmond
county	51770	VA	Roanoke city	roanoke
county	51775	VA	Salem city	salem
county	51790	VA	Staunton city	staunton
county	51800	VA	Suffolk city	suffolk
county	51810	VA	Virginia Beach city	virginia beach
county	51820	VA	Waynesboro city	waynesboro
county	51830	VA	Williamsburg city	williamsburg
county	51840	VA	Winchester city	winchester
county	53001	WA	Adams County	adams
county	53003	WA	Asotin County	asotin
county	53005	WA	Benton County	benton
county	53007	WA	Chelan County	chelan
county	53009	WA	Clallam County	clallam
county	53011	WA	Clark County	clark
county	53013	WA	Columbia County	columbia
county	53015	WA	Cowlitz County	cowlitz
county	53017	WA	Douglas County	douglas
county	53019	WA	Ferry County	ferry
county	53021	WA	Franklin County	franklin
county	53023	WA	Garfield County	garfield
county	53025	WA	Grant County	grant
county	53027	WA	Grays Harbor County	grays harbor
county	53029	WA	Island County	island
county	53031	WA	Jefferson County	jefferson
county	53033	WA	King County	king
county	53035	WA	Kitsap County	kitsap
county	53037	WA	Kittitas County	kittitas
county	53039	WA	Klickitat County	klickitat
county	53041	WA	Lewis County	lewis
county	53043	WA	Lincoln County	lincoln
county	53045	WA	Mason County	mason
county	53047	WA	Okanogan County	okanogan
county	53049	WA	Pacific County	pacific
county	53051	WA	Pend Oreille County	pend oreille
county	53053	WA	Pierce County	pierce
county	53055	WA	San Juan County	san juan
county	53057	WA	Skagit County	skagit
county	53059	WA	Skamania County	skamania
county	53061	WA	Snohomish County	snohomish
county	53063	WA	Spokane County	spokane
county	53065	WA	Stevens County	stevens
county	53067	WA	Thurston County	thurston
county	53069	WA	Wahkiakum County	wahkiakum
county	53071	WA	Walla Walla County	walla walla
county	53073	WA	Whatcom County	whatcom
county	53075	WA	Whitman County	whitman
county	53077	WA	Yakima County	yakima
county	54001	WV	Barbour County	barbour
county	54003	WV	Berkeley County	berkeley
county	54005	WV	Boone County	boone
county	54007	WV	Braxton County	braxton
county	54009	WV	Brooke County	brooke
county	54011	WV	Cabell County	cabell
county	54013	WV	Calhoun County	calhoun
county	54015	WV	Clay County	clay
county	54017	WV	Doddridge County	doddridge
county	54019	WV	Fayette County	fayette
county	54021	WV	Gilmer County	gilmer
county	54023	WV	Grant County	grant
county	54025	WV	Greenbrier County	greenbrier
county	54027	WV	Hampshire County	hampshire
county	54029	WV	Hancock County	hancock
county	54031	WV	Hardy County	hardy
county	54033	WV	Harrison County	harrison
county	54035	WV	Jackson County	jackson
county	54037	WV	Jefferson County	jefferson
county	54039	WV	Kanawha County	kanawha
county	54041	WV	Lewis County	lewis
county	54043	WV	Lincoln County	lincoln
county	54045	WV	Logan County	logan
county	54047	WV	McDowell County	mcdowell
county	54049	WV	Marion County	marion
county	54051	WV	Marshall County	marshall
county	54053	WV	Mason County	mason
county	54055	WV	Mercer County	mercer
county	54057	WV	Mineral County	mineral
county	54059	WV	Mingo County	mingo
county	54061	WV	Monongalia County	monongalia
county	54063	WV	Monroe County	monroe
county	54065	WV	Morgan County	morgan
county	54067	WV	Nicholas County	nicholas
county	54069	WV	Ohio County	ohio
county	54071	WV	Pendleton County	pendleton
county	54073	WV	Pleasants County	pleasants
county	54075	WV	Pocahontas County	pocahontas
county	54077	WV	Preston County	preston
county	54079	WV	Putnam County	putnam
county	54081	WV	Raleigh County	raleigh
county	54083	WV	Randolph County	randolph
county	54085	WV	Ritchie County	ritchie
county	54087	WV	Roane County	roane
county	54089	WV	Summers County	summers
county	54091	WV	Taylor County	taylor
county	54093	WV	Tucker County	tucker
county	54095	WV	Tyler County	tyler
county	54097	WV	Upshur County	upshur
county	54099	WV	Wayne County	wayne
county	54101	WV	Webster County	webster
county	54103	WV	Wetzel County	wetzel
county	54105	WV	Wirt County	wirt
county	54107	WV	Wood County	wood
county	54109	WV	Wyoming County	wyoming
county	55001	WI	Adams County	adams
county	55003	WI	Ashland County	ashland
county	55005	WI	Barron County	barron
county	55007	WI	Bayfield County	bayfield
county	55009	WI	Brown County	brown
county	55011	WI	Buffalo County	buffalo
county	55013	WI	Burnett County	burnett
county	55015	WI	Calumet County	calumet
county	55017	WI	Chippewa County	chippewa
county	55019	WI	Clark County	clark
county	55021	WI	Columbia County	columbia
county	55023	WI	Crawford County	crawford
county	55025	WI	Dane County	dane
county	55027	WI	Dodge County	dodge
county	55029	WI	Door County	door
county	55031	WI	Douglas County	douglas
county	55033	WI	Dunn County	dunn
county	55035	WI	Eau Claire County	eau claire
county	55037	WI	Florence County	florence
county	55039	WI	Fond du Lac County	fond du lac
county	55041	WI	Forest County	forest
county	55043	WI	Grant County	grant
county	55045	WI	Green County	green
county	55047	WI	Green Lake County	green lake
county	55049	WI	Iowa County	iowa
county	55051	WI	Iron County	iron
county	55053	WI	Jackson County	jackson
county	55055	WI	Jefferson County	jefferson
county	55057	WI	Juneau County	juneau
county	55059	WI	Kenosha County	kenosha
county	55061	WI	Kewaunee County	kewaunee
county	55063	WI	La Crosse County	la crosse
county	55065	WI	Lafayette County	lafayette
county	55067	WI	Langlade County	langlade
county	55069	WI	Lincoln County	lincoln
county	55071	WI	Manitowoc County	manitowoc
county	55073	WI	Marathon County	marathon
county	55075	WI	Marinette County	marinette
county	55077	WI	Marquette County	marquette
county	55078	WI	Menominee County	menominee
county	55079	WI	Milwaukee County	milwaukee
county	55081	WI	Monroe County	monroe
county	55083	WI	Oconto County	oconto
county	55085	WI	Oneida County	oneida
county	55087	WI	Outagamie County	outagamie
county	55089	WI	Ozaukee County	ozaukee
county	55091	WI	Pepin County	pepin
county	55093	WI	Pierce County	pierce
county	55095	WI	Polk County	polk
county	55097	WI	Portage County	portage
county	55099	WI	Price County	price
county	55101	WI	Racine County	racine
county	55103	WI	Richland County	richland
county	55105	WI	Rock County	rock
county	55107	WI	Rusk County	rusk
county	55109	WI	St. Croix County	st croix
county	55111	WI	Sauk County	sauk
county	55113	WI	Sawyer County	sawyer
county	55115	WI	Shawano County	shawano
county	55117	WI	Sheboygan County	sheboygan
county	55119	WI	Taylor County	taylor
county	55121	WI	Trempealeau County	trempealeau
county	55123	WI	Vernon County	vernon
county	55125	WI	Vilas County	vilas
county	55127	WI	Walworth County	walworth
county	55129	WI	Washburn County	washburn
county	55131	WI	Washington County	washington
county	55133	WI	Waukesha County	waukesha
county	55135	WI	Waupaca County	waupaca
county	55137	WI	Waushara County	waushara
county	55139	WI	Winnebago County	winnebago
county	55141	WI	Wood County	wood
county	56001	WY	Albany County	albany
county	56003	WY	Big Horn County	big horn
county	56005	WY	Campbell County	campbell
county	56007	WY	Carbon County	carbon
county	56009	WY	Converse County	converse
county	56011	WY	Crook County	crook
county	56013	WY	Fremont County	fremont
county	56015	WY	Goshen County	goshen
county	56017	WY	Hot Springs County	hot springs
county	56019	WY	Johnson County	johnson
county	56021	WY	Laramie County	laramie
county	56023	WY	Lincoln County	lincoln
county	56025	WY	Natrona County	natrona
county	56027	WY	Niobrara County	niobrara
county	56029	WY	Park County	park
county	56031	WY	Platte County	platte
county	56033	WY	Sheridan County	sheridan
county	56035	WY	Sublette County	sublette
county	56037	WY	Sweetwater County	sweetwater
county	56039	WY	Teton County	teton
county	56041	WY	Uinta County	uinta
county	56043	WY	Washakie County	washakie
county	56045	WY	Weston County	weston
county	72001	PR	Adjuntas Municipio	adjuntas municipio
county	72003	PR	Aguada Municipio	aguada municipio
county	72005	PR	Aguadilla Municipio	aguadilla municipio
county	72007	PR	Aguas Buenas Municipio	aguas buenas municipio
county	72009	PR	Aibonito Municipio	aibonito municipio
county	72011	PR	Añasco Municipio	añasco municipio
county	72013	PR	Arecibo Municipio	arecibo municipio
county	72015	PR	Arroyo Municipio	arroyo municipio
county	72017	PR	Barceloneta Municipio	barceloneta municipio
county	72019	PR	Barranquitas Municipio	barranquitas municipio
county	72021	PR	Bayamón Municipio	bayamón municipio
county	72023	PR	Cabo Rojo Municipio	cabo rojo municipio
county	72025	PR	Caguas Municipio	caguas municipio
county	72027	PR	Camuy Municipio	camuy municipio
county	72029	PR	Canóvanas Municipio	canóvanas municipio
county	72031	PR	Carolina Municipio	carolina municipio
county	72033	PR	Cataño Municipio	cataño municipio
county	72035	PR	Cayey Municipio	cayey municipio
county	72037	PR	Ceiba Municipio	ceiba municipio
county	72039	PR	Ciales Municipio	ciales municipio
county	72041	PR	Cidra Municipio	cidra municipio
county	72043	PR	Coamo Municipio	coamo municipio
county	72045	PR	Comerío Municipio	comerío municipio
county	72047	PR	Corozal Municipio	corozal municipio
county	72049	PR	Culebra Municipio	culebra municipio
county	72051	PR	Dorado Municipio	dorado municipio
county	72053	PR	Fajardo Municipio	fajardo municipio
county	72054	PR	Florida Municipio	florida municipio
county	72055	PR	Guánica Municipio	guánica municipio
county	72057	PR	Guayama Municipio	guayama municipio
county	72059	PR	Guayanilla Municipio	guayanilla municipio
county	72061	PR	Guaynabo Municipio	guaynabo municipio
county	72063	PR	Gurabo Municipio	gurabo municipio
county	72065	PR	Hatillo Municipio	hatillo municipio
county	72067	PR	Hormigueros Municipio	hormigueros municipio
county	72069	PR	Humacao Municipio	humacao municipio
county	72071	PR	Isabela Municipio	isabela municipio
county	72073	PR	Jayuya Municipio	jayuya municipio
county	72075	PR	Juana Díaz Municipio	juana díaz municipio
county	72077	PR	Juncos Municipio	juncos municipio
county	72079	PR	Lajas Municipio	lajas municipio
county	72081	PR	Lares Municipio	lares municipio
county	72083	PR	Las Marías Municipio	las marías municipio
county	72085	PR	Las Piedras Municipio	las piedras municipio
county	72087	PR	Loíza Municipio	loíza municipio
county	72089	PR	Luquillo Municipio	luquillo municipio
county	72091	PR	Manatí Municipio	manatí municipio
county	72093	PR	Maricao Municipio	maricao municipio
county	72095	PR	Maunabo Municipio	maunabo municipio
county	72097	PR	Mayagüez Municipio	mayagüez municipio
county	72099	PR	Moca Municipio	moca municipio
county	72101	PR	Morovis Municipio	morovis municipio
county	72103	PR	Naguabo Municipio	naguabo municipio
county	72105	PR	Naranjito Municipio	naranjito municipio
county	72107	PR	Orocovis Municipio	orocovis municipio
county	72109	PR	Patillas Municipio	patillas municipio
county	72111	PR	Peñuelas Municipio	peñuelas municipio
county	72113	PR	Ponce Municipio	ponce municipio
county	72115	PR	Quebradillas Municipio	quebradillas municipio
county	72117	PR	Rincón Municipio	rincón municipio
county	72119	PR	Río Grande Municipio	río grande municipio
county	72121	PR	Sabana Grande Municipio	sabana grande municipio
county	72123	PR	Salinas Municipio	salinas municipio
county	72125	PR	San Germán Municipio	san germán municipio
county	72127	PR	San Juan Municipio	san juan municipio
county	72129	PR	San Lorenzo Municipio	san lorenzo municipio
county	72131	PR	San Sebastián Municipio	san sebastián municipio
county	72133	PR	Santa Isabel Municipio	santa isabel municipio
county	72135	PR	Toa Alta Municipio	toa alta municipio
county	72137	PR	Toa Baja Municipio	toa baja municipio
county	72139	PR	Trujillo Alto Municipio	trujillo alto municipio
county	72141	PR	Utuado Municipio	utuado municipio
county	72143	PR	Vega Alta Municipio	vega alta municipio
county	72145	PR	Vega Baja Municipio	vega baja municipio
county	72147	PR	Vieques Municipio	vieques municipio
county	72149	PR	Villalba Municipio	villalba municipio
county	72151	PR	Yabucoa Municipio	yabucoa municipio
county	72153	PR	Yauco Municipio	yauco municipio
place	0100124	AL	Abbeville city	abbeville
place	0100460	AL	Adamsville city	adamsville
place	0100484	AL	Addison town	addison
place	0100676	AL	Akron town	akron
place	0100820	AL	Alabaster city	alabaster
place	0100988	AL	Albertville city	albertville
place	0101132	AL	Alexander City city	alexander
place	0101228	AL	Aliceville city	aliceville
place	0101396	AL	Allgood town	allgood
place	0101660	AL	Altoona town	altoona
place	0101708	AL	Andalusia city	andalusia
place	0101756	AL	Anderson town	anderson
place	0101852	AL	Anniston city	anniston
place	0102116	AL	Arab city	arab
place	0102260	AL	Ardmore town	ardmore
place	0102320	AL	Argo city	argo
place	0102428	AL	Ariton town	ariton
place	0102500	AL	Arley town	arley
place	0102836	AL	Ashford city	ashford
place	0102860	AL	Ashland town	ashland
place	0102908	AL	Ashville city	ashville
place	0102956	AL	Athens city	athens
place	0103004	AL	Atmore city	atmore
place	0103028	AL	Attalla city	attalla
place	0103076	AL	Auburn city	auburn
place	0103220	AL	Autaugaville town	autaugaville
place	0103364	AL	Avon town	avon
place	0103556	AL	Babbie town	babbie
place	0103676	AL	Baileyton town	baileyton
place	0103724	AL	Bakerhill town	bakerhill
place	0103940	AL	Banks town	banks
place	0104660	AL	Bay Minette city	bay minette
place	0104684	AL	Bayou La Batre city	bayou la batre
place	0104852	AL	Bear Creek town	bear creek
place	0104900	AL	Beatrice town	beatrice
place	0104948	AL	Beaverton town	beaverton
place	0105164	AL	Belk town	belk
place	0105692	AL	Benton town	benton
place	0105812	AL	Berlin town	berlin
place	0105932	AL	Berry town	berry
place	0105980	AL	Bessemer city	bessemer
place	0106460	AL	Billingsley town	billingsley
place	0107000	AL	Birmingham city	birmingham
place	0107120	AL	Black town	black
place	0107456	AL	Blountsville town	blountsville
place	0107672	AL	Blue Springs town	blue springs
place	0107912	AL	Boaz city	boaz
place	0108104	AL	Boligee town	boligee
place	0108248	AL	Bon Air town	bon air
place	0109016	AL	Brantley town	brantley
place	0109136	AL	Brent city	brent
place	0109208	AL	Brewton city	brewton
place	0109328	AL	Bridgeport city	bridgeport
place	0109400	AL	Brighton city	brighton
place	0109424	AL	Brilliant town	brilliant
place	0109736	AL	Brookside town	brookside
place	0109808	AL	Brookwood town	brookwood
place	0110240	AL	Brundidge city	brundidge
place	0111032	AL	Butler town	butler
place	0111416	AL	Calera city	calera
place	0111512	AL	Camden city	camden
place	0111680	AL	Camp Hill town	camp hill
place	0112016	AL	Carbon Hill city	carbon hill
place	0112040	AL	Cardiff town	cardiff
place	0112160	AL	Carolina town	carolina
place	0112304	AL	Carrollton town	carrollton
place	0112496	AL	Castleberry town	castleberry
place	0112760	AL	Cedar Bluff town	cedar bluff
place	0113264	AL	Center Point city	center point
place	0113648	AL	Centre city	centre
place	0113672	AL	Centreville city	centreville
place	0114008	AL	Chatom town	chatom
place	0114104	AL	Chelsea city	chelsea
place	0114152	AL	Cherokee town	cherokee
place	0114202	AL	Cherokee Ridge town	cherokee ridge
place	0114392	AL	Chickasaw city	chickasaw
place	0114464	AL	Childersburg city	childersburg
place	0115064	AL	Citronelle city	citronelle
place	0115136	AL	Clanton city	clanton
place	0115256	AL	Clay city	clay
place	0115304	AL	Clayhatchee town	clayhatchee
place	0115376	AL	Clayton city	clayton
place	0115472	AL	Cleveland town	cleveland
place	0115640	AL	Clio city	clio
place	0116000	AL	Coaling city	coaling
place	0116240	AL	Coffee Springs town	coffee springs
place	0116264	AL	Coffeeville town	coffeeville
place	0116312	AL	Coker town	coker
place	0116600	AL	Collinsville city	collinsville
place	0116684	AL	Colony town	colony
place	0116744	AL	Columbia town	columbia
place	0116768	AL	Columbiana city	columbiana
place	0117176	AL	Coosada town	coosada
place	0117368	AL	Cordova town	cordova
place	0117824	AL	Cottonwood town	cottonwood
place	0117968	AL	County Line town	county line
place	0118040	AL	Courtland town	courtland
place	0118088	AL	Cowarts town	cowarts
place	0118304	AL	Creola town	creola
place	0118856	AL	Crossville town	crossville
place	0118952	AL	Cuba town	cuba
place	0118976	AL	Cullman city	cullman
place	0119216	AL	Cusseta town	cusseta
place	0119336	AL	Dadeville city	dadeville
place	0119360	AL	Daleville city	daleville
place	0119648	AL	Daphne city	daphne
place	0119744	AL	Dauphin Island town	dauphin island
place	0119816	AL	Daviston town	daviston
place	0119912	AL	Dayton town	dayton
place	0120008	AL	Deatsville town	deatsville
place	0120104	AL	Decatur city	decatur
place	0120296	AL	Demopolis city	demopolis
place	0120392	AL	Detroit town	detroit
place	0120955	AL	Dodge City town	dodge
place	0121136	AL	Dora city	dora
place	0121184	AL	Dothan city	dothan
place	0121280	AL	Double Springs town	double springs
place	0121328	AL	Douglas town	douglas
place	0121448	AL	Dozier town	dozier
place	0121952	AL	Dutton town	dutton
place	0122216	AL	East Brewton city	east brewton
place	0122816	AL	Eclectic town	eclectic
place	0123176	AL	Edwardsville town	edwardsville
place	0123296	AL	Elba city	elba
place	0123320	AL	Elberta town	elberta
place	0123344	AL	Eldridge town	eldridge
place	0123488	AL	Elkmont town	elkmont
place	0123656	AL	Elmore town	elmore
place	0123872	AL	Emelle town	emelle
place	0124184	AL	Enterprise city	enterprise
place	0124256	AL	Epes town	epes
place	0124472	AL	Ethelsville town	ethelsville
place	0124568	AL	Eufaula city	eufaula
place	0124664	AL	Eutaw city	eutaw
place	0124688	AL	Eva town	eva
place	0124808	AL	Evergreen city	evergreen
place	0124880	AL	Excel town	excel
place	0125120	AL	Fairfield city	fairfield
place	0125240	AL	Fairhope city	fairhope
place	0125384	AL	Fairview town	fairview
place	0125648	AL	Falkville town	falkville
place	0125816	AL	Faunsdale town	faunsdale
place	0125840	AL	Fayette city	fayette
place	0126200	AL	Five Points town	five points
place	0126824	AL	Flomaton town	flomaton
place	0126848	AL	Florala town	florala
place	0126896	AL	Florence city	florence
place	0126992	AL	Foley city	foley
place	0127376	AL	Forkland town	forkland
place	0127520	AL	Fort Deposit town	fort deposit
place	0127616	AL	Fort Payne city	fort payne
place	0128024	AL	Franklin town	franklin
place	0128312	AL	Frisco City town	frisco
place	0128432	AL	Fruithurst town	fruithurst
place	0128504	AL	Fulton town	fulton
place	0128552	AL	Fultondale city	fultondale
place	0128672	AL	Fyffe town	fyffe
place	0128696	AL	Gadsden city	gadsden
place	0128768	AL	Gainesville town	gainesville
place	0128936	AL	Gantt town	gantt
place	0129032	AL	Garden City town	garden
place	0129056	AL	Gardendale city	gardendale
place	0129296	AL	Gaylesville town	gaylesville
place	0129392	AL	Geiger town	geiger
place	0129464	AL	Geneva city	geneva
place	0129560	AL	Georgiana town	georgiana
place	0129608	AL	Geraldine town	geraldine
place	0129704	AL	Gilbertown town	gilbertown
place	0129944	AL	Glen Allen town	glen allen
place	0129992	AL	Glencoe city	glencoe
place	0130160	AL	Glenwood town	glenwood
place	0130448	AL	Goldville town	goldville
place	0130496	AL	Good Hope city	good hope
place	0130640	AL	Goodwater town	goodwater
place	0130736	AL	Gordo town	gordo
place	0130760	AL	Gordon town	gordon
place	0130808	AL	Gordonville town	gordonville
place	0130880	AL	Goshen town	goshen
place	0131096	AL	Grant town	grant
place	0131384	AL	Graysville city	graysville
place	0131720	AL	Greensboro city	greensboro
place	0131912	AL	Greenville city	greenville
place	0132056	AL	Grimes town	grimes
place	0132080	AL	Grove Hill town	grove hill
place	0132224	AL	Guin city	guin
place	0132272	AL	Gulf Shores city	gulf shores
place	0132416	AL	Guntersville city	guntersville
place	0132440	AL	Gurley town	gurley
place	0132536	AL	Gu-Win town	gu win
place	0132560	AL	Hackleburg town	hackleburg
place	0132656	AL	Haleburg town	haleburg
place	0132704	AL	Haleyville city	haleyville
place	0132848	AL	Hamilton city	hamilton
place	0132896	AL	Hammondville town	hammondville
place	0132968	AL	Hanceville city	hanceville
place	0133256	AL	Harpersville town	harpersville
place	0133424	AL	Hartford city	hartford
place	0133448	AL	Hartselle city	hartselle
place	0133640	AL	Hayden town	hayden
place	0133712	AL	Hayneville town	hayneville
place	0133856	AL	Headland city	headland
place	0133904	AL	Heath town	heath
place	0133976	AL	Heflin city	heflin
place	0134024	AL	Helena city	helena
place	0134096	AL	Henagar city	henagar
place	0134480	AL	Highland Lake town	highland lake
place	0134816	AL	Hillsboro town	hillsboro
place	0135152	AL	Hobson City town	hobson
place	0135200	AL	Hodges town	hodges
place	0135392	AL	Hokes Bluff city	hokes bluff
place	0135560	AL	Holly Pond town	holly pond
place	0135632	AL	Hollywood town	hollywood
place	0135800	AL	Homewood city	homewood
place	0135896	AL	Hoover city	hoover
place	0136088	AL	Horn Hill town	horn hill
place	0136448	AL	Hueytown city	hueytown
place	0137000	AL	Huntsville city	huntsville
place	0137096	AL	Hurtsboro town	hurtsboro
place	0137264	AL	Hytop town	hytop
place	0137312	AL	Ider town	ider
place	0137465	AL	Indian Springs Village city	indian springs
place	0137864	AL	Irondale city	irondale
place	0138152	AL	Jackson city	jackson
place	0138248	AL	Jacksons' Gap town	jacksons gap
place	0138272	AL	Jacksonville city	jacksonville
place	0138416	AL	Jasper city	jasper
place	0138608	AL	Jemison city	jemison
place	0139280	AL	Kansas town	kansas
place	0139472	AL	Kellyton town	kellyton
place	0139520	AL	Kennedy town	kennedy
place	0139784	AL	Killen town	killen
place	0139856	AL	Kimberly city	kimberly
place	0140072	AL	Kinsey city	kinsey
place	0140096	AL	Kinston town	kinston
place	0140672	AL	La Fayette city	la fayette
place	0140888	AL	Lakeview town	lakeview
place	0140928	AL	Lake View city	lake view
place	0141296	AL	Lanett city	lanett
place	0141368	AL	Langston town	langston
place	0141968	AL	Leeds city	leeds
place	0142016	AL	Leesburg town	leesburg
place	0142160	AL	Leighton town	leighton
place	0142352	AL	Lester town	lester
place	0142472	AL	Level Plains town	level plains
place	0142640	AL	Lexington town	lexington
place	0142808	AL	Libertyville town	libertyville
place	0143120	AL	Lincoln city	lincoln
place	0143240	AL	Linden town	linden
place	0143264	AL	Lineville city	lineville
place	0143336	AL	Lipscomb city	lipscomb
place	0143384	AL	Lisman town	lisman
place	0143648	AL	Littleville town	littleville
place	0143720	AL	Livingston city	livingston
place	0143744	AL	Loachapoka town	loachapoka
place	0143816	AL	Lockhart town	lockhart
place	0143888	AL	Locust Fork town	locust fork
place	0144344	AL	Louisville town	louisville
place	0144536	AL	Lowndesboro town	lowndesboro
place	0144608	AL	Loxley city	loxley
place	0144728	AL	Luverne city	luverne
place	0144800	AL	Lynn town	lynn
place	0145472	AL	McIntosh town	mcintosh
place	0145496	AL	McKenzie town	mckenzie
place	0145640	AL	McMullen town	mcmullen
place	0145784	AL	Madison city	madison
place	0145904	AL	Madrid town	madrid
place	0146072	AL	Magnolia Springs town	magnolia springs
place	0146264	AL	Malvern town	malvern
place	0146504	AL	Maplesville town	maplesville
place	0146696	AL	Margaret city	margaret
place	0146768	AL	Marion city	marion
place	0147728	AL	Maytown town	maytown
place	0148052	AL	Memphis town	memphis
place	0148064	AL	Mentone town	mentone
place	0148376	AL	Midfield city	midfield
place	0148400	AL	Midland City city	midland
place	0148424	AL	Midway town	midway
place	0148712	AL	Millbrook city	millbrook
place	0148808	AL	Millport town	millport
place	0148832	AL	Millry town	millry
place	0150000	AL	Mobile city	mobile
place	0150192	AL	Monroeville city	monroeville
place	0150312	AL	Montevallo city	montevallo
place	0151000	AL	Montgomery city	montgomery
place	0151096	AL	Moody city	moody
place	0151264	AL	Mooresville town	mooresville
place	0151456	AL	Morris city	morris
place	0151520	AL	Mosses town	mosses
place	0151600	AL	Moulton city	moulton
place	0151648	AL	Moundville town	moundville
place	0151696	AL	Mountain Brook city	mountain brook
place	0152608	AL	Mount Vernon town	mount vernon
place	0152776	AL	Mulga town	mulga
place	0152848	AL	Munford town	munford
place	0153016	AL	Muscle Shoals city	muscle shoals
place	0153112	AL	Myrtlewood town	myrtlewood
place	0153256	AL	Napier Field town	napier field
place	0153376	AL	Natural Bridge town	natural bridge
place	0153400	AL	Nauvoo town	nauvoo
place	0153448	AL	Nectar town	nectar
place	0153472	AL	Needham town	needham
place	0153784	AL	Newbern town	newbern
place	0153856	AL	New Brockton town	new brockton
place	0154168	AL	New Hope city	new hope
place	0154432	AL	New Site town	new site
place	0154480	AL	Newton town	newton
place	0154600	AL	Newville town	newville
place	0155044	AL	North Courtland town	north courtland
place	0155152	AL	North Johns town	north johns
place	0155200	AL	Northport city	northport
place	0155440	AL	Notasulga town	notasulga
place	0155752	AL	Oak Grove town	oak grove
place	0155848	AL	Oak Hill town	oak hill
place	0155992	AL	Oakman town	oakman
place	0156400	AL	Odenville city	odenville
place	0156472	AL	Ohatchee town	ohatchee
place	0157000	AL	Oneonta city	oneonta
place	0157024	AL	Onycha town	onycha
place	0157048	AL	Opelika city	opelika
place	0157120	AL	Opp city	opp
place	0157144	AL	Orange Beach city	orange beach
place	0157240	AL	Orrville town	orrville
place	0157504	AL	Owens Cross Roads city	owens cross roads
place	0157576	AL	Oxford city	oxford
place	0157648	AL	Ozark city	ozark
place	0157696	AL	Paint Rock town	paint rock
place	0158272	AL	Parrish town	parrish
place	0158848	AL	Pelham city	pelham
place	0158896	AL	Pell City city	pell
place	0158968	AL	Pennington town	pennington
place	0159088	AL	Perdido Beach town	perdido beach
place	0159328	AL	Petrey town	petrey
place	0159472	AL	Phenix City city	phenix
place	0159496	AL	Phil Campbell town	phil campbell
place	0159592	AL	Pickensville town	pickensville
place	0159640	AL	Piedmont city	piedmont
place	0159760	AL	Pike Road city	pike road
place	0159832	AL	Pinckard town	pinckard
place	0159880	AL	Pine Apple town	pine apple
place	0160240	AL	Pine Hill town	pine hill
place	0160372	AL	Pine Ridge town	pine ridge
place	0160648	AL	Pinson city	pinson
place	0160720	AL	Pisgah town	pisgah
place	0161008	AL	Pleasant Grove city	pleasant grove
place	0161038	AL	Pleasant Groves town	pleasant groves
place	0161536	AL	Pollard town	pollard
place	0162075	AL	Powell town	powell
place	0162328	AL	Prattville city	prattville
place	0162472	AL	Priceville city	priceville
place	0162496	AL	Prichard city	prichard
place	0162688	AL	Providence town	providence
place	0163216	AL	Ragland town	ragland
place	0163288	AL	Rainbow City city	rainbow
place	0163336	AL	Rainsville city	rainsville
place	0163408	AL	Ranburne town	ranburne
place	0163576	AL	Red Bay city	red bay
place	0163768	AL	Red Level town	red level
place	0163984	AL	Reece City town	reece
place	0164104	AL	Reform town	reform
place	0164152	AL	Rehobeth town	rehobeth
place	0164368	AL	Repton town	repton
place	0164656	AL	Ridgeville town	ridgeville
place	0164776	AL	River Falls town	river falls
place	0164920	AL	Riverside city	riverside
place	0165016	AL	Riverview town	riverview
place	0165040	AL	Roanoke city	roanoke
place	0165208	AL	Robertsdale city	robertsdale
place	0165472	AL	Rockford town	rockford
place	0166216	AL	Rogersville town	rogersville
place	0166408	AL	Rosa town	rosa
place	0167056	AL	Russellville city	russellville
place	0167176	AL	Rutledge town	rutledge
place	0167536	AL	St. Florian town	st florian
place	0167800	AL	Samson town	samson
place	0167920	AL	Sand Rock town	sand rock
place	0168016	AL	Sanford town	sanford
place	0168160	AL	Saraland city	saraland
place	0168280	AL	Sardis City town	sardis
place	0168352	AL	Satsuma city	satsuma
place	0168736	AL	Scottsboro city	scottsboro
place	0169000	AL	Section town	section
place	0169120	AL	Selma city	selma
place	0169240	AL	Semmes city	semmes
place	0169648	AL	Sheffield city	sheffield
place	0169840	AL	Shiloh town	shiloh
place	0170128	AL	Shorter town	shorter
place	0170416	AL	Silas town	silas
place	0170536	AL	Silverhill town	silverhill
place	0170704	AL	Sipsey town	sipsey
place	0170896	AL	Skyline town	skyline
place	0171040	AL	Slocomb city	slocomb
place	0171190	AL	Smiths Station city	smiths station
place	0171280	AL	Snead town	snead
place	0171496	AL	Somerville town	somerville
place	0171832	AL	Southside city	southside
place	0171900	AL	South Vinemont town	south vinemont
place	0171976	AL	Spanish Fort city	spanish fort
place	0172600	AL	Springville city	springville
place	0172888	AL	Steele town	steele
place	0173080	AL	Stevenson town	stevenson
place	0173728	AL	Sulligent town	sulligent
place	0173848	AL	Sumiton city	sumiton
place	0173872	AL	Summerdale town	summerdale
place	0174160	AL	Susan Moore town	susan moore
place	0174304	AL	Sweet Water town	sweet water
place	0174352	AL	Sylacauga city	sylacauga
place	0174400	AL	Sylvania town	sylvania
place	0174424	AL	Sylvan Springs town	sylvan springs
place	0174592	AL	Talladega city	talladega
place	0174616	AL	Talladega Springs town	talladega springs
place	0174688	AL	Tallassee city	tallassee
place	0174976	AL	Tarrant city	tarrant
place	0175096	AL	Taylor city	taylor
place	0175936	AL	Thomaston town	thomaston
place	0175960	AL	Thomasville city	thomasville
place	0176080	AL	Thorsby city	thorsby
place	0176584	AL	Town Creek town	town creek
place	0176632	AL	Toxey town	toxey
place	0176680	AL	Trafford town	trafford
place	0176824	AL	Triana city	triana
place	0176872	AL	Trinity city	trinity
place	0176920	AL	Troy city	troy
place	0176944	AL	Trussville city	trussville
place	0177256	AL	Tuscaloosa city	tuscaloosa
place	0177280	AL	Tuscumbia city	tuscumbia
place	0177304	AL	Tuskegee city	tuskegee
place	0177352	AL	Twin town	twin
place	0177616	AL	Union town	union
place	0177784	AL	Union Grove town	union grove
place	0177880	AL	Union Springs city	union springs
place	0177904	AL	Uniontown city	uniontown
place	0178204	AL	Valley city	valley
place	0178232	AL	Valley Grande city	valley grande
place	0178240	AL	Valley Head town	valley head
place	0178264	AL	Vance city	vance
place	0178480	AL	Vernon town	vernon
place	0178552	AL	Vestavia Hills city	vestavia hills
place	0178984	AL	Vina town	vina
place	0179008	AL	Vincent town	vincent
place	0179272	AL	Vredenburgh town	vredenburgh
place	0179344	AL	Wadley town	wadley
place	0179488	AL	Waldo town	waldo
place	0179728	AL	Walnut Grove town	walnut grove
place	0179944	AL	Warrior city	warrior
place	0180064	AL	Waterloo town	waterloo
place	0180256	AL	Waverly town	waverly
place	0180352	AL	Weaver city	weaver
place	0180376	AL	Webb town	webb
place	0180496	AL	Wedowee town	wedowee
place	0180928	AL	West Blocton town	west blocton
place	0181336	AL	West Jefferson town	west jefferson
place	0181504	AL	Westover town	westover
place	0181528	AL	West Point town	west point
place	0181720	AL	Wetumpka city	wetumpka
place	0181912	AL	White Hall town	white hall
place	0182848	AL	Wilsonville town	wilsonville
place	0182872	AL	Wilton town	wilton
place	0182992	AL	Winfield city	winfield
place	0183400	AL	Woodland town	woodland
place	0183640	AL	Woodstock town	woodstock
place	0183664	AL	Woodville town	woodville
place	0183976	AL	Yellow Bluff town	yellow bluff
place	0184096	AL	York city	york
place	0200065	AK	Adak city	adak
place	0200650	AK	Akhiok city	akhiok
place	0200870	AK	Akiak city	akiak
place	0201090	AK	Akutan city	akutan
place	0201200	AK	Alakanuk city	alakanuk
place	0201420	AK	Aleknagik city	aleknagik
place	0201860	AK	Allakaket city	allakaket
place	0201970	AK	Ambler city	ambler
place	0202080	AK	Anaktuvuk Pass city	anaktuvuk pass
place	0203000	AK	Anchorage municipality	anchorage municipality
place	0203220	AK	Anderson city	anderson
place	0203440	AK	Angoon city	angoon
place	0203550	AK	Aniak city	aniak
place	0203880	AK	Anvik city	anvik
place	0204210	AK	Atka city	atka
place	0204500	AK	Atqasuk city	atqasuk
place	0206520	AK	Bethel city	bethel
place	0206630	AK	Bettles city	bettles
place	0208740	AK	Brevig Mission city	brevig mission
place	0209600	AK	Buckland city	buckland
place	0212680	AK	Chefornak city	chefornak
place	0213230	AK	Chevak city	chevak
place	0213550	AK	Chignik city	chignik
place	0214330	AK	Chuathbaluk city	chuathbaluk
place	0215430	AK	Clark's Point city	clarks point
place	0216360	AK	Coffman Cove city	coffman cove
place	0216530	AK	Cold Bay city	cold bay
place	0217410	AK	Cordova city	cordova
place	0217740	AK	Craig city	craig
place	0218510	AK	Deering city	deering
place	0218620	AK	Delta Junction city	delta junction
place	0218950	AK	Dillingham city	dillingham
place	0219060	AK	Diomede city	diomede
place	0220380	AK	Eagle city	eagle
place	0220970	AK	Edna Bay city	edna bay
place	0221040	AK	Eek city	eek
place	0221150	AK	Egegik city	egegik
place	0221810	AK	Ekwok city	ekwok
place	0222250	AK	Elim city	elim
place	0222910	AK	Emmonak city	emmonak
place	0224230	AK	Fairbanks city	fairbanks
place	0224660	AK	False Pass city	false pass
place	0226760	AK	Fort Yukon city	fort yukon
place	0227530	AK	Galena city	galena
place	0227640	AK	Gambell city	gambell
place	0229180	AK	Golovin city	golovin
place	0229290	AK	Goodnews Bay city	goodnews bay
place	0230060	AK	Grayling city	grayling
place	0230940	AK	Gustavus city	gustavus
place	0233030	AK	Holy Cross city	holy cross
place	0233140	AK	Homer city	homer
place	0233360	AK	Hoonah city	hoonah
place	0233470	AK	Hooper Bay city	hooper bay
place	0233800	AK	Houston city	houston
place	0233910	AK	Hughes city	hughes
place	0234350	AK	Huslia city	huslia
place	0234460	AK	Hydaburg city	hydaburg
place	0236400	AK	Juneau city and borough	juneau city and
place	0236540	AK	Kachemak city	kachemak
place	0236770	AK	Kake city	kake
place	0236990	AK	Kaktovik city	kaktovik
place	0237430	AK	Kaltag city	kaltag
place	0237650	AK	Kasaan city	kasaan
place	0238420	AK	Kenai city	kenai
place	0238970	AK	Ketchikan city	ketchikan
place	0239300	AK	Kiana city	kiana
place	0239410	AK	King Cove city	king cove
place	0239960	AK	Kivalina city	kivalina
place	0240400	AK	Klawock city	klawock
place	0240840	AK	Kobuk city	kobuk
place	0240950	AK	Kodiak city	kodiak
place	0241720	AK	Kotlik city	kotlik
place	0241830	AK	Kotzebue city	kotzebue
place	0241940	AK	Koyuk city	koyuk
place	0242050	AK	Koyukuk city	koyukuk
place	0242160	AK	Kupreanof city	kupreanof
place	0242380	AK	Kwethluk city	kwethluk
place	0243040	AK	Larsen Bay city	larsen bay
place	0245460	AK	Lower Kalskag city	lower kalskag
place	0246010	AK	McGrath city	mcgrath
place	0246890	AK	Manokotak city	manokotak
place	0247000	AK	Marshall city	marshall
place	0247990	AK	Mekoryuk city	mekoryuk
place	0251180	AK	Mountain Village city	mountain
place	0252390	AK	Napakiak city	napakiak
place	0252720	AK	Napaskiak city	napaskiak
place	0253050	AK	Nenana city	nenana
place	0253270	AK	Newhalen city	newhalen
place	0253710	AK	New Stuyahok city	new stuyahok
place	0253930	AK	Nightmute city	nightmute
place	0254150	AK	Nikolai city	nikolai
place	0254920	AK	Nome city	nome
place	0255030	AK	Nondalton city	nondalton
place	0255140	AK	Noorvik city	noorvik
place	0255910	AK	North Pole city	north pole
place	0256320	AK	Nuiqsut city	nuiqsut
place	0256350	AK	Nulato city	nulato
place	0256600	AK	Nunam Iqua city	nunam iqua
place	0256680	AK	Nunapitchuk city	nunapitchuk
place	0257340	AK	Old Harbor city	old harbor
place	0258550	AK	Ouzinkie city	ouzinkie
place	0258660	AK	Palmer city	palmer
place	0259650	AK	Pelican city	pelican
place	0260640	AK	Pilot Point city	pilot point
place	0260750	AK	Pilot Station city	pilot station
place	0261080	AK	Platinum city	platinum
place	0261630	AK	Point Hope city	point hope
place	0262510	AK	Port Alexander city	port alexander
place	0263390	AK	Port Heiden city	port heiden
place	0263610	AK	Port Lions city	port lions
place	0264600	AK	Quinhagak city	quinhagak
place	0265590	AK	Ruby city	ruby
place	0265700	AK	Russian Mission city	russian mission
place	0265800	AK	St. George city	st george
place	0266140	AK	St. Mary's city	st marys
place	0266360	AK	St. Michael city	st michael
place	0266470	AK	St. Paul city	st paul
place	0267020	AK	Sand Point city	sand point
place	0267460	AK	Savoonga city	savoonga
place	0267570	AK	Saxman city	saxman
place	0267680	AK	Scammon Bay city	scammon bay
place	0268230	AK	Selawik city	selawik
place	0268340	AK	Seldovia city	seldovia
place	0268560	AK	Seward city	seward
place	0268670	AK	Shageluk city	shageluk
place	0268890	AK	Shaktoolik city	shaktoolik
place	0269770	AK	Shishmaref city	shishmaref
place	0270100	AK	Shungnak city	shungnak
place	0270540	AK	Sitka city and borough	sitka city and
place	0271640	AK	Soldotna city	soldotna
place	0272960	AK	Stebbins city	stebbins
place	0275160	AK	Tanana city	tanana
place	0275930	AK	Teller city	teller
place	0276260	AK	Tenakee Springs city	tenakee springs
place	0277140	AK	Thorne Bay city	thorne bay
place	0277690	AK	Togiak city	togiak
place	0278240	AK	Toksook Bay city	toksook bay
place	0280660	AK	Unalakleet city	unalakleet
place	0280770	AK	Unalaska city	unalaska
place	0281320	AK	Upper Kalskag city	upper kalskag
place	0281920	AK	Utqiaġvik city	utqiag vik
place	0282200	AK	Valdez city	valdez
place	0282750	AK	Wainwright city	wainwright
place	0282860	AK	Wales city	wales
place	0283080	AK	Wasilla city	wasilla
place	0284000	AK	Whale Pass city	whale pass
place	0284070	AK	White Mountain city	white mountain
place	0284510	AK	Whittier city	whittier
place	0286380	AK	Wrangell city and borough	wrangell city and
place	0402830	AZ	Apache Junction city	apache junction
place	0404720	AZ	Avondale city	avondale
place	0405770	AZ	Benson city	benson
place	0406260	AZ	Bisbee city	bisbee
place	0407940	AZ	Buckeye city	buckeye
place	0408220	AZ	Bullhead City city	bullhead
place	0409690	AZ	Camp Verde town	camp verde
place	0410180	AZ	Carefree town	carefree
place	0410530	AZ	Casa Grande city	casa grande
place	0411300	AZ	Cave Creek town	cave creek
place	0412000	AZ	Chandler city	chandler
place	0412840	AZ	Chino Valley town	chino valley
place	0413890	AZ	Clarkdale town	clarkdale
place	0414380	AZ	Clifton town	clifton
place	0414870	AZ	Colorado City town	colorado
place	0415500	AZ	Coolidge city	coolidge
place	0416410	AZ	Cottonwood city	cottonwood
place	0419145	AZ	Dewey-Humboldt town	dewey humboldt
place	0420050	AZ	Douglas city	douglas
place	0420750	AZ	Duncan town	duncan
place	0420960	AZ	Eagar town	eagar
place	0422220	AZ	El Mirage city	el mirage
place	0422360	AZ	Eloy city	eloy
place	0423620	AZ	Flagstaff city	flagstaff
place	0423760	AZ	Florence town	florence
place	0425300	AZ	Fountain Hills town	fountain hills
place	0425720	AZ	Fredonia town	fredonia
place	0427050	AZ	Gila Bend town	gila bend
place	0427400	AZ	Gilbert town	gilbert
place	0427820	AZ	Glendale city	glendale
place	0428030	AZ	Globe city	globe
place	0428380	AZ	Goodyear city	goodyear
place	0430270	AZ	Guadalupe town	guadalupe
place	0432020	AZ	Hayden town	hayden
place	0433280	AZ	Holbrook city	holbrook
place	0434120	AZ	Huachuca City town	huachuca
place	0436290	AZ	Jerome town	jerome
place	0437200	AZ	Kearny town	kearny
place	0437620	AZ	Kingman city	kingman
place	0439370	AZ	Lake Havasu City city	lake havasu
place	0441330	AZ	Litchfield Park city	litchfield park
place	0443990	AZ	Mammoth town	mammoth
place	0444270	AZ	Marana town	marana
place	0444410	AZ	Maricopa city	maricopa
place	0446000	AZ	Mesa city	mesa
place	0446350	AZ	Miami town	miami
place	0449640	AZ	Nogales city	nogales
place	0451600	AZ	Oro Valley town	oro valley
place	0451810	AZ	Page city	page
place	0452930	AZ	Paradise Valley town	paradise valley
place	0453070	AZ	Parker town	parker
place	0453490	AZ	Patagonia town	patagonia
place	0453700	AZ	Payson town	payson
place	0454050	AZ	Peoria city	peoria
place	0455000	AZ	Phoenix city	phoenix
place	0455560	AZ	Pima town	pima
place	0455980	AZ	Pinetop-Lakeside town	pinetop lakeside
place	0457380	AZ	Prescott city	prescott
place	0457450	AZ	Prescott Valley town	prescott valley
place	0458010	AZ	Quartzsite town	quartzsite
place	0458150	AZ	Queen Creek town	queen creek
place	0462000	AZ	Safford city	safford
place	0462140	AZ	Sahuarita town	sahuarita
place	0462350	AZ	St. Johns city	st johns
place	0463470	AZ	San Luis city	san luis
place	0465000	AZ	Scottsdale city	scottsdale
place	0465350	AZ	Sedona city	sedona
place	0466470	AZ	Show Low city	show low
place	0466820	AZ	Sierra Vista city	sierra vista
place	0467800	AZ	Snowflake town	snowflake
place	0468080	AZ	Somerton city	somerton
place	0468850	AZ	South Tucson city	south tucson
place	0468990	AZ	Springerville town	springerville
place	0469480	AZ	Star Valley town	star valley
place	0471300	AZ	Superior town	superior
place	0471510	AZ	Surprise city	surprise
place	0472420	AZ	Taylor town	taylor
place	0473000	AZ	Tempe city	tempe
place	0473420	AZ	Thatcher town	thatcher
place	0474190	AZ	Tolleson city	tolleson
place	0474400	AZ	Tombstone city	tombstone
place	0477000	AZ	Tucson city	tucson
place	0477490	AZ	Tusayan town	tusayan
place	0481480	AZ	Wellton town	wellton
place	0482740	AZ	Wickenburg town	wickenburg
place	0483090	AZ	Willcox city	willcox
place	0483160	AZ	Williams city	williams
place	0483790	AZ	Winkelman town	winkelman
place	0483930	AZ	Winslow city	winslow
place	0485400	AZ	Youngtown town	youngtown
place	0485540	AZ	Yuma city	yuma
place	0500250	AR	Adona city	adona
place	0500580	AR	Alexander city	alexander
place	0500700	AR	Alicia town	alicia
place	0500940	AR	Allport town	allport
place	0500970	AR	Alma city	alma
place	0501030	AR	Almyra town	almyra
place	0501060	AR	Alpena town	alpena
place	0501150	AR	Altheimer city	altheimer
place	0501210	AR	Altus city	altus
place	0501270	AR	Amagon town	amagon
place	0501360	AR	Amity city	amity
place	0501457	AR	Anthonyville town	anthonyville
place	0501540	AR	Antoine town	antoine
place	0501870	AR	Arkadelphia city	arkadelphia
place	0501990	AR	Arkansas City city	arkansas
place	0502380	AR	Ashdown city	ashdown
place	0502470	AR	Ash Flat city	ash flat
place	0502590	AR	Atkins city	atkins
place	0502680	AR	Aubrey town	aubrey
place	0502740	AR	Augusta city	augusta
place	0502860	AR	Austin city	austin
place	0503040	AR	Avoca town	avoca
place	0503280	AR	Bald Knob city	bald knob
place	0503430	AR	Banks town	banks
place	0503640	AR	Barling city	barling
place	0503940	AR	Bassett town	bassett
place	0504030	AR	Batesville city	batesville
place	0504090	AR	Bauxite town	bauxite
place	0504180	AR	Bay city	bay
place	0504420	AR	Bearden city	bearden
place	0504540	AR	Beaver town	beaver
place	0504600	AR	Beebe city	beebe
place	0504720	AR	Beedeville town	beedeville
place	0504840	AR	Bella Vista city	bella vista
place	0504900	AR	Bellefonte town	bellefonte
place	0504960	AR	Belleville city	belleville
place	0505260	AR	Ben Lomond town	ben lomond
place	0505290	AR	Benton city	benton
place	0505320	AR	Bentonville city	bentonville
place	0505440	AR	Bergman town	bergman
place	0505560	AR	Berryville city	berryville
place	0505920	AR	Bigelow town	bigelow
place	0505980	AR	Big Flat town	big flat
place	0506040	AR	Biggers town	biggers
place	0506340	AR	Birdsong town	birdsong
place	0506610	AR	Black Oak town	black oak
place	0506700	AR	Black Rock city	black rock
place	0506730	AR	Black Springs town	black springs
place	0507030	AR	Blevins city	blevins
place	0507150	AR	Blue Eye town	blue eye
place	0507210	AR	Blue Mountain town	blue mountain
place	0507270	AR	Bluff City town	bluff
place	0507330	AR	Blytheville city	blytheville
place	0507450	AR	Bodcaw town	bodcaw
place	0507540	AR	Bonanza city	bonanza
place	0507630	AR	Bono city	bono
place	0507720	AR	Booneville city	booneville
place	0508260	AR	Bradford city	bradford
place	0508290	AR	Bradley city	bradley
place	0508440	AR	Branch city	branch
place	0508665	AR	Briarcliff city	briarcliff
place	0508950	AR	Brinkley city	brinkley
place	0509100	AR	Brookland city	brookland
place	0509460	AR	Bryant city	bryant
place	0509550	AR	Buckner city	buckner
place	0509790	AR	Bull Shoals city	bull shoals
place	0509880	AR	Burdette town	burdette
place	0510300	AR	Cabot city	cabot
place	0510360	AR	Caddo Valley town	caddo valley
place	0510450	AR	Caldwell town	caldwell
place	0510480	AR	Cale town	cale
place	0510570	AR	Calico Rock city	calico rock
place	0510600	AR	Calion city	calion
place	0510720	AR	Camden city	camden
place	0510780	AR	Cammack Village city	cammack
place	0510900	AR	Campbell Station city	campbell station
place	0511410	AR	Caraway city	caraway
place	0511500	AR	Carlisle city	carlisle
place	0511830	AR	Carthage city	carthage
place	0511890	AR	Casa town	casa
place	0511920	AR	Cash town	cash
place	0512190	AR	Caulksville town	caulksville
place	0512280	AR	Cave City city	cave
place	0512340	AR	Cave Springs city	cave springs
place	0512520	AR	Cedarville city	cedarville
place	0512820	AR	Centerton city	centerton
place	0513120	AR	Central City town	central
place	0513300	AR	Charleston city	charleston
place	0513450	AR	Cherokee Village city	cherokee
place	0513540	AR	Cherry Valley city	cherry valley
place	0513570	AR	Chester town	chester
place	0513750	AR	Chidester city	chidester
place	0513990	AR	Clarendon city	clarendon
place	0514050	AR	Clarkedale city	clarkedale
place	0514140	AR	Clarksville city	clarksville
place	0514260	AR	Clinton city	clinton
place	0514500	AR	Coal Hill city	coal hill
place	0514950	AR	Colt city	colt
place	0515100	AR	Concord town	concord
place	0515190	AR	Conway city	conway
place	0515310	AR	Corinth town	corinth
place	0515460	AR	Corning city	corning
place	0515490	AR	Cotter city	cotter
place	0515550	AR	Cotton Plant city	cotton plant
place	0515700	AR	Cove town	cove
place	0515790	AR	Coy town	coy
place	0515940	AR	Crawfordsville town	crawfordsville
place	0516240	AR	Crossett city	crossett
place	0516930	AR	Cushman city	cushman
place	0517140	AR	Daisy town	daisy
place	0517290	AR	Damascus town	damascus
place	0517320	AR	Danville city	danville
place	0517380	AR	Dardanelle city	dardanelle
place	0517410	AR	Datto town	datto
place	0517740	AR	Decatur city	decatur
place	0518010	AR	Delaplaine town	delaplaine
place	0518100	AR	Delight city	delight
place	0518160	AR	Dell town	dell
place	0518370	AR	Denning town	denning
place	0518490	AR	De Queen city	de queen
place	0518520	AR	Dermott city	dermott
place	0518550	AR	Des Arc city	des arc
place	0518640	AR	De Valls Bluff city	de valls bluff
place	0518790	AR	DeWitt city	dewitt
place	0518850	AR	Diamond City city	diamond
place	0518940	AR	Diaz city	diaz
place	0518970	AR	Dierks city	dierks
place	0519450	AR	Donaldson town	donaldson
place	0519600	AR	Dover city	dover
place	0519990	AR	Dumas city	dumas
place	0520200	AR	Dyer city	dyer
place	0520230	AR	Dyess town	dyess
place	0520320	AR	Earle city	earle
place	0520440	AR	East Camden town	east camden
place	0520830	AR	Edmondson town	edmondson
place	0520920	AR	Egypt town	egypt
place	0520950	AR	Elaine city	elaine
place	0521070	AR	El Dorado city	el dorado
place	0521190	AR	Elkins city	elkins
place	0521430	AR	Elm Springs city	elm springs
place	0521580	AR	Emerson town	emerson
place	0521610	AR	Emmet city	emmet
place	0521730	AR	England city	england
place	0521820	AR	Enola town	enola
place	0522120	AR	Etowah town	etowah
place	0522180	AR	Eudora city	eudora
place	0522240	AR	Eureka Springs city	eureka springs
place	0522360	AR	Evening Shade city	evening shade
place	0522450	AR	Everton town	everton
place	0522660	AR	Fairfield Bay city	fairfield bay
place	0523140	AR	Fargo town	fargo
place	0523170	AR	Farmington city	farmington
place	0523290	AR	Fayetteville city	fayetteville
place	0523320	AR	Felsenthal town	felsenthal
place	0523680	AR	Fifty-Six city	fifty six
place	0523800	AR	Fisher city	fisher
place	0524010	AR	Flippin city	flippin
place	0524220	AR	Fordyce city	fordyce
place	0524250	AR	Foreman city	foreman
place	0524430	AR	Forrest City city	forrest
place	0524550	AR	Fort Smith city	fort smith
place	0524640	AR	Fouke city	fouke
place	0524670	AR	Fountain Hill town	fountain hill
place	0524700	AR	Fountain Lake town	fountain lake
place	0524760	AR	Fourche town	fourche
place	0525030	AR	Franklin town	franklin
place	0525060	AR	Fredonia (Biscoe) town	fredonia biscoe
place	0525180	AR	Friendship town	friendship
place	0525360	AR	Fulton town	fulton
place	0525750	AR	Garfield town	garfield
place	0525780	AR	Garland town	garland
place	0525900	AR	Garner town	garner
place	0526050	AR	Gassville city	gassville
place	0526110	AR	Gateway town	gateway
place	0526290	AR	Gentry city	gentry
place	0526440	AR	Georgetown town	georgetown
place	0526800	AR	Gilbert town	gilbert
place	0526980	AR	Gillett city	gillett
place	0527010	AR	Gillham town	gillham
place	0527040	AR	Gilmore city	gilmore
place	0527310	AR	Glenwood city	glenwood
place	0527670	AR	Goshen town	goshen
place	0527700	AR	Gosnell city	gosnell
place	0527730	AR	Gould city	gould
place	0527790	AR	Grady city	grady
place	0527970	AR	Grannis city	grannis
place	0528360	AR	Gravette city	gravette
place	0528510	AR	Greenbrier city	greenbrier
place	0528600	AR	Green Forest city	green forest
place	0528660	AR	Greenland city	greenland
place	0528720	AR	Greenway city	greenway
place	0528780	AR	Greenwood city	greenwood
place	0528810	AR	Greers Ferry city	greers ferry
place	0528990	AR	Griffithville town	griffithville
place	0529020	AR	Grubbs city	grubbs
place	0529080	AR	Guion town	guion
place	0529140	AR	Gum Springs town	gum springs
place	0529200	AR	Gurdon city	gurdon
place	0529230	AR	Guy city	guy
place	0529290	AR	Hackett city	hackett
place	0529500	AR	Hamburg city	hamburg
place	0529650	AR	Hampton city	hampton
place	0529920	AR	Hardy city	hardy
place	0530310	AR	Harrell town	harrell
place	0530400	AR	Harrisburg city	harrisburg
place	0530460	AR	Harrison city	harrison
place	0530490	AR	Hartford city	hartford
place	0530520	AR	Hartman city	hartman
place	0530640	AR	Haskell city	haskell
place	0530700	AR	Hatfield town	hatfield
place	0530790	AR	Havana city	havana
place	0530880	AR	Haynes town	haynes
place	0530940	AR	Hazen city	hazen
place	0531090	AR	Heber Springs city	heber springs
place	0531150	AR	Hector town	hector
place	0531190	AR	Helena-West Helena city	helena west helena
place	0531540	AR	Hermitage city	hermitage
place	0531900	AR	Hickory Ridge city	hickory ridge
place	0532080	AR	Higden town	higden
place	0532140	AR	Higginson town	higginson
place	0532200	AR	Highfill town	highfill
place	0532257	AR	Highland city	highland
place	0532470	AR	Hindsville town	hindsville
place	0532650	AR	Holiday Island city	holiday island
place	0532710	AR	Holland city	holland
place	0532800	AR	Holly Grove city	holly grove
place	0533190	AR	Hope city	hope
place	0533310	AR	Horatio city	horatio
place	0533370	AR	Horseshoe Bend city	horseshoe bend
place	0533375	AR	Horseshoe Lake town	horseshoe lake
place	0533400	AR	Hot Springs city	hot springs
place	0533490	AR	Houston town	houston
place	0533580	AR	Hoxie city	hoxie
place	0533760	AR	Hughes city	hughes
place	0533820	AR	Humnoke city	humnoke
place	0533850	AR	Humphrey city	humphrey
place	0533910	AR	Hunter town	hunter
place	0533940	AR	Huntington city	huntington
place	0533970	AR	Huntsville city	huntsville
place	0534090	AR	Huttig city	huttig
place	0534150	AR	Imboden town	imboden
place	0534720	AR	Jacksonport town	jacksonport
place	0534750	AR	Jacksonville city	jacksonville
place	0534900	AR	Jasper city	jasper
place	0535040	AR	Jennette town	jennette
place	0535140	AR	Jericho town	jericho
place	0535500	AR	Johnson city	johnson
place	0535650	AR	Joiner city	joiner
place	0535710	AR	Jonesboro city	jonesboro
place	0536040	AR	Judsonia city	judsonia
place	0536130	AR	Junction City city	junction
place	0536310	AR	Keiser city	keiser
place	0536430	AR	Kensett city	kensett
place	0536550	AR	Keo town	keo
place	0536670	AR	Kibler city	kibler
place	0536880	AR	Kingsland city	kingsland
place	0537240	AR	Knobel city	knobel
place	0537300	AR	Knoxville town	knoxville
place	0537660	AR	Lafe town	lafe
place	0537720	AR	LaGrange town	lagrange
place	0537780	AR	Lake City city	lake
place	0538050	AR	Lakeview city	lakeview
place	0538110	AR	Lake View city	lake view
place	0538170	AR	Lake Village city	lake
place	0538290	AR	Lamar city	lamar
place	0538890	AR	Lavaca city	lavaca
place	0539010	AR	Leachville city	leachville
place	0539040	AR	Lead Hill town	lead hill
place	0539310	AR	Leola town	leola
place	0539370	AR	Lepanto city	lepanto
place	0539460	AR	Leslie city	leslie
place	0539520	AR	Letona town	letona
place	0539640	AR	Lewisville city	lewisville
place	0539670	AR	Lexa town	lexa
place	0539970	AR	Lincoln city	lincoln
place	0540120	AR	Little Flock city	little flock
place	0541000	AR	Little Rock city	little rock
place	0541090	AR	Lockesburg city	lockesburg
place	0541270	AR	London city	london
place	0541420	AR	Lonoke city	lonoke
place	0541450	AR	Lonsdale town	lonsdale
place	0541630	AR	Louann town	louann
place	0541720	AR	Lowell city	lowell
place	0542170	AR	Luxora city	luxora
place	0542260	AR	Lynn town	lynn
place	0542410	AR	McCaskill town	mccaskill
place	0542500	AR	McCrory city	mccrory
place	0542560	AR	McDougal town	mcdougal
place	0542770	AR	McGehee city	mcgehee
place	0543070	AR	McNab town	mcnab
place	0543100	AR	McNeil city	mcneil
place	0543220	AR	McRae city	mcrae
place	0543280	AR	Madison city	madison
place	0543310	AR	Magazine city	magazine
place	0543370	AR	Magness town	magness
place	0543460	AR	Magnolia city	magnolia
place	0543610	AR	Malvern city	malvern
place	0543670	AR	Mammoth Spring city	mammoth spring
place	0543820	AR	Manila city	manila
place	0543880	AR	Mansfield city	mansfield
place	0544120	AR	Marianna city	marianna
place	0544150	AR	Marie town	marie
place	0544180	AR	Marion city	marion
place	0544210	AR	Marked Tree city	marked tree
place	0544240	AR	Marmaduke city	marmaduke
place	0544300	AR	Marshall city	marshall
place	0544420	AR	Marvell city	marvell
place	0544600	AR	Maumelle city	maumelle
place	0544750	AR	Mayflower city	mayflower
place	0544780	AR	Maynard town	maynard
place	0545080	AR	Melbourne city	melbourne
place	0545170	AR	Mena city	mena
place	0545200	AR	Menifee town	menifee
place	0545500	AR	Midland town	midland
place	0545560	AR	Midway town	midway
place	0546040	AR	Mineral Springs city	mineral springs
place	0546100	AR	Minturn town	minturn
place	0546190	AR	Mitchellville city	mitchellville
place	0546400	AR	Monette city	monette
place	0546580	AR	Monticello city	monticello
place	0546670	AR	Montrose city	montrose
place	0546730	AR	Moorefield town	moorefield
place	0546910	AR	Moro town	moro
place	0546970	AR	Morrilton city	morrilton
place	0547030	AR	Morrison Bluff town	morrison bluff
place	0547300	AR	Mountainburg city	mountainburg
place	0547390	AR	Mountain Home city	mountain home
place	0547450	AR	Mountain Pine city	mountain pine
place	0547540	AR	Mountain View city	mountain view
place	0547690	AR	Mount Ida city	mount ida
place	0547900	AR	Mount Pleasant town	mount pleasant
place	0548020	AR	Mount Vernon town	mount vernon
place	0548200	AR	Mulberry city	mulberry
place	0548290	AR	Murfreesboro city	murfreesboro
place	0548560	AR	Nashville city	nashville
place	0549010	AR	Newark city	newark
place	0549580	AR	Newport city	newport
place	0549820	AR	Nimmons town	nimmons
place	0550000	AR	Norfork city	norfork
place	0550030	AR	Norman town	norman
place	0550060	AR	Norphlet city	norphlet
place	0550450	AR	North Little Rock city	north little rock
place	0550810	AR	Oak Grove town	oak grove
place	0551060	AR	Oak Grove Heights town	oak grove heights
place	0551080	AR	Oakhaven town	oakhaven
place	0551290	AR	Oden town	oden
place	0551350	AR	Ogden city	ogden
place	0551410	AR	Oil Trough town	oil trough
place	0551500	AR	O'Kean town	okean
place	0551530	AR	Okolona town	okolona
place	0551560	AR	Ola city	ola
place	0552160	AR	Omaha town	omaha
place	0552430	AR	Oppelo city	oppelo
place	0552580	AR	Osceola city	osceola
place	0552880	AR	Oxford city	oxford
place	0552940	AR	Ozan town	ozan
place	0552970	AR	Ozark city	ozark
place	0553150	AR	Palestine city	palestine
place	0553240	AR	Pangburn city	pangburn
place	0553390	AR	Paragould city	paragould
place	0553480	AR	Paris city	paris
place	0553510	AR	Parkdale city	parkdale
place	0553600	AR	Parkin city	parkin
place	0553900	AR	Patmos town	patmos
place	0553990	AR	Patterson city	patterson
place	0554140	AR	Peach Orchard city	peach orchard
place	0554200	AR	Pea Ridge city	pea ridge
place	0554620	AR	Perla town	perla
place	0554650	AR	Perry town	perry
place	0554680	AR	Perrytown town	perrytown
place	0554710	AR	Perryville city	perryville
place	0555130	AR	Piggott city	piggott
place	0555280	AR	Pindall town	pindall
place	0555310	AR	Pine Bluff city	pine bluff
place	0555580	AR	Pineville town	pineville
place	0555970	AR	Plainview city	plainview
place	0556270	AR	Pleasant Plains town	pleasant plains
place	0556480	AR	Plumerville city	plumerville
place	0556540	AR	Pocahontas city	pocahontas
place	0556600	AR	Pollard city	pollard
place	0556720	AR	Portia town	portia
place	0556750	AR	Portland city	portland
place	0556990	AR	Pottsville city	pottsville
place	0557050	AR	Powhatan town	powhatan
place	0557080	AR	Poyen town	poyen
place	0557170	AR	Prairie Grove city	prairie grove
place	0557230	AR	Prattsville town	prattsville
place	0557260	AR	Prescott city	prescott
place	0557890	AR	Pyatt town	pyatt
place	0557950	AR	Quitman city	quitman
place	0558160	AR	Ratcliff city	ratcliff
place	0558250	AR	Ravenden town	ravenden
place	0558280	AR	Ravenden Springs town	ravenden springs
place	0558490	AR	Rector city	rector
place	0558580	AR	Redfield city	redfield
place	0558880	AR	Reed town	reed
place	0559180	AR	Reyno city	reyno
place	0559480	AR	Rison city	rison
place	0560020	AR	Rockport city	rockport
place	0560380	AR	Roe town	roe
place	0560410	AR	Rogers city	rogers
place	0560590	AR	Rondo town	rondo
place	0560770	AR	Rose Bud town	rose bud
place	0561040	AR	Rosston town	rosston
place	0561460	AR	Rudy town	rudy
place	0561640	AR	Russell town	russell
place	0561670	AR	Russellville city	russellville
place	0561940	AR	St. Charles town	st charles
place	0561970	AR	St. Francis city	st francis
place	0562030	AR	St. Joe town	st joe
place	0562060	AR	St. Paul town	st paul
place	0562150	AR	Salem city	salem
place	0562240	AR	Salesville city	salesville
place	0562960	AR	Scranton city	scranton
place	0563020	AR	Searcy city	searcy
place	0563110	AR	Sedgwick town	sedgwick
place	0563470	AR	Shannon Hills city	shannon hills
place	0563710	AR	Sheridan city	sheridan
place	0563740	AR	Sherrill town	sherrill
place	0563800	AR	Sherwood city	sherwood
place	0563980	AR	Shirley town	shirley
place	0564280	AR	Sidney town	sidney
place	0564370	AR	Siloam Springs city	siloam springs
place	0564730	AR	Smackover city	smackover
place	0564910	AR	Smithville town	smithville
place	0565480	AR	South Lead Hill town	south lead hill
place	0565630	AR	Southside city	southside
place	0565900	AR	Sparkman city	sparkman
place	0566080	AR	Springdale city	springdale
place	0566200	AR	Springtown town	springtown
place	0566320	AR	Stamps city	stamps
place	0566440	AR	Star City city	star
place	0566860	AR	Stephens city	stephens
place	0567250	AR	Strawberry town	strawberry
place	0567370	AR	Strong city	strong
place	0567490	AR	Stuttgart city	stuttgart
place	0567520	AR	Subiaco town	subiaco
place	0567550	AR	Success town	success
place	0567730	AR	Sulphur Rock town	sulphur rock
place	0567760	AR	Sulphur Springs city	sulphur springs
place	0567940	AR	Summit city	summit
place	0568060	AR	Sunset town	sunset
place	0568360	AR	Swifton city	swifton
place	0568660	AR	Taylor city	taylor
place	0568810	AR	Texarkana city	texarkana
place	0569050	AR	Thornton city	thornton
place	0569230	AR	Tillar city	tillar
place	0569350	AR	Tinsman town	tinsman
place	0569500	AR	Tollette town	tollette
place	0569740	AR	Tontitown city	tontitown
place	0569830	AR	Traskwood city	traskwood
place	0570010	AR	Trumann city	trumann
place	0570100	AR	Tuckerman city	tuckerman
place	0570220	AR	Tull town	tull
place	0570340	AR	Tupelo town	tupelo
place	0570430	AR	Turrell city	turrell
place	0570540	AR	Twin Groves town	twin groves
place	0570700	AR	Tyronza city	tyronza
place	0570760	AR	Ulm town	ulm
place	0571390	AR	Valley Springs town	valley springs
place	0571480	AR	Van Buren city	van buren
place	0571510	AR	Vandervoort town	vandervoort
place	0571900	AR	Victoria town	victoria
place	0571960	AR	Vilonia city	vilonia
place	0572140	AR	Viola town	viola
place	0572230	AR	Wabbaseka town	wabbaseka
place	0572320	AR	Waldenburg town	waldenburg
place	0572350	AR	Waldo city	waldo
place	0572380	AR	Waldron city	waldron
place	0572890	AR	Walnut Ridge city	walnut ridge
place	0573130	AR	Ward city	ward
place	0573310	AR	Warren city	warren
place	0573370	AR	Washington city	washington
place	0573550	AR	Watson city	watson
place	0573940	AR	Weiner city	weiner
place	0574000	AR	Weldon town	weldon
place	0574330	AR	Western Grove town	western grove
place	0574360	AR	West Fork city	west fork
place	0574540	AR	West Memphis city	west memphis
place	0574660	AR	West Point town	west point
place	0574840	AR	Wheatley city	wheatley
place	0574930	AR	Whelen Springs town	whelen springs
place	0575170	AR	White Hall city	white hall
place	0575500	AR	Wickes town	wickes
place	0575560	AR	Widener town	widener
place	0575570	AR	Wiederkehr Village city	wiederkehr
place	0575740	AR	Williford town	williford
place	0575770	AR	Willisville town	willisville
place	0575860	AR	Wilmar city	wilmar
place	0575890	AR	Wilmot city	wilmot
place	0575920	AR	Wilson city	wilson
place	0575980	AR	Wilton city	wilton
place	0576010	AR	Winchester town	winchester
place	0576190	AR	Winslow city	winslow
place	0576250	AR	Winthrop city	winthrop
place	0576820	AR	Wooster town	wooster
place	0576970	AR	Wrightsville city	wrightsville
place	0577090	AR	Wynne city	wynne
place	0577330	AR	Yellville city	yellville
place	0577600	AR	Zinc town	zinc
place	0600296	CA	Adelanto city	adelanto
place	0600394	CA	Agoura Hills city	agoura hills
place	0600562	CA	Alameda city	alameda
place	0600674	CA	Albany city	albany
place	0600884	CA	Alhambra city	alhambra
place	0600947	CA	Aliso Viejo city	aliso viejo
place	0601444	CA	Alturas city	alturas
place	0601514	CA	Amador City city	amador
place	0601640	CA	American Canyon city	american canyon
place	0602000	CA	Anaheim city	anaheim
place	0602042	CA	Anderson city	anderson
place	0602112	CA	Angels city	angels
place	0602252	CA	Antioch city	antioch
place	0602364	CA	Apple Valley town	apple valley
place	0602462	CA	Arcadia city	arcadia
place	0602476	CA	Arcata city	arcata
place	0602868	CA	Arroyo Grande city	arroyo grande
place	0602896	CA	Artesia city	artesia
place	0602924	CA	Arvin city	arvin
place	0603064	CA	Atascadero city	atascadero
place	0603092	CA	Atherton town	atherton
place	0603162	CA	Atwater city	atwater
place	0603204	CA	Auburn city	auburn
place	0603274	CA	Avalon city	avalon
place	0603302	CA	Avenal city	avenal
place	0603386	CA	Azusa city	azusa
place	0603526	CA	Bakersfield city	bakersfield
place	0603666	CA	Baldwin Park city	baldwin park
place	0603820	CA	Banning city	banning
place	0604030	CA	Barstow city	barstow
place	0604758	CA	Beaumont city	beaumont
place	0604870	CA	Bell city	bell
place	0604982	CA	Bellflower city	bellflower
place	0604996	CA	Bell Gardens city	bell gardens
place	0605108	CA	Belmont city	belmont
place	0605164	CA	Belvedere city	belvedere
place	0605290	CA	Benicia city	benicia
place	0606000	CA	Berkeley city	berkeley
place	0606308	CA	Beverly Hills city	beverly hills
place	0606434	CA	Big Bear Lake city	big bear lake
place	0606560	CA	Biggs city	biggs
place	0606798	CA	Bishop city	bishop
place	0607162	CA	Blue Lake city	blue lake
place	0607218	CA	Blythe city	blythe
place	0607946	CA	Bradbury city	bradbury
place	0608058	CA	Brawley city	brawley
place	0608100	CA	Brea city	brea
place	0608142	CA	Brentwood city	brentwood
place	0608310	CA	Brisbane city	brisbane
place	0608758	CA	Buellton city	buellton
place	0608786	CA	Buena Park city	buena park
place	0608954	CA	Burbank city	burbank
place	0609066	CA	Burlingame city	burlingame
place	0609598	CA	Calabasas city	calabasas
place	0609710	CA	Calexico city	calexico
place	0609780	CA	California City city	california
place	0609864	CA	Calimesa city	calimesa
place	0609878	CA	Calipatria city	calipatria
place	0609892	CA	Calistoga city	calistoga
place	0610046	CA	Camarillo city	camarillo
place	0610345	CA	Campbell city	campbell
place	0610928	CA	Canyon Lake city	canyon lake
place	0611040	CA	Capitola city	capitola
place	0611194	CA	Carlsbad city	carlsbad
place	0611250	CA	Carmel-by-the-Sea city	carmel by the sea
place	0611446	CA	Carpinteria city	carpinteria
place	0611530	CA	Carson city	carson
place	0612048	CA	Cathedral City city	cathedral
place	0612524	CA	Ceres city	ceres
place	0612552	CA	Cerritos city	cerritos
place	0613014	CA	Chico city	chico
place	0613210	CA	Chino city	chino
place	0613214	CA	Chino Hills city	chino hills
place	0613294	CA	Chowchilla city	chowchilla
place	0613392	CA	Chula Vista city	chula vista
place	0613588	CA	Citrus Heights city	citrus heights
place	0613756	CA	Claremont city	claremont
place	0613882	CA	Clayton city	clayton
place	0613945	CA	Clearlake city	clearlake
place	0614190	CA	Cloverdale city	cloverdale
place	0614218	CA	Clovis city	clovis
place	0614260	CA	Coachella city	coachella
place	0614274	CA	Coalinga city	coalinga
place	0614498	CA	Colfax city	colfax
place	0614736	CA	Colma town	colma
place	0614890	CA	Colton city	colton
place	0614946	CA	Colusa city	colusa
place	0614974	CA	Commerce city	commerce
place	0615044	CA	Compton city	compton
place	0616000	CA	Concord city	concord
place	0616224	CA	Corcoran city	corcoran
place	0616322	CA	Corning city	corning
place	0616350	CA	Corona city	corona
place	0616378	CA	Coronado city	coronado
place	0616462	CA	Corte Madera town	corte madera
place	0616532	CA	Costa Mesa city	costa mesa
place	0616560	CA	Cotati city	cotati
place	0616742	CA	Covina city	covina
place	0617022	CA	Crescent City city	crescent
place	0617498	CA	Cudahy city	cudahy
place	0617568	CA	Culver City city	culver
place	0617610	CA	Cupertino city	cupertino
place	0617750	CA	Cypress city	cypress
place	0617918	CA	Daly City city	daly
place	0617946	CA	Dana Point city	dana point
place	0617988	CA	Danville town	danville
place	0618100	CA	Davis city	davis
place	0618394	CA	Delano city	delano
place	0618506	CA	Del Mar city	del mar
place	0618688	CA	Del Rey Oaks city	del rey oaks
place	0618996	CA	Desert Hot Springs city	desert hot springs
place	0619192	CA	Diamond Bar city	diamond bar
place	0619318	CA	Dinuba city	dinuba
place	0619402	CA	Dixon city	dixon
place	0619584	CA	Dorris city	dorris
place	0619612	CA	Dos Palos city	dos palos
place	0619766	CA	Downey city	downey
place	0619990	CA	Duarte city	duarte
place	0620018	CA	Dublin city	dublin
place	0620242	CA	Dunsmuir city	dunsmuir
place	0620956	CA	East Palo Alto city	east palo alto
place	0621230	CA	Eastvale city	eastvale
place	0621712	CA	El Cajon city	el cajon
place	0621782	CA	El Centro city	el centro
place	0621796	CA	El Cerrito city	el cerrito
place	0622020	CA	Elk Grove city	elk grove
place	0622230	CA	El Monte city	el monte
place	0622300	CA	El Paso de Robles (Paso Robles) city	el paso de robles paso robles
place	0622412	CA	El Segundo city	el segundo
place	0622594	CA	Emeryville city	emeryville
place	0622678	CA	Encinitas city	encinitas
place	0622790	CA	Escalon city	escalon
place	0622804	CA	Escondido city	escondido
place	0622972	CA	Etna city	etna
place	0623042	CA	Eureka city	eureka
place	0623126	CA	Exeter city	exeter
place	0623168	CA	Fairfax town	fairfax
place	0623182	CA	Fairfield city	fairfield
place	0623616	CA	Farmersville city	farmersville
place	0623910	CA	Ferndale city	ferndale
place	0624092	CA	Fillmore city	fillmore
place	0624134	CA	Firebaugh city	firebaugh
place	0624638	CA	Folsom city	folsom
place	0624680	CA	Fontana city	fontana
place	0625058	CA	Fort Bragg city	fort bragg
place	0625128	CA	Fort Jones city	fort jones
place	0625296	CA	Fortuna city	fortuna
place	0625338	CA	Foster City city	foster
place	0625380	CA	Fountain Valley city	fountain valley
place	0625436	CA	Fowler city	fowler
place	0626000	CA	Fremont city	fremont
place	0627000	CA	Fresno city	fresno
place	0628000	CA	Fullerton city	fullerton
place	0628112	CA	Galt city	galt
place	0628168	CA	Gardena city	gardena
place	0629000	CA	Garden Grove city	garden grove
place	0629504	CA	Gilroy city	gilroy
place	0630000	CA	Glendale city	glendale
place	0630014	CA	Glendora city	glendora
place	0630378	CA	Goleta city	goleta
place	0630392	CA	Gonzales city	gonzales
place	0630658	CA	Grand Terrace city	grand terrace
place	0630798	CA	Grass Valley city	grass valley
place	0630994	CA	Greenfield city	greenfield
place	0631260	CA	Gridley city	gridley
place	0631393	CA	Grover Beach city	grover beach
place	0631414	CA	Guadalupe city	guadalupe
place	0631568	CA	Gustine city	gustine
place	0631708	CA	Half Moon Bay city	half moon bay
place	0631960	CA	Hanford city	hanford
place	0632506	CA	Hawaiian Gardens city	hawaiian gardens
place	0632548	CA	Hawthorne city	hawthorne
place	0633000	CA	Hayward city	hayward
place	0633056	CA	Healdsburg city	healdsburg
place	0633182	CA	Hemet city	hemet
place	0633308	CA	Hercules city	hercules
place	0633364	CA	Hermosa Beach city	hermosa beach
place	0633434	CA	Hesperia city	hesperia
place	0633518	CA	Hidden Hills city	hidden hills
place	0633588	CA	Highland city	highland
place	0633798	CA	Hillsborough town	hillsborough
place	0634120	CA	Hollister city	hollister
place	0634246	CA	Holtville city	holtville
place	0634904	CA	Hughson city	hughson
place	0636000	CA	Huntington Beach city	huntington beach
place	0636056	CA	Huntington Park city	huntington park
place	0636084	CA	Huron city	huron
place	0636280	CA	Imperial city	imperial
place	0636294	CA	Imperial Beach city	imperial beach
place	0636434	CA	Indian Wells city	indian wells
place	0636448	CA	Indio city	indio
place	0636490	CA	Industry city	industry
place	0636546	CA	Inglewood city	inglewood
place	0636672	CA	Ione city	ione
place	0636770	CA	Irvine city	irvine
place	0636826	CA	Irwindale city	irwindale
place	0636882	CA	Isleton city	isleton
place	0636980	CA	Jackson city	jackson
place	0637692	CA	Jurupa Valley city	jurupa valley
place	0638226	CA	Kerman city	kerman
place	0638520	CA	King City city	king
place	0638562	CA	Kingsburg city	kingsburg
place	0639003	CA	La Cañada Flintridge city	la cañada flintridge
place	0639122	CA	Lafayette city	lafayette
place	0639178	CA	Laguna Beach city	laguna beach
place	0639220	CA	Laguna Hills city	laguna hills
place	0639248	CA	Laguna Niguel city	laguna niguel
place	0639259	CA	Laguna Woods city	laguna woods
place	0639290	CA	La Habra city	la habra
place	0639304	CA	La Habra Heights city	la habra heights
place	0639486	CA	Lake Elsinore city	lake elsinore
place	0639496	CA	Lake Forest city	lake forest
place	0639710	CA	Lakeport city	lakeport
place	0639892	CA	Lakewood city	lakewood
place	0640004	CA	La Mesa city	la mesa
place	0640032	CA	La Mirada city	la mirada
place	0640130	CA	Lancaster city	lancaster
place	0640256	CA	La Palma city	la palma
place	0640340	CA	La Puente city	la puente
place	0640354	CA	La Quinta city	la quinta
place	0640438	CA	Larkspur city	larkspur
place	0640704	CA	Lathrop city	lathrop
place	0640830	CA	La Verne city	la verne
place	0640886	CA	Lawndale city	lawndale
place	0641124	CA	Lemon Grove city	lemon grove
place	0641152	CA	Lemoore city	lemoore
place	0641474	CA	Lincoln city	lincoln
place	0641712	CA	Lindsay city	lindsay
place	0641936	CA	Live Oak city	live oak
place	0641992	CA	Livermore city	livermore
place	0642006	CA	Livingston city	livingston
place	0642202	CA	Lodi city	lodi
place	0642370	CA	Loma Linda city	loma linda
place	0642468	CA	Lomita city	lomita
place	0642524	CA	Lompoc city	lompoc
place	0643000	CA	Long Beach city	long beach
place	0643140	CA	Loomis town	loomis
place	0643224	CA	Los Alamitos city	los alamitos
place	0643280	CA	Los Altos city	los altos
place	0643294	CA	Los Altos Hills town	los altos hills
place	0644000	CA	Los Angeles city	los angeles
place	0644028	CA	Los Banos city	los banos
place	0644112	CA	Los Gatos town	los gatos
place	0644364	CA	Loyalton city	loyalton
place	0644574	CA	Lynwood city	lynwood
place	0644826	CA	McFarland city	mcfarland
place	0645022	CA	Madera city	madera
place	0645246	CA	Malibu city	malibu
place	0645358	CA	Mammoth Lakes town	mammoth lakes
place	0645400	CA	Manhattan Beach city	manhattan beach
place	0645484	CA	Manteca city	manteca
place	0645736	CA	Maricopa city	maricopa
place	0645778	CA	Marina city	marina
place	0646114	CA	Martinez city	martinez
place	0646170	CA	Marysville city	marysville
place	0646492	CA	Maywood city	maywood
place	0646828	CA	Mendota city	mendota
place	0646842	CA	Menifee city	menifee
place	0646870	CA	Menlo Park city	menlo park
place	0646898	CA	Merced city	merced
place	0647486	CA	Millbrae city	millbrae
place	0647710	CA	Mill Valley city	mill valley
place	0647766	CA	Milpitas city	milpitas
place	0648256	CA	Mission Viejo city	mission viejo
place	0648354	CA	Modesto city	modesto
place	0648648	CA	Monrovia city	monrovia
place	0648690	CA	Montague city	montague
place	0648788	CA	Montclair city	montclair
place	0648816	CA	Montebello city	montebello
place	0648872	CA	Monterey city	monterey
place	0648914	CA	Monterey Park city	monterey park
place	0648956	CA	Monte Sereno city	monte sereno
place	0649138	CA	Moorpark city	moorpark
place	0649187	CA	Moraga town	moraga
place	0649270	CA	Moreno Valley city	moreno valley
place	0649278	CA	Morgan Hill city	morgan hill
place	0649362	CA	Morro Bay city	morro bay
place	0649670	CA	Mountain View city	mountain view
place	0649852	CA	Mount Shasta city	mount shasta
place	0650076	CA	Murrieta city	murrieta
place	0650258	CA	Napa city	napa
place	0650398	CA	National City city	national
place	0650734	CA	Needles city	needles
place	0650874	CA	Nevada City city	nevada
place	0650916	CA	Newark city	newark
place	0651140	CA	Newman city	newman
place	0651182	CA	Newport Beach city	newport beach
place	0651560	CA	Norco city	norco
place	0652526	CA	Norwalk city	norwalk
place	0652582	CA	Novato city	novato
place	0652694	CA	Oakdale city	oakdale
place	0653000	CA	Oakland city	oakland
place	0653070	CA	Oakley city	oakley
place	0653322	CA	Oceanside city	oceanside
place	0653476	CA	Ojai city	ojai
place	0653896	CA	Ontario city	ontario
place	0653980	CA	Orange city	orange
place	0654008	CA	Orange Cove city	orange cove
place	0654232	CA	Orinda city	orinda
place	0654274	CA	Orland city	orland
place	0654386	CA	Oroville city	oroville
place	0654652	CA	Oxnard city	oxnard
place	0654806	CA	Pacifica city	pacifica
place	0654848	CA	Pacific Grove city	pacific grove
place	0655156	CA	Palmdale city	palmdale
place	0655184	CA	Palm Desert city	palm desert
place	0655254	CA	Palm Springs city	palm springs
place	0655282	CA	Palo Alto city	palo alto
place	0655380	CA	Palos Verdes Estates city	palos verdes estates
place	0655520	CA	Paradise town	paradise
place	0655618	CA	Paramount city	paramount
place	0655856	CA	Parlier city	parlier
place	0656000	CA	Pasadena city	pasadena
place	0656112	CA	Patterson city	patterson
place	0656700	CA	Perris city	perris
place	0656784	CA	Petaluma city	petaluma
place	0656924	CA	Pico Rivera city	pico rivera
place	0656938	CA	Piedmont city	piedmont
place	0657288	CA	Pinole city	pinole
place	0657414	CA	Pismo Beach city	pismo beach
place	0657456	CA	Pittsburg city	pittsburg
place	0657526	CA	Placentia city	placentia
place	0657540	CA	Placerville city	placerville
place	0657764	CA	Pleasant Hill city	pleasant hill
place	0657792	CA	Pleasanton city	pleasanton
place	0657834	CA	Plymouth city	plymouth
place	0657876	CA	Point Arena city	point arena
place	0658072	CA	Pomona city	pomona
place	0658240	CA	Porterville city	porterville
place	0658296	CA	Port Hueneme city	port hueneme
place	0658352	CA	Portola city	portola
place	0658380	CA	Portola Valley town	portola valley
place	0658520	CA	Poway city	poway
place	0659444	CA	Rancho Cordova city	rancho cordova
place	0659451	CA	Rancho Cucamonga city	rancho cucamonga
place	0659500	CA	Rancho Mirage city	rancho mirage
place	0659514	CA	Rancho Palos Verdes city	rancho palos verdes
place	0659587	CA	Rancho Santa Margarita city	rancho santa margarita
place	0659892	CA	Red Bluff city	red bluff
place	0659920	CA	Redding city	redding
place	0659962	CA	Redlands city	redlands
place	0660018	CA	Redondo Beach city	redondo beach
place	0660102	CA	Redwood City city	redwood
place	0660242	CA	Reedley city	reedley
place	0660466	CA	Rialto city	rialto
place	0660620	CA	Richmond city	richmond
place	0660704	CA	Ridgecrest city	ridgecrest
place	0660900	CA	Rio Dell city	rio dell
place	0660984	CA	Rio Vista city	rio vista
place	0661026	CA	Ripon city	ripon
place	0661068	CA	Riverbank city	riverbank
place	0662000	CA	Riverside city	riverside
place	0662364	CA	Rocklin city	rocklin
place	0662546	CA	Rohnert Park city	rohnert park
place	0662602	CA	Rolling Hills city	rolling hills
place	0662644	CA	Rolling Hills Estates city	rolling hills estates
place	0662896	CA	Rosemead city	rosemead
place	0662938	CA	Roseville city	roseville
place	0662980	CA	Ross town	ross
place	0664000	CA	Sacramento city	sacramento
place	0664140	CA	St. Helena city	st helena
place	0664224	CA	Salinas city	salinas
place	0664434	CA	San Anselmo town	san anselmo
place	0665000	CA	San Bernardino city	san bernardino
place	0665028	CA	San Bruno city	san bruno
place	0665042	CA	San Buenaventura (Ventura) city	san buenaventura ventura
place	0665070	CA	San Carlos city	san carlos
place	0665084	CA	San Clemente city	san clemente
place	0665112	CA	Sand City city	sand
place	0666000	CA	San Diego city	san diego
place	0666070	CA	San Dimas city	san dimas
place	0666140	CA	San Fernando city	san fernando
place	0667000	CA	San Francisco city	san francisco
place	0667042	CA	San Gabriel city	san gabriel
place	0667056	CA	Sanger city	sanger
place	0667112	CA	San Jacinto city	san jacinto
place	0667126	CA	San Joaquin city	san joaquin
place	0668000	CA	San Jose city	san jose
place	0668014	CA	San Juan Bautista city	san juan bautista
place	0668028	CA	San Juan Capistrano city	san juan capistrano
place	0668084	CA	San Leandro city	san leandro
place	0668154	CA	San Luis Obispo city	san luis obispo
place	0668196	CA	San Marcos city	san marcos
place	0668224	CA	San Marino city	san marino
place	0668252	CA	San Mateo city	san mateo
place	0668294	CA	San Pablo city	san pablo
place	0668364	CA	San Rafael city	san rafael
place	0668378	CA	San Ramon city	san ramon
place	0669000	CA	Santa Ana city	santa ana
place	0669070	CA	Santa Barbara city	santa barbara
place	0669084	CA	Santa Clara city	santa clara
place	0669088	CA	Santa Clarita city	santa clarita
place	0669112	CA	Santa Cruz city	santa cruz
place	0669154	CA	Santa Fe Springs city	santa fe springs
place	0669196	CA	Santa Maria city	santa maria
place	0670000	CA	Santa Monica city	santa monica
place	0670042	CA	Santa Paula city	santa paula
place	0670098	CA	Santa Rosa city	santa rosa
place	0670224	CA	Santee city	santee
place	0670280	CA	Saratoga city	saratoga
place	0670364	CA	Sausalito city	sausalito
place	0670588	CA	Scotts Valley city	scotts valley
place	0670686	CA	Seal Beach city	seal beach
place	0670742	CA	Seaside city	seaside
place	0670770	CA	Sebastopol city	sebastopol
place	0670882	CA	Selma city	selma
place	0671106	CA	Shafter city	shafter
place	0671225	CA	Shasta Lake city	shasta lake
place	0671806	CA	Sierra Madre city	sierra madre
place	0671876	CA	Signal Hill city	signal hill
place	0672016	CA	Simi Valley city	simi valley
place	0672506	CA	Solana Beach city	solana beach
place	0672520	CA	Soledad city	soledad
place	0672576	CA	Solvang city	solvang
place	0672646	CA	Sonoma city	sonoma
place	0672674	CA	Sonora city	sonora
place	0672996	CA	South El Monte city	south el monte
place	0673080	CA	South Gate city	south gate
place	0673108	CA	South Lake Tahoe city	south lake tahoe
place	0673220	CA	South Pasadena city	south pasadena
place	0673262	CA	South San Francisco city	south san francisco
place	0673962	CA	Stanton city	stanton
place	0675000	CA	Stockton city	stockton
place	0675630	CA	Suisun City city	suisun
place	0677000	CA	Sunnyvale city	sunnyvale
place	0677364	CA	Susanville city	susanville
place	0677392	CA	Sutter Creek city	sutter creek
place	0677574	CA	Taft city	taft
place	0678092	CA	Tehachapi city	tehachapi
place	0678106	CA	Tehama city	tehama
place	0678120	CA	Temecula city	temecula
place	0678148	CA	Temple City city	temple
place	0678582	CA	Thousand Oaks city	thousand oaks
place	0678666	CA	Tiburon town	tiburon
place	0680000	CA	Torrance city	torrance
place	0680238	CA	Tracy city	tracy
place	0680448	CA	Trinidad city	trinidad
place	0680588	CA	Truckee town	truckee
place	0680644	CA	Tulare city	tulare
place	0680686	CA	Tulelake city	tulelake
place	0680812	CA	Turlock city	turlock
place	0680854	CA	Tustin city	tustin
place	0680994	CA	Twentynine Palms city	twentynine palms
place	0681134	CA	Ukiah city	ukiah
place	0681204	CA	Union City city	union
place	0681344	CA	Upland city	upland
place	0681554	CA	Vacaville city	vacaville
place	0681666	CA	Vallejo city	vallejo
place	0682422	CA	Vernon city	vernon
place	0682590	CA	Victorville city	victorville
place	0682744	CA	Villa Park city	villa park
place	0682954	CA	Visalia city	visalia
place	0682996	CA	Vista city	vista
place	0683332	CA	Walnut city	walnut
place	0683346	CA	Walnut Creek city	walnut creek
place	0683542	CA	Wasco city	wasco
place	0683612	CA	Waterford city	waterford
place	0683668	CA	Watsonville city	watsonville
place	0683850	CA	Weed city	weed
place	0684200	CA	West Covina city	west covina
place	0684410	CA	West Hollywood city	west hollywood
place	0684438	CA	Westlake Village city	westlake
place	0684550	CA	Westminster city	westminster
place	0684606	CA	Westmorland city	westmorland
place	0684816	CA	West Sacramento city	west sacramento
place	0685012	CA	Wheatland city	wheatland
place	0685292	CA	Whittier city	whittier
place	0685446	CA	Wildomar city	wildomar
place	0685586	CA	Williams city	williams
place	0685600	CA	Willits city	willits
place	0685684	CA	Willows city	willows
place	0685922	CA	Windsor town	windsor
place	0686034	CA	Winters city	winters
place	0686300	CA	Woodlake city	woodlake
place	0686328	CA	Woodland city	woodland
place	0686440	CA	Woodside town	woodside
place	0686832	CA	Yorba Linda city	yorba linda
place	0686930	CA	Yountville city	yountville
place	0686944	CA	Yreka city	yreka
place	0686972	CA	Yuba City city	yuba
place	0687042	CA	Yucaipa city	yucaipa
place	0687056	CA	Yucca Valley town	yucca valley
place	0800760	CO	Aguilar town	aguilar
place	0800925	CO	Akron town	akron
place	0801090	CO	Alamosa city	alamosa
place	0801530	CO	Alma town	alma
place	0802355	CO	Antonito town	antonito
place	0803235	CO	Arriba town	arriba
place	0803455	CO	Arvada city	arvada
place	0803620	CO	Aspen city	aspen
place	0803950	CO	Ault town	ault
place	0804000	CO	Aurora city	aurora
place	0804110	CO	Avon town	avon
place	0804935	CO	Basalt town	basalt
place	0805265	CO	Bayfield town	bayfield
place	0806090	CO	Bennett town	bennett
place	0806255	CO	Berthoud town	berthoud
place	0806530	CO	Bethune town	bethune
place	0807025	CO	Black Hawk city	black hawk
place	0807190	CO	Blanca town	blanca
place	0807410	CO	Blue River town	blue river
place	0807571	CO	Bonanza town	bonanza
place	0807795	CO	Boone town	boone
place	0807850	CO	Boulder city	boulder
place	0808070	CO	Bow Mar town	bow mar
place	0808345	CO	Branson town	branson
place	0808400	CO	Breckenridge town	breckenridge
place	0808675	CO	Brighton city	brighton
place	0809115	CO	Brookside town	brookside
place	0809280	CO	Broomfield city	broomfield
place	0809555	CO	Brush city	brush
place	0810105	CO	Buena Vista town	buena vista
place	0810600	CO	Burlington city	burlington
place	0811260	CO	Calhan town	calhan
place	0811645	CO	Campo town	campo
place	0811810	CO	Cañon City city	cañon
place	0812030	CO	Carbonate town	carbonate
place	0812045	CO	Carbondale town	carbondale
place	0812387	CO	Castle Pines city	castle pines
place	0812415	CO	Castle Rock town	castle rock
place	0812635	CO	Cedaredge town	cedaredge
place	0812815	CO	Centennial city	centennial
place	0812855	CO	Center town	center
place	0812900	CO	Central city	central
place	0813460	CO	Cheraw town	cheraw
place	0813845	CO	Cherry Hills Village city	cherry hills
place	0814175	CO	Cheyenne Wells town	cheyenne wells
place	0814765	CO	City of Creede town	creede
place	0815330	CO	Coal Creek town	coal creek
place	0815550	CO	Cokedale town	cokedale
place	0815605	CO	Collbran town	collbran
place	0816000	CO	Colorado Springs city	colorado springs
place	0816385	CO	Columbine Valley town	columbine valley
place	0816495	CO	Commerce City city	commerce
place	0817375	CO	Cortez city	cortez
place	0817760	CO	Craig city	craig
place	0817925	CO	Crawford town	crawford
place	0818310	CO	Crested Butte town	crested butte
place	0818420	CO	Crestone town	crestone
place	0818530	CO	Cripple Creek city	cripple creek
place	0818640	CO	Crook town	crook
place	0818750	CO	Crowley town	crowley
place	0819080	CO	Dacono city	dacono
place	0819355	CO	De Beque town	de beque
place	0819630	CO	Deer Trail town	deer trail
place	0819795	CO	Del Norte town	del norte
place	0819850	CO	Delta city	delta
place	0820000	CO	Denver city	denver
place	0820440	CO	Dillon town	dillon
place	0820495	CO	Dinosaur town	dinosaur
place	0820770	CO	Dolores town	dolores
place	0821265	CO	Dove Creek town	dove creek
place	0822035	CO	Durango city	durango
place	0822145	CO	Eads town	eads
place	0822200	CO	Eagle town	eagle
place	0822860	CO	Eaton town	eaton
place	0823025	CO	Eckley town	eckley
place	0823135	CO	Edgewater city	edgewater
place	0823740	CO	Elizabeth town	elizabeth
place	0824620	CO	Empire town	empire
place	0824785	CO	Englewood city	englewood
place	0824950	CO	Erie town	erie
place	0825115	CO	Estes Park town	estes park
place	0825280	CO	Evans city	evans
place	0825610	CO	Fairplay town	fairplay
place	0826270	CO	Federal Heights city	federal heights
place	0826600	CO	Firestone town	firestone
place	0826765	CO	Flagler town	flagler
place	0826875	CO	Fleming town	fleming
place	0827040	CO	Florence city	florence
place	0827425	CO	Fort Collins city	fort collins
place	0827700	CO	Fort Lupton city	fort lupton
place	0827810	CO	Fort Morgan city	fort morgan
place	0827865	CO	Fountain city	fountain
place	0827975	CO	Fowler town	fowler
place	0828105	CO	Foxfield town	foxfield
place	0828305	CO	Fraser town	fraser
place	0828360	CO	Frederick town	frederick
place	0828690	CO	Frisco town	frisco
place	0828745	CO	Fruita city	fruita
place	0829185	CO	Garden City town	garden
place	0829680	CO	Genoa town	genoa
place	0829735	CO	Georgetown town	georgetown
place	0829955	CO	Gilcrest town	gilcrest
place	0830340	CO	Glendale city	glendale
place	0830780	CO	Glenwood Springs city	glenwood springs
place	0830835	CO	Golden city	golden
place	0831550	CO	Granada town	granada
place	0831605	CO	Granby town	granby
place	0831660	CO	Grand Junction city	grand junction
place	0831715	CO	Grand Lake town	grand lake
place	0832155	CO	Greeley city	greeley
place	0832650	CO	Green Mountain Falls town	green mountain falls
place	0833035	CO	Greenwood Village city	greenwood
place	0833310	CO	Grover town	grover
place	0833640	CO	Gunnison city	gunnison
place	0833695	CO	Gypsum town	gypsum
place	0834520	CO	Hartman town	hartman
place	0834740	CO	Haswell town	haswell
place	0834960	CO	Haxtun town	haxtun
place	0835070	CO	Hayden town	hayden
place	0836610	CO	Hillrose town	hillrose
place	0837215	CO	Holly town	holly
place	0837270	CO	Holyoke city	holyoke
place	0837380	CO	Hooper town	hooper
place	0837545	CO	Hotchkiss town	hotchkiss
place	0837600	CO	Hot Sulphur Springs town	hot sulphur springs
place	0837820	CO	Hudson town	hudson
place	0837875	CO	Hugo town	hugo
place	0838370	CO	Idaho Springs city	idaho springs
place	0838535	CO	Ignacio town	ignacio
place	0838590	CO	Iliff town	iliff
place	0839195	CO	Jamestown town	jamestown
place	0839855	CO	Johnstown town	johnstown
place	0839965	CO	Julesburg town	julesburg
place	0840185	CO	Keenesburg town	keenesburg
place	0840515	CO	Kersey town	kersey
place	0840570	CO	Kim town	kim
place	0840790	CO	Kiowa town	kiowa
place	0841010	CO	Kit Carson town	kit carson
place	0841560	CO	Kremmling town	kremmling
place	0841835	CO	Lafayette city	lafayette
place	0842055	CO	La Jara town	la jara
place	0842110	CO	La Junta city	la junta
place	0842330	CO	Lake City town	lake
place	0842495	CO	Lakeside town	lakeside
place	0843000	CO	Lakewood city	lakewood
place	0843110	CO	Lamar city	lamar
place	0843550	CO	Larkspur town	larkspur
place	0843605	CO	La Salle town	la salle
place	0843660	CO	Las Animas city	las animas
place	0844100	CO	La Veta town	la veta
place	0844320	CO	Leadville city	leadville
place	0844980	CO	Limon town	limon
place	0845255	CO	Littleton city	littleton
place	0845530	CO	Lochbuie town	lochbuie
place	0845695	CO	Log Lane Village town	log lane
place	0845955	CO	Lone Tree city	lone tree
place	0845970	CO	Longmont city	longmont
place	0846355	CO	Louisville city	louisville
place	0846465	CO	Loveland city	loveland
place	0847070	CO	Lyons town	lyons
place	0848060	CO	Manassa town	manassa
place	0848115	CO	Mancos town	mancos
place	0848445	CO	Manitou Springs city	manitou springs
place	0848500	CO	Manzanola town	manzanola
place	0848555	CO	Marble town	marble
place	0849600	CO	Mead town	mead
place	0849875	CO	Meeker town	meeker
place	0850040	CO	Merino town	merino
place	0850480	CO	Milliken town	milliken
place	0850920	CO	Minturn town	minturn
place	0851250	CO	Moffat town	moffat
place	0851635	CO	Monte Vista city	monte vista
place	0851690	CO	Montezuma town	montezuma
place	0851745	CO	Montrose city	montrose
place	0851800	CO	Monument town	monument
place	0852075	CO	Morrison town	morrison
place	0852350	CO	Mountain View town	mountain view
place	0852550	CO	Mountain Village town	mountain
place	0852570	CO	Mount Crested Butte town	mount crested butte
place	0853120	CO	Naturita town	naturita
place	0853175	CO	Nederland town	nederland
place	0853395	CO	New Castle town	new castle
place	0854330	CO	Northglenn city	northglenn
place	0854880	CO	Norwood town	norwood
place	0854935	CO	Nucla town	nucla
place	0855045	CO	Nunn town	nunn
place	0855155	CO	Oak Creek town	oak creek
place	0855540	CO	Olathe town	olathe
place	0855705	CO	Olney Springs town	olney springs
place	0855870	CO	Ophir town	ophir
place	0855980	CO	Orchard City town	orchard
place	0856145	CO	Ordway town	ordway
place	0856365	CO	Otis town	otis
place	0856420	CO	Ouray city	ouray
place	0856475	CO	Ovid town	ovid
place	0856860	CO	Pagosa Springs town	pagosa springs
place	0856970	CO	Palisade town	palisade
place	0857025	CO	Palmer Lake town	palmer lake
place	0857245	CO	Paoli town	paoli
place	0857300	CO	Paonia town	paonia
place	0857400	CO	Parachute town	parachute
place	0857630	CO	Parker town	parker
place	0858235	CO	Peetz town	peetz
place	0859005	CO	Pierce town	pierce
place	0859830	CO	Pitkin town	pitkin
place	0860160	CO	Platteville town	platteville
place	0860600	CO	Poncha Springs town	poncha springs
place	0861315	CO	Pritchett town	pritchett
place	0862000	CO	Pueblo city	pueblo
place	0862660	CO	Ramah town	ramah
place	0862880	CO	Rangely town	rangely
place	0863045	CO	Raymer (New Raymer) town	raymer new raymer
place	0863265	CO	Red Cliff town	red cliff
place	0864090	CO	Rico town	rico
place	0864200	CO	Ridgway town	ridgway
place	0864255	CO	Rifle city	rifle
place	0864970	CO	Rockvale town	rockvale
place	0865190	CO	Rocky Ford city	rocky ford
place	0865740	CO	Romeo town	romeo
place	0866895	CO	Rye town	rye
place	0867005	CO	Saguache town	saguache
place	0867280	CO	Salida city	salida
place	0867830	CO	Sanford town	sanford
place	0868105	CO	San Luis town	san luis
place	0868655	CO	Sawpit town	sawpit
place	0868930	CO	Sedgwick town	sedgwick
place	0869040	CO	Seibert town	seibert
place	0869150	CO	Severance town	severance
place	0869645	CO	Sheridan city	sheridan
place	0869700	CO	Sheridan Lake town	sheridan lake
place	0870195	CO	Silt town	silt
place	0870250	CO	Silver Cliff town	silver cliff
place	0870360	CO	Silver Plume town	silver plume
place	0870525	CO	Silverthorne town	silverthorne
place	0870580	CO	Silverton town	silverton
place	0870635	CO	Simla town	simla
place	0871755	CO	Snowmass Village town	snowmass
place	0872395	CO	South Fork town	south fork
place	0873330	CO	Springfield town	springfield
place	0873715	CO	Starkville town	starkville
place	0873825	CO	Steamboat Springs city	steamboat springs
place	0873935	CO	Sterling city	sterling
place	0874485	CO	Stratton town	stratton
place	0874815	CO	Sugar City town	sugar
place	0875640	CO	Superior town	superior
place	0875970	CO	Swink town	swink
place	0876795	CO	Telluride town	telluride
place	0877290	CO	Thornton city	thornton
place	0877510	CO	Timnath town	timnath
place	0878610	CO	Trinidad city	trinidad
place	0879270	CO	Two Buttes town	two buttes
place	0880040	CO	Vail town	vail
place	0880865	CO	Victor city	victor
place	0881030	CO	Vilas town	vilas
place	0881690	CO	Vona town	vona
place	0882130	CO	Walden town	walden
place	0882350	CO	Walsenburg city	walsenburg
place	0882460	CO	Walsh town	walsh
place	0882735	CO	Ward town	ward
place	0883230	CO	Wellington town	wellington
place	0883450	CO	Westcliffe town	westcliffe
place	0883835	CO	Westminster city	westminster
place	0884440	CO	Wheat Ridge city	wheat ridge
place	0884770	CO	Wiggins town	wiggins
place	0885045	CO	Wiley town	wiley
place	0885155	CO	Williamsburg town	williamsburg
place	0885485	CO	Windsor town	windsor
place	0885705	CO	Winter Park town	winter park
place	0886090	CO	Woodland Park city	woodland park
place	0886310	CO	Wray city	wray
place	0886475	CO	Yampa town	yampa
place	0886750	CO	Yuma city	yuma
place	0901150	CT	Ansonia city	ansonia
place	0902690	CT	Bantam borough	bantam
place	0908000	CT	Bridgeport city	bridgeport
place	0908420	CT	Bristol city	bristol
place	0918430	CT	Danbury city	danbury
place	0918780	CT	Danielson borough	danielson
place	0919480	CT	Derby city	derby
place	0927810	CT	Fenwick borough	fenwick
place	0934180	CT	Groton city	groton
place	0934460	CT	Groton Long Point borough	groton long point
place	0937000	CT	Hartford city	hartford
place	0939940	CT	Jewett City borough	jewett
place	0943300	CT	Litchfield borough	litchfield
place	0946450	CT	Meriden city	meriden
place	0947290	CT	Middletown city	middletown
place	0947515	CT	Milford city (balance)	milford city balance
place	0949880	CT	Naugatuck borough	naugatuck
place	0950370	CT	New Britain city	new britain
place	0952000	CT	New Haven city	new haven
place	0952280	CT	New London city	new london
place	0952910	CT	Newtown borough	newtown
place	0955990	CT	Norwalk city	norwalk
place	0956200	CT	Norwich city	norwich
place	0968100	CT	Shelton city	shelton
place	0973000	CT	Stamford city	stamford
place	0973700	CT	Stonington borough	stonington
place	0976500	CT	Torrington city	torrington
place	0980000	CT	Waterbury city	waterbury
place	0982800	CT	West Haven city	west haven
place	0988050	CT	Woodmont borough	woodmont
place	1001400	DE	Arden village	arden
place	1001530	DE	Ardencroft village	ardencroft
place	1001660	DE	Ardentown village	ardentown
place	1004650	DE	Bellefonte town	bellefonte
place	1005690	DE	Bethany Beach town	bethany beach
place	1005820	DE	Bethel town	bethel
place	1006730	DE	Blades town	blades
place	1007250	DE	Bowers town	bowers
place	1008680	DE	Bridgeville town	bridgeville
place	1010760	DE	Camden town	camden
place	1014660	DE	Cheswold town	cheswold
place	1015440	DE	Clayton town	clayton
place	1018950	DE	Dagsboro town	dagsboro
place	1019730	DE	Delaware City city	delaware
place	1020380	DE	Delmar town	delmar
place	1020900	DE	Dewey Beach town	dewey beach
place	1021200	DE	Dover city	dover
place	1024020	DE	Ellendale town	ellendale
place	1024540	DE	Elsmere town	elsmere
place	1025840	DE	Farmington town	farmington
place	1026620	DE	Felton town	felton
place	1026880	DE	Fenwick Island town	fenwick island
place	1028310	DE	Frankford town	frankford
place	1028440	DE	Frederica town	frederica
place	1029090	DE	Georgetown town	georgetown
place	1031560	DE	Greenwood town	greenwood
place	1033120	DE	Harrington city	harrington
place	1033250	DE	Hartly town	hartly
place	1033900	DE	Henlopen Acres town	henlopen acres
place	1036760	DE	Houston town	houston
place	1039100	DE	Kenton town	kenton
place	1041310	DE	Laurel town	laurel
place	1041700	DE	Leipsic town	leipsic
place	1041830	DE	Lewes city	lewes
place	1042870	DE	Little Creek town	little creek
place	1044430	DE	Magnolia town	magnolia
place	1047030	DE	Middletown town	middletown
place	1047420	DE	Milford city	milford
place	1047940	DE	Millsboro town	millsboro
place	1048200	DE	Millville town	millville
place	1048330	DE	Milton town	milton
place	1050670	DE	Newark city	newark
place	1050800	DE	New Castle city	new castle
place	1051190	DE	Newport town	newport
place	1053920	DE	Ocean View town	ocean view
place	1054050	DE	Odessa town	odessa
place	1060290	DE	Rehoboth Beach city	rehoboth beach
place	1064320	DE	Seaford city	seaford
place	1064840	DE	Selbyville town	selbyville
place	1067050	DE	Slaughter Beach town	slaughter beach
place	1067310	DE	Smyrna town	smyrna
place	1067700	DE	South Bethany town	south bethany
place	1072510	DE	Townsend town	townsend
place	1074330	DE	Viola town	viola
place	1077580	DE	Wilmington city	wilmington
place	1080830	DE	Woodside town	woodside
place	1081350	DE	Wyoming town	wyoming
place	1150000	DC	Washington city	washington
place	1200375	FL	Alachua city	alachua
place	1200625	FL	Alford town	alford
place	1200950	FL	Altamonte Springs city	altamonte springs
place	1201000	FL	Altha town	altha
place	1201475	FL	Anna Maria city	anna maria
place	1201625	FL	Apalachicola city	apalachicola
place	1201700	FL	Apopka city	apopka
place	1201750	FL	Arcadia city	arcadia
place	1201775	FL	Archer city	archer
place	1202250	FL	Astatula town	astatula
place	1202400	FL	Atlantic Beach city	atlantic beach
place	1202500	FL	Atlantis city	atlantis
place	1202550	FL	Auburndale city	auburndale
place	1202681	FL	Aventura city	aventura
place	1202750	FL	Avon Park city	avon park
place	1203250	FL	Baldwin town	baldwin
place	1203275	FL	Bal Harbour village	bal harbour
place	1203675	FL	Bartow city	bartow
place	1203725	FL	Bascom town	bascom
place	1203975	FL	Bay Harbor Islands town	bay harbor islands
place	1204150	FL	Bay Lake city	bay lake
place	1204975	FL	Bell town	bell
place	1205075	FL	Belleair town	belleair
place	1205100	FL	Belleair Beach city	belleair beach
place	1205125	FL	Belleair Bluffs city	belleair bluffs
place	1205150	FL	Belleair Shore town	belleair shore
place	1205200	FL	Belle Glade city	belle glade
place	1205300	FL	Belle Isle city	belle isle
place	1205375	FL	Belleview city	belleview
place	1206100	FL	Beverly Beach town	beverly beach
place	1206600	FL	Biscayne Park village	biscayne park
place	1206925	FL	Blountstown city	blountstown
place	1207300	FL	Boca Raton city	boca raton
place	1207450	FL	Bonifay city	bonifay
place	1207525	FL	Bonita Springs city	bonita springs
place	1207775	FL	Bowling Green city	bowling green
place	1207875	FL	Boynton Beach city	boynton beach
place	1207950	FL	Bradenton city	bradenton
place	1207975	FL	Bradenton Beach city	bradenton beach
place	1208175	FL	Branford town	branford
place	1208575	FL	Briny Breezes town	briny breezes
place	1208600	FL	Bristol city	bristol
place	1208700	FL	Bronson town	bronson
place	1208725	FL	Brooker town	brooker
place	1208800	FL	Brooksville city	brooksville
place	1209550	FL	Bunnell city	bunnell
place	1209625	FL	Bushnell city	bushnell
place	1209700	FL	Callahan town	callahan
place	1209725	FL	Callaway city	callaway
place	1209900	FL	Campbellton town	campbellton
place	1210250	FL	Cape Canaveral city	cape canaveral
place	1210275	FL	Cape Coral city	cape coral
place	1210725	FL	Carrabelle city	carrabelle
place	1210975	FL	Caryville town	caryville
place	1211050	FL	Casselberry city	casselberry
place	1211225	FL	Cedar Key city	cedar key
place	1211325	FL	Center Hill city	center hill
place	1211362	FL	Century town	century
place	1211800	FL	Chattahoochee city	chattahoochee
place	1211925	FL	Chiefland city	chiefland
place	1211975	FL	Chipley city	chipley
place	1212325	FL	Cinco Bayou town	cinco bayou
place	1212875	FL	Clearwater city	clearwater
place	1212925	FL	Clermont city	clermont
place	1213000	FL	Clewiston city	clewiston
place	1213050	FL	Cloud Lake town	cloud lake
place	1213150	FL	Cocoa city	cocoa
place	1213175	FL	Cocoa Beach city	cocoa beach
place	1213275	FL	Coconut Creek city	coconut creek
place	1213400	FL	Coleman city	coleman
place	1214125	FL	Cooper City city	cooper
place	1214250	FL	Coral Gables city	coral gables
place	1214400	FL	Coral Springs city	coral springs
place	1214850	FL	Cottondale town	cottondale
place	1215375	FL	Crescent City city	crescent
place	1215475	FL	Crestview city	crestview
place	1215575	FL	Cross City town	cross
place	1215775	FL	Crystal River city	crystal river
place	1215968	FL	Cutler Bay town	cutler bay
place	1216125	FL	Dade City city	dade
place	1216335	FL	Dania Beach city	dania beach
place	1216450	FL	Davenport city	davenport
place	1216475	FL	Davie town	davie
place	1216525	FL	Daytona Beach city	daytona beach
place	1216550	FL	Daytona Beach Shores city	daytona beach shores
place	1216675	FL	DeBary city	debary
place	1216725	FL	Deerfield Beach city	deerfield beach
place	1216800	FL	DeFuniak Springs city	defuniak springs
place	1216875	FL	DeLand city	deland
place	1217100	FL	Delray Beach city	delray beach
place	1217200	FL	Deltona city	deltona
place	1217325	FL	Destin city	destin
place	1217935	FL	Doral city	doral
place	1218550	FL	Dundee town	dundee
place	1218575	FL	Dunedin city	dunedin
place	1218675	FL	Dunnellon city	dunnellon
place	1218875	FL	Eagle Lake city	eagle lake
place	1219650	FL	Eatonville town	eatonville
place	1219725	FL	Ebro town	ebro
place	1219825	FL	Edgewater city	edgewater
place	1219900	FL	Edgewood city	edgewood
place	1220650	FL	El Portal village	el portal
place	1221150	FL	Estero village	estero
place	1221250	FL	Esto town	esto
place	1221350	FL	Eustis city	eustis
place	1221425	FL	Everglades city	everglades
place	1221850	FL	Fanning Springs city	fanning springs
place	1222100	FL	Fellsmere city	fellsmere
place	1222175	FL	Fernandina Beach city	fernandina beach
place	1222550	FL	Flagler Beach city	flagler beach
place	1222975	FL	Florida City city	florida
place	1224000	FL	Fort Lauderdale city	fort lauderdale
place	1224100	FL	Fort Meade city	fort meade
place	1224125	FL	Fort Myers city	fort myers
place	1224150	FL	Fort Myers Beach town	fort myers beach
place	1224300	FL	Fort Pierce city	fort pierce
place	1224475	FL	Fort Walton Beach city	fort walton beach
place	1224500	FL	Fort White town	fort white
place	1224825	FL	Freeport city	freeport
place	1224900	FL	Frostproof city	frostproof
place	1224975	FL	Fruitland Park city	fruitland park
place	1225175	FL	Gainesville city	gainesville
place	1226050	FL	Glen Ridge town	glen ridge
place	1226075	FL	Glen St. Mary town	glen st mary
place	1226250	FL	Golden Beach town	golden beach
place	1226550	FL	Golf village	golf
place	1227000	FL	Graceville city	graceville
place	1227175	FL	Grand Ridge town	grand ridge
place	1227256	FL	Grant-Valkaria town	grant valkaria
place	1227322	FL	Greenacres city	greenacres
place	1227400	FL	Green Cove Springs city	green cove springs
place	1227550	FL	Greensboro town	greensboro
place	1227575	FL	Greenville town	greenville
place	1227600	FL	Greenwood town	greenwood
place	1227650	FL	Gretna city	gretna
place	1227800	FL	Groveland city	groveland
place	1228000	FL	Gulf Breeze city	gulf breeze
place	1228175	FL	Gulfport city	gulfport
place	1228275	FL	Gulf Stream town	gulf stream
place	1228400	FL	Haines City city	haines
place	1228452	FL	Hallandale Beach city	hallandale beach
place	1228575	FL	Hampton city	hampton
place	1229150	FL	Havana town	havana
place	1229200	FL	Haverhill town	haverhill
place	1229275	FL	Hawthorne city	hawthorne
place	1230000	FL	Hialeah city	hialeah
place	1230025	FL	Hialeah Gardens city	hialeah gardens
place	1230200	FL	Highland Beach town	highland beach
place	1230325	FL	Highland Park village	highland park
place	1230525	FL	High Springs city	high springs
place	1230700	FL	Hillcrest Heights town	hillcrest heights
place	1230750	FL	Hilliard town	hilliard
place	1230850	FL	Hillsboro Beach town	hillsboro beach
place	1231350	FL	Holly Hill city	holly hill
place	1232000	FL	Hollywood city	hollywood
place	1232150	FL	Holmes Beach city	holmes beach
place	1232275	FL	Homestead city	homestead
place	1232650	FL	Horseshoe Beach town	horseshoe beach
place	1232775	FL	Howey-in-the-Hills town	howey in the hills
place	1233150	FL	Hypoluxo town	hypoluxo
place	1233375	FL	Indialantic town	indialantic
place	1233425	FL	Indian Creek village	indian creek
place	1233450	FL	Indian Harbour Beach city	indian harbour beach
place	1233600	FL	Indian River Shores town	indian river shores
place	1233625	FL	Indian Rocks Beach city	indian rocks beach
place	1233675	FL	Indian Shores town	indian shores
place	1233700	FL	Indiantown village	indiantown
place	1233800	FL	Inglis town	inglis
place	1233900	FL	Interlachen town	interlachen
place	1233950	FL	Inverness city	inverness
place	1234132	FL	Islamorada, Village of Islands village	islamorada village of islands
place	1235000	FL	Jacksonville city	jacksonville
place	1235050	FL	Jacksonville Beach city	jacksonville beach
place	1235200	FL	Jacob City city	jacob
place	1235375	FL	Jasper city	jasper
place	1235425	FL	Jay town	jay
place	1235525	FL	Jennings town	jennings
place	1235850	FL	Juno Beach town	juno beach
place	1235875	FL	Jupiter town	jupiter
place	1235900	FL	Jupiter Inlet Colony town	jupiter inlet colony
place	1235925	FL	Jupiter Island town	jupiter island
place	1236175	FL	Kenneth City town	kenneth
place	1236300	FL	Key Biscayne village	key biscayne
place	1236325	FL	Key Colony Beach city	key colony beach
place	1236475	FL	Keystone Heights city	keystone heights
place	1236550	FL	Key West city	key west
place	1236950	FL	Kissimmee city	kissimmee
place	1237225	FL	LaBelle city	labelle
place	1237300	FL	La Crosse town	la crosse
place	1237375	FL	Lady Lake town	lady lake
place	1237525	FL	Lake Alfred city	lake alfred
place	1237625	FL	Lake Buena Vista city	lake buena vista
place	1237650	FL	Lake Butler city	lake butler
place	1237775	FL	Lake City city	lake
place	1237800	FL	Lake Clarke Shores town	lake clarke shores
place	1237975	FL	Lake Hamilton town	lake hamilton
place	1238025	FL	Lake Helen city	lake helen
place	1238250	FL	Lakeland city	lakeland
place	1238425	FL	Lake Mary city	lake mary
place	1238600	FL	Lake Park town	lake park
place	1238625	FL	Lake Placid town	lake placid
place	1238950	FL	Lake Wales city	lake wales
place	1239081	FL	Lake Worth Beach city	lake worth beach
place	1239375	FL	Lantana town	lantana
place	1239425	FL	Largo city	largo
place	1239475	FL	Lauderdale-by-the-Sea town	lauderdale by the sea
place	1239525	FL	Lauderdale Lakes city	lauderdale lakes
place	1239550	FL	Lauderhill city	lauderhill
place	1239650	FL	Laurel Hill city	laurel hill
place	1239700	FL	Lawtey city	lawtey
place	1239725	FL	Layton city	layton
place	1239750	FL	Lazy Lake village	lazy lake
place	1239850	FL	Lee town	lee
place	1239875	FL	Leesburg city	leesburg
place	1240450	FL	Lighthouse Point city	lighthouse point
place	1240875	FL	Live Oak city	live oak
place	1241150	FL	Longboat Key town	longboat key
place	1241250	FL	Longwood city	longwood
place	1241577	FL	Loxahatchee Groves town	loxahatchee groves
place	1241825	FL	Lynn Haven city	lynn haven
place	1241950	FL	Macclenny city	macclenny
place	1242150	FL	McIntosh town	mcintosh
place	1242400	FL	Madeira Beach city	madeira beach
place	1242425	FL	Madison city	madison
place	1242575	FL	Maitland city	maitland
place	1242625	FL	Malabar town	malabar
place	1242650	FL	Malone town	malone
place	1242700	FL	Manalapan town	manalapan
place	1242900	FL	Mangonia Park town	mangonia park
place	1243000	FL	Marathon city	marathon
place	1243083	FL	Marco Island city	marco island
place	1243125	FL	Margate city	margate
place	1243175	FL	Marianna city	marianna
place	1243250	FL	Marineland town	marineland
place	1243375	FL	Mary Esther city	mary esther
place	1243425	FL	Mascotte city	mascotte
place	1243575	FL	Mayo town	mayo
place	1243900	FL	Medley town	medley
place	1243975	FL	Melbourne city	melbourne
place	1244000	FL	Melbourne Beach town	melbourne beach
place	1244075	FL	Melbourne Village town	melbourne
place	1244300	FL	Mexico Beach city	mexico beach
place	1245000	FL	Miami city	miami
place	1245025	FL	Miami Beach city	miami beach
place	1245060	FL	Miami Gardens city	miami gardens
place	1245100	FL	Miami Lakes town	miami lakes
place	1245175	FL	Miami Shores village	miami shores
place	1245200	FL	Miami Springs city	miami springs
place	1245225	FL	Micanopy town	micanopy
place	1245425	FL	Midway city	midway
place	1245750	FL	Milton city	milton
place	1245900	FL	Minneola city	minneola
place	1245975	FL	Miramar city	miramar
place	1246500	FL	Monticello city	monticello
place	1246525	FL	Montverde town	montverde
place	1246550	FL	Moore Haven city	moore haven
place	1247050	FL	Mount Dora city	mount dora
place	1247200	FL	Mulberry city	mulberry
place	1247625	FL	Naples city	naples
place	1248100	FL	Neptune Beach city	neptune beach
place	1248200	FL	Newberry city	newberry
place	1248500	FL	New Port Richey city	new port richey
place	1248625	FL	New Smyrna Beach city	new smyrna beach
place	1248750	FL	Niceville city	niceville
place	1248900	FL	Noma town	noma
place	1249225	FL	North Bay Village city	north bay
place	1249425	FL	North Lauderdale city	north lauderdale
place	1249450	FL	North Miami city	north miami
place	1249475	FL	North Miami Beach city	north miami beach
place	1249600	FL	North Palm Beach village	north palm beach
place	1249675	FL	North Port city	north port
place	1249725	FL	North Redington Beach town	north redington beach
place	1250450	FL	Oak Hill city	oak hill
place	1250525	FL	Oakland town	oakland
place	1250575	FL	Oakland Park city	oakland park
place	1250750	FL	Ocala city	ocala
place	1250875	FL	Ocean Breeze town	ocean breeze
place	1250950	FL	Ocean Ridge town	ocean ridge
place	1251075	FL	Ocoee city	ocoee
place	1251200	FL	Okeechobee city	okeechobee
place	1251350	FL	Oldsmar city	oldsmar
place	1251650	FL	Opa-locka city	opa locka
place	1251825	FL	Orange City city	orange
place	1252125	FL	Orange Park town	orange park
place	1252175	FL	Orchid town	orchid
place	1253000	FL	Orlando city	orlando
place	1253150	FL	Ormond Beach city	ormond beach
place	1253500	FL	Otter Creek town	otter creek
place	1253575	FL	Oviedo city	oviedo
place	1253800	FL	Pahokee city	pahokee
place	1253875	FL	Palatka city	palatka
place	1254000	FL	Palm Bay city	palm bay
place	1254025	FL	Palm Beach town	palm beach
place	1254075	FL	Palm Beach Gardens city	palm beach gardens
place	1254150	FL	Palm Beach Shores town	palm beach shores
place	1254200	FL	Palm Coast city	palm coast
place	1254250	FL	Palmetto city	palmetto
place	1254275	FL	Palmetto Bay village	palmetto bay
place	1254425	FL	Palm Shores town	palm shores
place	1254450	FL	Palm Springs village	palm springs
place	1254700	FL	Panama City city	panama
place	1254725	FL	Panama City Beach city	panama city beach
place	1255075	FL	Parker city	parker
place	1255125	FL	Parkland city	parkland
place	1255475	FL	Paxton town	paxton
place	1255750	FL	Pembroke Park town	pembroke park
place	1255775	FL	Pembroke Pines city	pembroke pines
place	1255875	FL	Penney Farms town	penney farms
place	1255925	FL	Pensacola city	pensacola
place	1256150	FL	Perry city	perry
place	1256425	FL	Pierson town	pierson
place	1256625	FL	Pinecrest village	pinecrest
place	1256975	FL	Pinellas Park city	pinellas park
place	1257425	FL	Plantation city	plantation
place	1257550	FL	Plant City city	plant
place	1257950	FL	Polk City town	polk
place	1258025	FL	Pomona Park town	pomona park
place	1258050	FL	Pompano Beach city	pompano beach
place	1258175	FL	Ponce de Leon town	ponce de leon
place	1258200	FL	Ponce Inlet town	ponce inlet
place	1258575	FL	Port Orange city	port orange
place	1258600	FL	Port Richey city	port richey
place	1258675	FL	Port St. Joe city	port st joe
place	1258715	FL	Port St. Lucie city	port st lucie
place	1259200	FL	Punta Gorda city	punta gorda
place	1259325	FL	Quincy city	quincy
place	1259400	FL	Raiford town	raiford
place	1259675	FL	Reddick town	reddick
place	1259725	FL	Redington Beach town	redington beach
place	1259750	FL	Redington Shores town	redington shores
place	1260975	FL	Riviera Beach city	riviera beach
place	1261500	FL	Rockledge city	rockledge
place	1262100	FL	Royal Palm Beach village	royal palm beach
place	1262425	FL	Safety Harbor city	safety harbor
place	1262500	FL	St. Augustine city	st augustine
place	1262525	FL	St. Augustine Beach city	st augustine beach
place	1262625	FL	St. Cloud city	st cloud
place	1262775	FL	St. Leo town	st leo
place	1262800	FL	St. Lucie Village town	st lucie
place	1262825	FL	St. Marks city	st marks
place	1262885	FL	St. Pete Beach city	st pete beach
place	1263000	FL	St. Petersburg city	st petersburg
place	1263375	FL	San Antonio city	san antonio
place	1263650	FL	Sanford city	sanford
place	1263700	FL	Sanibel city	sanibel
place	1264175	FL	Sarasota city	sarasota
place	1264400	FL	Satellite Beach city	satellite beach
place	1264725	FL	Sea Ranch Lakes village	sea ranch lakes
place	1264825	FL	Sebastian city	sebastian
place	1264875	FL	Sebring city	sebring
place	1264975	FL	Seminole city	seminole
place	1265225	FL	Sewall's Point town	sewalls point
place	1265425	FL	Shalimar town	shalimar
place	1266725	FL	Sneads town	sneads
place	1266925	FL	Sopchoppy city	sopchoppy
place	1267175	FL	South Bay city	south bay
place	1267325	FL	South Daytona city	south daytona
place	1267550	FL	South Miami city	south miami
place	1267650	FL	South Palm Beach town	south palm beach
place	1267675	FL	South Pasadena city	south pasadena
place	1268135	FL	Southwest Ranches town	southwest ranches
place	1268275	FL	Springfield city	springfield
place	1268525	FL	Starke city	starke
place	1268875	FL	Stuart city	stuart
place	1269555	FL	Sunny Isles Beach city	sunny isles beach
place	1269700	FL	Sunrise city	sunrise
place	1270075	FL	Surfside town	surfside
place	1270345	FL	Sweetwater city	sweetwater
place	1270600	FL	Tallahassee city	tallahassee
place	1270675	FL	Tamarac city	tamarac
place	1271000	FL	Tampa city	tampa
place	1271150	FL	Tarpon Springs city	tarpon springs
place	1271225	FL	Tavares city	tavares
place	1271400	FL	Temple Terrace city	temple terrace
place	1271525	FL	Tequesta village	tequesta
place	1271900	FL	Titusville city	titusville
place	1272325	FL	Treasure Island city	treasure island
place	1272350	FL	Trenton city	trenton
place	1273025	FL	Umatilla city	umatilla
place	1273675	FL	Valparaiso city	valparaiso
place	1273900	FL	Venice city	venice
place	1274125	FL	Vernon city	vernon
place	1274150	FL	Vero Beach city	vero beach
place	1274575	FL	Virginia Gardens village	virginia gardens
place	1274925	FL	Waldo city	waldo
place	1275375	FL	Wauchula city	wauchula
place	1275450	FL	Wausau town	wausau
place	1275600	FL	Webster city	webster
place	1275750	FL	Welaka town	welaka
place	1275812	FL	Wellington village	wellington
place	1276417	FL	Westlake city	westlake
place	1276500	FL	West Melbourne city	west melbourne
place	1276525	FL	West Miami city	west miami
place	1276582	FL	Weston city	weston
place	1276600	FL	West Palm Beach city	west palm beach
place	1276658	FL	West Park city	west park
place	1276975	FL	Westville town	westville
place	1277100	FL	Wewahitchka city	wewahitchka
place	1277400	FL	White Springs town	white springs
place	1277675	FL	Wildwood city	wildwood
place	1277825	FL	Williston city	williston
place	1278000	FL	Wilton Manors city	wilton manors
place	1278050	FL	Windermere town	windermere
place	1278250	FL	Winter Garden city	winter garden
place	1278275	FL	Winter Haven city	winter haven
place	1278300	FL	Winter Park city	winter park
place	1278325	FL	Winter Springs city	winter springs
place	1278775	FL	Worthington Springs town	worthington springs
place	1278925	FL	Yankeetown town	yankeetown
place	1279225	FL	Zephyrhills city	zephyrhills
place	1279250	FL	Zolfo Springs town	zolfo springs
place	1300184	GA	Abbeville city	abbeville
place	1300408	GA	Acworth city	acworth
place	1300436	GA	Adairsville city	adairsville
place	1300576	GA	Adel city	adel
place	1300660	GA	Adrian city	adrian
place	1300828	GA	Ailey city	ailey
place	1300996	GA	Alamo town	alamo
place	1301024	GA	Alapaha town	alapaha
place	1301052	GA	Albany city	albany
place	1301248	GA	Aldora town	aldora
place	1301472	GA	Allenhurst city	allenhurst
place	1301500	GA	Allentown city	allentown
place	1301612	GA	Alma city	alma
place	1301696	GA	Alpharetta city	alpharetta
place	1301808	GA	Alston town	alston
place	1301948	GA	Alto town	alto
place	1302060	GA	Ambrose city	ambrose
place	1302116	GA	Americus city	americus
place	1302256	GA	Andersonville city	andersonville
place	1302564	GA	Arabi town	arabi
place	1302592	GA	Aragon city	aragon
place	1302648	GA	Arcade city	arcade
place	1302844	GA	Argyle town	argyle
place	1302928	GA	Arlington city	arlington
place	1303124	GA	Arnoldsville city	arnoldsville
place	1303236	GA	Ashburn city	ashburn
place	1303440	GA	Athens-Clarke County unified government (balance)	athens clarke county unified government balance
place	1304000	GA	Atlanta city	atlanta
place	1304084	GA	Attapulgus city	attapulgus
place	1304140	GA	Auburn city	auburn
place	1304204	GA	Augusta-Richmond County consolidated government (balance)	augusta richmond county consolidated government balance
place	1304252	GA	Austell city	austell
place	1304392	GA	Avalon town	avalon
place	1304448	GA	Avera city	avera
place	1304644	GA	Avondale Estates city	avondale estates
place	1304840	GA	Baconton city	baconton
place	1304896	GA	Bainbridge city	bainbridge
place	1304980	GA	Baldwin city	baldwin
place	1305036	GA	Ball Ground city	ball ground
place	1305344	GA	Barnesville city	barnesville
place	1305680	GA	Bartow town	bartow
place	1305708	GA	Barwick city	barwick
place	1306016	GA	Baxley city	baxley
place	1306688	GA	Bellville city	bellville
place	1307248	GA	Berkeley Lake city	berkeley lake
place	1307304	GA	Berlin city	berlin
place	1307612	GA	Bethlehem town	bethlehem
place	1307640	GA	Between town	between
place	1308200	GA	Bishop town	bishop
place	1308284	GA	Blackshear city	blackshear
place	1308480	GA	Blairsville city	blairsville
place	1308536	GA	Blakely city	blakely
place	1308844	GA	Bloomingdale city	bloomingdale
place	1308928	GA	Blue Ridge city	blue ridge
place	1308956	GA	Bluffton town	bluffton
place	1309040	GA	Blythe city	blythe
place	1309068	GA	Bogart town	bogart
place	1309460	GA	Boston city	boston
place	1309488	GA	Bostwick city	bostwick
place	1309544	GA	Bowdon city	bowdon
place	1309656	GA	Bowersville town	bowersville
place	1309712	GA	Bowman city	bowman
place	1310076	GA	Braselton town	braselton
place	1310104	GA	Braswell town	braswell
place	1310132	GA	Bremen city	bremen
place	1310608	GA	Brinson town	brinson
place	1310860	GA	Bronwood town	bronwood
place	1310944	GA	Brookhaven city	brookhaven
place	1311000	GA	Brooklet city	brooklet
place	1311056	GA	Brooks town	brooks
place	1311504	GA	Broxton city	broxton
place	1311560	GA	Brunswick city	brunswick
place	1311616	GA	Buchanan city	buchanan
place	1311672	GA	Buckhead town	buckhead
place	1311728	GA	Buena Vista city	buena vista
place	1311784	GA	Buford city	buford
place	1312120	GA	Butler city	butler
place	1312232	GA	Byromville town	byromville
place	1312260	GA	Byron city	byron
place	1312344	GA	Cadwell town	cadwell
place	1312400	GA	Cairo city	cairo
place	1312456	GA	Calhoun city	calhoun
place	1312512	GA	Camak town	camak
place	1312624	GA	Camilla city	camilla
place	1312932	GA	Canon city	canon
place	1312988	GA	Canton city	canton
place	1313184	GA	Carl town	carl
place	1313212	GA	Carlton city	carlton
place	1313352	GA	Carnesville city	carnesville
place	1313492	GA	Carrollton city	carrollton
place	1313688	GA	Cartersville city	cartersville
place	1314108	GA	Cave Spring city	cave spring
place	1314192	GA	Cecil city	cecil
place	1314500	GA	Cedartown city	cedartown
place	1314920	GA	Centerville city	centerville
place	1315026	GA	Centralhatchee town	centralhatchee
place	1315172	GA	Chamblee city	chamblee
place	1315508	GA	Chatsworth city	chatsworth
place	1315552	GA	Chattahoochee Hills city	chattahoochee hills
place	1315648	GA	Chauncey city	chauncey
place	1315900	GA	Chester town	chester
place	1315984	GA	Chickamauga city	chickamauga
place	1316460	GA	Clarkesville city	clarkesville
place	1316544	GA	Clarkston city	clarkston
place	1316600	GA	Claxton city	claxton
place	1316656	GA	Clayton city	clayton
place	1316796	GA	Clermont town	clermont
place	1316824	GA	Cleveland city	cleveland
place	1316908	GA	Climax city	climax
place	1317272	GA	Cobbtown city	cobbtown
place	1317328	GA	Cochran city	cochran
place	1317496	GA	Cohutta city	cohutta
place	1317552	GA	Colbert city	colbert
place	1317776	GA	College Park city	college park
place	1317832	GA	Collins city	collins
place	1318000	GA	Colquitt city	colquitt
place	1319000	GA	Columbus city	columbus
place	1319084	GA	Comer city	comer
place	1319112	GA	Commerce city	commerce
place	1319168	GA	Concord city	concord
place	1319336	GA	Conyers city	conyers
place	1319392	GA	Coolidge city	coolidge
place	1319616	GA	Cordele city	cordele
place	1319728	GA	Cornelia city	cornelia
place	1320064	GA	Covington city	covington
place	1320288	GA	Crawford city	crawford
place	1320316	GA	Crawfordville city	crawfordville
place	1320848	GA	Culloden city	culloden
place	1320932	GA	Cumming city	cumming
place	1321017	GA	Cusseta-Chattahoochee County unified government	cusseta chattahoochee county unified government
place	1321072	GA	Cuthbert city	cuthbert
place	1321184	GA	Dacula city	dacula
place	1321240	GA	Dahlonega city	dahlonega
place	1321268	GA	Daisy city	daisy
place	1321324	GA	Dallas city	dallas
place	1321380	GA	Dalton city	dalton
place	1321436	GA	Damascus city	damascus
place	1321632	GA	Danielsville city	danielsville
place	1321688	GA	Danville town	danville
place	1321716	GA	Darien city	darien
place	1321744	GA	Dasher town	dasher
place	1321800	GA	Davisboro city	davisboro
place	1321912	GA	Dawson city	dawson
place	1321940	GA	Dawsonville city	dawsonville
place	1322024	GA	Dearing town	dearing
place	1322052	GA	Decatur city	decatur
place	1322108	GA	Deepstep town	deepstep
place	1322304	GA	Demorest city	demorest
place	1322388	GA	Denton city	denton
place	1322472	GA	De Soto city	de soto
place	1322752	GA	Dexter town	dexter
place	1322976	GA	Dillard city	dillard
place	1323284	GA	Doerun city	doerun
place	1323368	GA	Donalsonville city	donalsonville
place	1323480	GA	Dooling town	dooling
place	1323536	GA	Doraville city	doraville
place	1323872	GA	Douglas city	douglas
place	1323900	GA	Douglasville city	douglasville
place	1324376	GA	Dublin city	dublin
place	1324488	GA	Dudley city	dudley
place	1324600	GA	Duluth city	duluth
place	1324768	GA	Dunwoody city	dunwoody
place	1324796	GA	Du Pont town	du pont
place	1325300	GA	East Dublin city	east dublin
place	1325356	GA	East Ellijay city	east ellijay
place	1325552	GA	Eastman city	eastman
place	1325720	GA	East Point city	east point
place	1326084	GA	Eatonton city	eatonton
place	1326156	GA	Echols County consolidated government	echols county consolidated government
place	1326224	GA	Edge Hill city	edge hill
place	1326448	GA	Edison city	edison
place	1326616	GA	Elberton city	elberton
place	1326980	GA	Ellaville city	ellaville
place	1327008	GA	Ellenton town	ellenton
place	1327092	GA	Ellijay city	ellijay
place	1327344	GA	Emerson city	emerson
place	1327596	GA	Enigma town	enigma
place	1327708	GA	Ephesus city	ephesus
place	1327932	GA	Eton city	eton
place	1327988	GA	Euharlee city	euharlee
place	1328380	GA	Fairburn city	fairburn
place	1328492	GA	Fairmount city	fairmount
place	1328744	GA	Fargo city	fargo
place	1328968	GA	Fayetteville city	fayetteville
place	1329528	GA	Fitzgerald city	fitzgerald
place	1330088	GA	Flemington city	flemington
place	1330312	GA	Flovilla city	flovilla
place	1330340	GA	Flowery Branch city	flowery branch
place	1330424	GA	Folkston city	folkston
place	1330536	GA	Forest Park city	forest park
place	1330732	GA	Forsyth city	forsyth
place	1330816	GA	Fort Gaines city	fort gaines
place	1330956	GA	Fort Oglethorpe city	fort oglethorpe
place	1331096	GA	Fort Valley city	fort valley
place	1331292	GA	Franklin city	franklin
place	1331320	GA	Franklin Springs city	franklin springs
place	1331684	GA	Funston city	funston
place	1331908	GA	Gainesville city	gainesville
place	1332048	GA	Garden City city	garden
place	1332188	GA	Garfield city	garfield
place	1332384	GA	Gay town	gay
place	1332412	GA	Geneva town	geneva
place	1332528	GA	Georgetown-Quitman County unified government	georgetown quitman county unified government
place	1332748	GA	Gibson city	gibson
place	1332860	GA	Gillsville city	gillsville
place	1332916	GA	Girard town	girard
place	1333336	GA	Glennville city	glennville
place	1333392	GA	Glenwood city	glenwood
place	1333896	GA	Good Hope city	good hope
place	1333980	GA	Gordon city	gordon
place	1334260	GA	Graham city	graham
place	1334428	GA	Grantville city	grantville
place	1334512	GA	Gray city	gray
place	1334596	GA	Grayson city	grayson
place	1334876	GA	Greensboro city	greensboro
place	1335016	GA	Greenville city	greenville
place	1335324	GA	Griffin city	griffin
place	1335716	GA	Grovetown city	grovetown
place	1335800	GA	Gumbranch city	gumbranch
place	1335884	GA	Guyton city	guyton
place	1336024	GA	Hagan city	hagan
place	1336052	GA	Hahira city	hahira
place	1336220	GA	Hamilton city	hamilton
place	1336276	GA	Hampton city	hampton
place	1336472	GA	Hapeville city	hapeville
place	1336528	GA	Haralson town	haralson
place	1336696	GA	Harlem city	harlem
place	1336920	GA	Harrison town	harrison
place	1337144	GA	Hartwell city	hartwell
place	1337396	GA	Hawkinsville city	hawkinsville
place	1337564	GA	Hazlehurst city	hazlehurst
place	1337788	GA	Helen city	helen
place	1338040	GA	Hephzibah city	hephzibah
place	1338124	GA	Hiawassee city	hiawassee
place	1338348	GA	Higgston town	higgston
place	1338920	GA	Hiltonia town	hiltonia
place	1338964	GA	Hinesville city	hinesville
place	1339076	GA	Hiram city	hiram
place	1339216	GA	Hoboken city	hoboken
place	1339244	GA	Hogansville city	hogansville
place	1339524	GA	Holly Springs city	holly springs
place	1339692	GA	Homeland city	homeland
place	1339720	GA	Homer town	homer
place	1339748	GA	Homerville city	homerville
place	1340056	GA	Hoschton city	hoschton
place	1340532	GA	Hull city	hull
place	1340812	GA	Ideal city	ideal
place	1340840	GA	Ila city	ila
place	1341344	GA	Iron City town	iron
place	1341400	GA	Irwinton city	irwinton
place	1341540	GA	Ivey city	ivey
place	1341596	GA	Jackson city	jackson
place	1341708	GA	Jacksonville city	jacksonville
place	1341792	GA	Jakin city	jakin
place	1341932	GA	Jasper city	jasper
place	1341988	GA	Jefferson city	jefferson
place	1342100	GA	Jeffersonville city	jeffersonville
place	1342156	GA	Jenkinsburg city	jenkinsburg
place	1342184	GA	Jersey city	jersey
place	1342268	GA	Jesup city	jesup
place	1342425	GA	Johns Creek city	johns creek
place	1342604	GA	Jonesboro city	jonesboro
place	1342800	GA	Junction City town	junction
place	1343192	GA	Kennesaw city	kennesaw
place	1343360	GA	Keysville city	keysville
place	1343640	GA	Kingsland city	kingsland
place	1343668	GA	Kingston city	kingston
place	1343892	GA	Kite city	kite
place	1344312	GA	LaFayette city	lafayette
place	1344340	GA	LaGrange city	lagrange
place	1344508	GA	Lake City city	lake
place	1344592	GA	Lakeland city	lakeland
place	1344704	GA	Lake Park city	lake park
place	1345460	GA	Lavonia city	lavonia
place	1345488	GA	Lawrenceville city	lawrenceville
place	1345600	GA	Leary city	leary
place	1345768	GA	Leesburg city	leesburg
place	1345936	GA	Lenox town	lenox
place	1346020	GA	Leslie city	leslie
place	1346188	GA	Lexington city	lexington
place	1346356	GA	Lilburn city	lilburn
place	1346384	GA	Lilly city	lilly
place	1346552	GA	Lincolnton city	lincolnton
place	1346860	GA	Lithonia city	lithonia
place	1347140	GA	Locust Grove city	locust grove
place	1347196	GA	Loganville city	loganville
place	1347252	GA	Lone Oak town	lone oak
place	1347336	GA	Lookout Mountain city	lookout mountain
place	1347560	GA	Louisville city	louisville
place	1347616	GA	Lovejoy city	lovejoy
place	1347784	GA	Ludowici city	ludowici
place	1347896	GA	Lula city	lula
place	1347952	GA	Lumber City city	lumber
place	1347980	GA	Lumpkin city	lumpkin
place	1348008	GA	Luthersville city	luthersville
place	1348092	GA	Lyerly town	lyerly
place	1348232	GA	Lyons city	lyons
place	1348288	GA	Mableton city	mableton
place	1348428	GA	McCaysville city	mccaysville
place	1348624	GA	McDonough city	mcdonough
place	1348848	GA	McIntyre town	mcintyre
place	1349008	GA	Macon-Bibb County	macon bibb
place	1349100	GA	McRae-Helena city	mcrae helena
place	1349196	GA	Madison city	madison
place	1349504	GA	Manassas city	manassas
place	1349532	GA	Manchester city	manchester
place	1349616	GA	Mansfield city	mansfield
place	1349756	GA	Marietta city	marietta
place	1349924	GA	Marshallville city	marshallville
place	1350008	GA	Martin town	martin
place	1350260	GA	Maxeys town	maxeys
place	1350484	GA	Maysville town	maysville
place	1350596	GA	Meansville city	meansville
place	1350680	GA	Meigs city	meigs
place	1350848	GA	Menlo city	menlo
place	1351072	GA	Metter city	metter
place	1351240	GA	Midville city	midville
place	1351352	GA	Midway city	midway
place	1351408	GA	Milan city	milan
place	1351492	GA	Milledgeville city	milledgeville
place	1351520	GA	Millen city	millen
place	1351604	GA	Milner city	milner
place	1351670	GA	Milton city	milton
place	1351968	GA	Mitchell town	mitchell
place	1352108	GA	Molena city	molena
place	1352192	GA	Monroe city	monroe
place	1352304	GA	Montezuma city	montezuma
place	1352416	GA	Monticello city	monticello
place	1352500	GA	Montrose town	montrose
place	1352668	GA	Moreland town	moreland
place	1352696	GA	Morgan city	morgan
place	1352724	GA	Morganton city	morganton
place	1353004	GA	Morrow city	morrow
place	1353032	GA	Morven city	morven
place	1353060	GA	Moultrie city	moultrie
place	1353116	GA	Mountain City town	mountain
place	1353172	GA	Mountain Park city	mountain park
place	1353284	GA	Mount Airy town	mount airy
place	1353508	GA	Mount Vernon city	mount vernon
place	1353620	GA	Mount Zion city	mount zion
place	1354124	GA	Nahunta city	nahunta
place	1354264	GA	Nashville city	nashville
place	1354572	GA	Nelson city	nelson
place	1354656	GA	Newborn town	newborn
place	1354992	GA	Newington town	newington
place	1355020	GA	Newnan city	newnan
place	1355244	GA	Newton city	newton
place	1355440	GA	Nicholls city	nicholls
place	1355468	GA	Nicholson city	nicholson
place	1355776	GA	Norcross city	norcross
place	1355860	GA	Norman Park city	norman park
place	1356308	GA	North High Shoals town	north high shoals
place	1356560	GA	Norwood city	norwood
place	1356644	GA	Nunez city	nunez
place	1357232	GA	Oak Park town	oak park
place	1357260	GA	Oakwood city	oakwood
place	1357372	GA	Ochlocknee town	ochlocknee
place	1357428	GA	Ocilla city	ocilla
place	1357456	GA	Oconee city	oconee
place	1357540	GA	Odum city	odum
place	1357568	GA	Offerman city	offerman
place	1357736	GA	Oglethorpe city	oglethorpe
place	1358100	GA	Oliver city	oliver
place	1358184	GA	Omega city	omega
place	1358296	GA	Orchard Hill town	orchard hill
place	1358744	GA	Oxford city	oxford
place	1358884	GA	Palmetto city	palmetto
place	1359416	GA	Parrott town	parrott
place	1359500	GA	Patterson city	patterson
place	1359556	GA	Pavo city	pavo
place	1359724	GA	Peachtree City city	peachtree
place	1359735	GA	Peachtree Corners city	peachtree corners
place	1359808	GA	Pearson city	pearson
place	1359976	GA	Pelham city	pelham
place	1360004	GA	Pembroke city	pembroke
place	1360032	GA	Pendergrass town	pendergrass
place	1360340	GA	Perry city	perry
place	1360984	GA	Pinehurst city	pinehurst
place	1361040	GA	Pine Lake city	pine lake
place	1361124	GA	Pine Mountain town	pine mountain
place	1361320	GA	Pineview town	pineview
place	1361544	GA	Pitts city	pitts
place	1361628	GA	Plains city	plains
place	1361684	GA	Plainville city	plainville
place	1362104	GA	Pooler city	pooler
place	1362216	GA	Portal town	portal
place	1362244	GA	Porterdale city	porterdale
place	1362328	GA	Port Wentworth city	port wentworth
place	1362496	GA	Poulan city	poulan
place	1362524	GA	Powder Springs city	powder springs
place	1363000	GA	Pulaski town	pulaski
place	1363224	GA	Quitman city	quitman
place	1363728	GA	Ray City city	ray
place	1363756	GA	Rayle town	rayle
place	1363840	GA	Rebecca town	rebecca
place	1364372	GA	Register town	register
place	1364512	GA	Reidsville city	reidsville
place	1364596	GA	Remerton city	remerton
place	1364680	GA	Rentz city	rentz
place	1364736	GA	Resaca town	resaca
place	1364792	GA	Rest Haven town	rest haven
place	1364876	GA	Reynolds city	reynolds
place	1364932	GA	Rhine town	rhine
place	1364960	GA	Riceboro city	riceboro
place	1365016	GA	Richland city	richland
place	1365044	GA	Richmond Hill city	richmond hill
place	1365156	GA	Riddleville town	riddleville
place	1365296	GA	Rincon city	rincon
place	1365324	GA	Ringgold city	ringgold
place	1365464	GA	Riverdale city	riverdale
place	1365856	GA	Roberta city	roberta
place	1366024	GA	Rochelle city	rochelle
place	1366276	GA	Rockmart city	rockmart
place	1366444	GA	Rocky Ford town	rocky ford
place	1366668	GA	Rome city	rome
place	1366696	GA	Roopville town	roopville
place	1367256	GA	Rossville city	rossville
place	1367284	GA	Roswell city	roswell
place	1367452	GA	Royston city	royston
place	1367760	GA	Rutledge city	rutledge
place	1367984	GA	St. Marys city	st marys
place	1368096	GA	Sale City city	sale
place	1368208	GA	Sandersville city	sandersville
place	1368516	GA	Sandy Springs city	sandy springs
place	1368600	GA	Santa Claus city	santa claus
place	1368740	GA	Sardis city	sardis
place	1368796	GA	Sasser town	sasser
place	1369000	GA	Savannah city	savannah
place	1369336	GA	Scotland city	scotland
place	1369448	GA	Screven city	screven
place	1369672	GA	Senoia city	senoia
place	1369784	GA	Shady Dale town	shady dale
place	1369896	GA	Sharon city	sharon
place	1369980	GA	Sharpsburg town	sharpsburg
place	1370120	GA	Shellman city	shellman
place	1370428	GA	Shiloh city	shiloh
place	1370932	GA	Siloam town	siloam
place	1371282	GA	Sky Valley city	sky valley
place	1371464	GA	Smithville city	smithville
place	1371492	GA	Smyrna city	smyrna
place	1371604	GA	Snellville city	snellville
place	1371660	GA	Social Circle city	social circle
place	1371772	GA	Soperton city	soperton
place	1372122	GA	South Fulton city	south fulton
place	1372556	GA	Sparks town	sparks
place	1372584	GA	Sparta city	sparta
place	1372780	GA	Springfield city	springfield
place	1373004	GA	Stapleton city	stapleton
place	1373256	GA	Statesboro city	statesboro
place	1373312	GA	Statham city	statham
place	1373620	GA	Stillmore city	stillmore
place	1373704	GA	Stockbridge city	stockbridge
place	1373784	GA	Stonecrest city	stonecrest
place	1373816	GA	Stone Mountain city	stone mountain
place	1374180	GA	Sugar Hill city	sugar hill
place	1374348	GA	Summertown city	summertown
place	1374376	GA	Summerville city	summerville
place	1374432	GA	Sumner town	sumner
place	1374852	GA	Surrency town	surrency
place	1374936	GA	Suwanee city	suwanee
place	1374964	GA	Swainsboro city	swainsboro
place	1375104	GA	Sycamore city	sycamore
place	1375160	GA	Sylvania city	sylvania
place	1375188	GA	Sylvester city	sylvester
place	1375244	GA	Talbotton city	talbotton
place	1375272	GA	Talking Rock town	talking rock
place	1375300	GA	Tallapoosa city	tallapoosa
place	1375328	GA	Tallulah Falls town	tallulah falls
place	1375412	GA	Talmo town	talmo
place	1375496	GA	Tarrytown town	tarrytown
place	1375664	GA	Taylorsville town	taylorsville
place	1375832	GA	Temple city	temple
place	1375888	GA	Tennille city	tennille
place	1376168	GA	Thomaston city	thomaston
place	1376224	GA	Thomasville city	thomasville
place	1376280	GA	Thomson city	thomson
place	1376364	GA	Thunderbolt town	thunderbolt
place	1376476	GA	Tifton city	tifton
place	1376504	GA	Tiger town	tiger
place	1376532	GA	Tignall town	tignall
place	1376756	GA	Toccoa city	toccoa
place	1376952	GA	Toomsboro city	toomsboro
place	1377372	GA	Trenton city	trenton
place	1377540	GA	Trion town	trion
place	1377652	GA	Tucker city	tucker
place	1377736	GA	Tunnel Hill city	tunnel hill
place	1377764	GA	Turin town	turin
place	1377988	GA	Twin City city	twin
place	1378036	GA	Tybee Island city	tybee island
place	1378044	GA	Tyrone town	tyrone
place	1378100	GA	Ty Ty city	ty ty
place	1378156	GA	Unadilla city	unadilla
place	1378324	GA	Union City city	union
place	1378380	GA	Union Point city	union point
place	1378744	GA	Uvalda city	uvalda
place	1378800	GA	Valdosta city	valdosta
place	1378996	GA	Varnell city	varnell
place	1379164	GA	Vernonburg town	vernonburg
place	1379388	GA	Vidalia city	vidalia
place	1379416	GA	Vidette city	vidette
place	1379444	GA	Vienna city	vienna
place	1379528	GA	Villa Rica city	villa rica
place	1379808	GA	Waco city	waco
place	1379864	GA	Wadley city	wadley
place	1379948	GA	Waleska city	waleska
place	1380228	GA	Walnut Grove city	walnut grove
place	1380256	GA	Walthourville city	walthourville
place	1380480	GA	Warm Springs city	warm springs
place	1380508	GA	Warner Robins city	warner robins
place	1380592	GA	Warrenton city	warrenton
place	1380676	GA	Warwick city	warwick
place	1380704	GA	Washington city	washington
place	1380788	GA	Watkinsville city	watkinsville
place	1380844	GA	Waverly Hall town	waverly hall
place	1380956	GA	Waycross city	waycross
place	1380984	GA	Waynesboro city	waynesboro
place	1381128	GA	Webster County unified government	webster county unified government
place	1382132	GA	West Point city	west point
place	1382412	GA	Whigham city	whigham
place	1382468	GA	White city	white
place	1382692	GA	White Plains city	white plains
place	1382720	GA	Whitesburg city	whitesburg
place	1382972	GA	Willacoochee city	willacoochee
place	1383084	GA	Williamson city	williamson
place	1383420	GA	Winder city	winder
place	1383728	GA	Winterville city	winterville
place	1383868	GA	Woodbine city	woodbine
place	1383896	GA	Woodbury city	woodbury
place	1383952	GA	Woodland city	woodland
place	1384176	GA	Woodstock city	woodstock
place	1384260	GA	Woodville city	woodville
place	1384288	GA	Woolsey town	woolsey
place	1384456	GA	Wrens city	wrens
place	1384512	GA	Wrightsville city	wrightsville
place	1384708	GA	Yatesville town	yatesville
place	1384960	GA	Young Harris city	young harris
place	1385128	GA	Zebulon city	zebulon
place	1600100	ID	Aberdeen city	aberdeen
place	1600280	ID	Acequia city	acequia
place	1601000	ID	Albion city	albion
place	1601900	ID	American Falls city	american falls
place	1601990	ID	Ammon city	ammon
place	1603160	ID	Arco city	arco
place	1603340	ID	Arimo city	arimo
place	1603610	ID	Ashton city	ashton
place	1603700	ID	Athol city	athol
place	1604420	ID	Bancroft city	bancroft
place	1605230	ID	Basalt city	basalt
place	1606220	ID	Bellevue city	bellevue
place	1607840	ID	Blackfoot city	blackfoot
place	1608470	ID	Bliss city	bliss
place	1608560	ID	Bloomington city	bloomington
place	1608830	ID	Boise City city	boise
place	1609370	ID	Bonners Ferry city	bonners ferry
place	1609730	ID	Bovill city	bovill
place	1610810	ID	Buhl city	buhl
place	1611260	ID	Burley city	burley
place	1611710	ID	Butte City city	butte
place	1612250	ID	Caldwell city	caldwell
place	1612520	ID	Cambridge city	cambridge
place	1612790	ID	Carey city	carey
place	1613150	ID	Cascade city	cascade
place	1613240	ID	Castleford city	castleford
place	1613780	ID	Challis city	challis
place	1614680	ID	Chubbuck city	chubbuck
place	1614950	ID	Clark Fork city	clark fork
place	1615490	ID	Clayton city	clayton
place	1616120	ID	Clifton city	clifton
place	1616750	ID	Coeur d'Alene city	coeur dalene
place	1618640	ID	Cottonwood city	cottonwood
place	1618820	ID	Council city	council
place	1619270	ID	Craigmont city	craigmont
place	1619720	ID	Crouch city	crouch
place	1619900	ID	Culdesac city	culdesac
place	1620350	ID	Dalton Gardens city	dalton gardens
place	1620710	ID	Dayton city	dayton
place	1620890	ID	Deary city	deary
place	1620980	ID	Declo city	declo
place	1621790	ID	Dietrich city	dietrich
place	1622330	ID	Donnelly city	donnelly
place	1622510	ID	Dover city	dover
place	1622600	ID	Downey city	downey
place	1622690	ID	Driggs city	driggs
place	1622780	ID	Drummond city	drummond
place	1622960	ID	Dubois city	dubois
place	1623410	ID	Eagle city	eagle
place	1623680	ID	East Hope city	east hope
place	1624310	ID	Eden city	eden
place	1625120	ID	Elk River city	elk river
place	1625570	ID	Emmett city	emmett
place	1626290	ID	Fairfield city	fairfield
place	1627460	ID	Ferdinand city	ferdinand
place	1627550	ID	Fernan Lake Village city	fernan lake
place	1627730	ID	Filer city	filer
place	1627910	ID	Firth city	firth
place	1628810	ID	Franklin city	franklin
place	1628990	ID	Fruitland city	fruitland
place	1629620	ID	Garden City city	garden
place	1630160	ID	Genesee city	genesee
place	1630340	ID	Georgetown city	georgetown
place	1631690	ID	Glenns Ferry city	glenns ferry
place	1632140	ID	Gooding city	gooding
place	1632500	ID	Grace city	grace
place	1632770	ID	Grand View city	grand view
place	1632950	ID	Grangeville city	grangeville
place	1633490	ID	Greenleaf city	greenleaf
place	1634300	ID	Hagerman city	hagerman
place	1634390	ID	Hailey city	hailey
place	1634570	ID	Hamer city	hamer
place	1634930	ID	Hansen city	hansen
place	1635200	ID	Harrison city	harrison
place	1635830	ID	Hauser city	hauser
place	1636370	ID	Hayden city	hayden
place	1636460	ID	Hayden Lake city	hayden lake
place	1636730	ID	Hazelton city	hazelton
place	1637360	ID	Heyburn city	heyburn
place	1638080	ID	Hollister city	hollister
place	1638170	ID	Homedale city	homedale
place	1638440	ID	Hope city	hope
place	1638620	ID	Horseshoe Bend city	horseshoe bend
place	1639070	ID	Huetter city	huetter
place	1639610	ID	Idaho City city	idaho
place	1639700	ID	Idaho Falls city	idaho falls
place	1640330	ID	Inkom city	inkom
place	1640420	ID	Iona city	iona
place	1640510	ID	Irwin city	irwin
place	1640600	ID	Island Park city	island park
place	1641320	ID	Jerome city	jerome
place	1642130	ID	Juliaetta city	juliaetta
place	1642400	ID	Kamiah city	kamiah
place	1642580	ID	Kellogg city	kellogg
place	1642760	ID	Kendrick city	kendrick
place	1643030	ID	Ketchum city	ketchum
place	1643570	ID	Kimberly city	kimberly
place	1644110	ID	Kooskia city	kooskia
place	1644200	ID	Kootenai city	kootenai
place	1644290	ID	Kuna city	kuna
place	1645370	ID	Lapwai city	lapwai
place	1645820	ID	Lava Hot Springs city	lava hot springs
place	1645910	ID	Leadore city	leadore
place	1646540	ID	Lewiston city	lewiston
place	1646720	ID	Lewisville city	lewisville
place	1647890	ID	Lost River city	lost river
place	1648790	ID	McCall city	mccall
place	1648880	ID	McCammon city	mccammon
place	1649240	ID	Mackay city	mackay
place	1650140	ID	Malad City city	malad
place	1650230	ID	Malta city	malta
place	1650950	ID	Marsing city	marsing
place	1651850	ID	Melba city	melba
place	1652030	ID	Menan city	menan
place	1652120	ID	Meridian city	meridian
place	1652660	ID	Middleton city	middleton
place	1652750	ID	Midvale city	midvale
place	1653110	ID	Minidoka city	minidoka
place	1653920	ID	Montpelier city	montpelier
place	1654100	ID	Moore city	moore
place	1654550	ID	Moscow city	moscow
place	1654730	ID	Mountain Home city	mountain home
place	1655270	ID	Moyie Springs city	moyie springs
place	1655450	ID	Mud Lake city	mud lake
place	1655630	ID	Mullan city	mullan
place	1655900	ID	Murtaugh city	murtaugh
place	1656260	ID	Nampa city	nampa
place	1656800	ID	Newdale city	newdale
place	1656890	ID	New Meadows city	new meadows
place	1656980	ID	New Plymouth city	new plymouth
place	1657250	ID	Nezperce city	nezperce
place	1658060	ID	Notus city	notus
place	1658330	ID	Oakley city	oakley
place	1658600	ID	Oldtown city	oldtown
place	1658870	ID	Onaway city	onaway
place	1659320	ID	Orofino city	orofino
place	1659590	ID	Osburn city	osburn
place	1660040	ID	Oxford city	oxford
place	1660580	ID	Paris city	paris
place	1660760	ID	Parker city	parker
place	1660940	ID	Parma city	parma
place	1661210	ID	Paul city	paul
place	1661300	ID	Payette city	payette
place	1661840	ID	Peck city	peck
place	1662740	ID	Pierce city	pierce
place	1663100	ID	Pinehurst city	pinehurst
place	1663550	ID	Placerville city	placerville
place	1663910	ID	Plummer city	plummer
place	1664090	ID	Pocatello city	pocatello
place	1664450	ID	Ponderay city	ponderay
place	1664810	ID	Post Falls city	post falls
place	1664900	ID	Potlatch city	potlatch
place	1665260	ID	Preston city	preston
place	1665530	ID	Priest River city	priest river
place	1666340	ID	Rathdrum city	rathdrum
place	1667150	ID	Reubens city	reubens
place	1667420	ID	Rexburg city	rexburg
place	1667600	ID	Richfield city	richfield
place	1667780	ID	Rigby city	rigby
place	1667870	ID	Riggins city	riggins
place	1667960	ID	Ririe city	ririe
place	1668500	ID	Roberts city	roberts
place	1669130	ID	Rockland city	rockland
place	1670660	ID	Rupert city	rupert
place	1671020	ID	St. Anthony city	st anthony
place	1671110	ID	St. Charles city	st charles
place	1671470	ID	St. Maries city	st maries
place	1671650	ID	Salmon city	salmon
place	1672100	ID	Sandpoint city	sandpoint
place	1673450	ID	Shelley city	shelley
place	1673900	ID	Shoshone city	shoshone
place	1675070	ID	Smelterville city	smelterville
place	1675195	ID	Soda Springs city	soda springs
place	1675970	ID	Spencer city	spencer
place	1676060	ID	Spirit Lake city	spirit lake
place	1676780	ID	Stanley city	stanley
place	1676870	ID	Star city	star
place	1677050	ID	State Line city	state line
place	1677500	ID	Stites city	stites
place	1678040	ID	Sugar City city	sugar
place	1678850	ID	Sun Valley city	sun valley
place	1679120	ID	Swan Valley city	swan valley
place	1680200	ID	Tensed city	tensed
place	1680380	ID	Teton city	teton
place	1680470	ID	Tetonia city	tetonia
place	1682360	ID	Troy city	troy
place	1682810	ID	Twin Falls city	twin falls
place	1683350	ID	Ucon city	ucon
place	1684250	ID	Victor city	victor
place	1684790	ID	Wallace city	wallace
place	1685240	ID	Wardner city	wardner
place	1685420	ID	Warm River city	warm river
place	1686050	ID	Weippe city	weippe
place	1686140	ID	Weiser city	weiser
place	1686320	ID	Wendell city	wendell
place	1687040	ID	Weston city	weston
place	1687310	ID	White Bird city	white bird
place	1687670	ID	Wilder city	wilder
place	1687850	ID	Winchester city	winchester
place	1688480	ID	Worley city	worley
place	1700113	IL	Abingdon city	abingdon
place	1700230	IL	Addieville village	addieville
place	1700243	IL	Addison village	addison
place	1700295	IL	Adeline village	adeline
place	1700516	IL	Albany village	albany
place	1700555	IL	Albers village	albers
place	1700568	IL	Albion city	albion
place	1700646	IL	Aledo city	aledo
place	1700672	IL	Alexis village	alexis
place	1700685	IL	Algonquin village	algonquin
place	1700737	IL	Alhambra village	alhambra
place	1700815	IL	Allendale village	allendale
place	1700867	IL	Allenville village	allenville
place	1700880	IL	Allerton village	allerton
place	1700919	IL	Alma village	alma
place	1700971	IL	Alpha village	alpha
place	1700997	IL	Alsey village	alsey
place	1701010	IL	Alsip village	alsip
place	1701049	IL	Altamont city	altamont
place	1701114	IL	Alton city	alton
place	1701140	IL	Altona village	altona
place	1701205	IL	Alto Pass village	alto pass
place	1701242	IL	Alvan (Alvin) village	alvan alvin
place	1701270	IL	Amboy city	amboy
place	1701361	IL	Anchor village	anchor
place	1701426	IL	Andalusia village	andalusia
place	1701491	IL	Andover village	andover
place	1701543	IL	Anna city	anna
place	1701569	IL	Annawan town	annawan
place	1701595	IL	Antioch village	antioch
place	1701673	IL	Apple River village	apple river
place	1701881	IL	Arcola city	arcola
place	1701946	IL	Arenzville village	arenzville
place	1701972	IL	Argenta village	argenta
place	1702102	IL	Arlington village	arlington
place	1702154	IL	Arlington Heights village	arlington heights
place	1702206	IL	Armington village	armington
place	1702258	IL	Aroma Park village	aroma park
place	1702342	IL	Arrowsmith village	arrowsmith
place	1702414	IL	Arthur village	arthur
place	1702479	IL	Ashkum village	ashkum
place	1702505	IL	Ashland village	ashland
place	1702531	IL	Ashley city	ashley
place	1702557	IL	Ashmore village	ashmore
place	1702583	IL	Ashton village	ashton
place	1702609	IL	Assumption city	assumption
place	1702635	IL	Astoria town	astoria
place	1702674	IL	Athens city	athens
place	1702726	IL	Atkinson town	atkinson
place	1702752	IL	Atlanta city	atlanta
place	1702882	IL	Atwood village	atwood
place	1702921	IL	Auburn city	auburn
place	1702986	IL	Augusta village	augusta
place	1703012	IL	Aurora city	aurora
place	1703103	IL	Ava city	ava
place	1703181	IL	Aviston village	aviston
place	1703207	IL	Avon village	avon
place	1703454	IL	Baldwin village	baldwin
place	1703571	IL	Banner village	banner
place	1703610	IL	Bannockburn village	bannockburn
place	1703675	IL	Bardolph village	bardolph
place	1703844	IL	Barrington village	barrington
place	1703883	IL	Barrington Hills village	barrington hills
place	1703948	IL	Barry city	barry
place	1704000	IL	Bartelso village	bartelso
place	1704013	IL	Bartlett village	bartlett
place	1704039	IL	Bartonville village	bartonville
place	1704052	IL	Basco village	basco
place	1704078	IL	Batavia city	batavia
place	1704117	IL	Batchtown village	batchtown
place	1704156	IL	Bath village	bath
place	1704247	IL	Baylis village	baylis
place	1704273	IL	Bay View Gardens village	bay view gardens
place	1704303	IL	Beach Park village	beach park
place	1704351	IL	Beardstown city	beardstown
place	1704507	IL	Beaverville village	beaverville
place	1704533	IL	Beckemeyer village	beckemeyer
place	1704572	IL	Bedford Park village	bedford park
place	1704585	IL	Beecher village	beecher
place	1704598	IL	Beecher City village	beecher
place	1704689	IL	Belgium village	belgium
place	1704715	IL	Belknap village	belknap
place	1704793	IL	Belle Prairie City town	belle prairie
place	1704806	IL	Belle Rive village	belle rive
place	1704845	IL	Belleville city	belleville
place	1704871	IL	Bellevue village	bellevue
place	1704897	IL	Bellflower village	bellflower
place	1704936	IL	Bellmont village	bellmont
place	1704975	IL	Bellwood village	bellwood
place	1705092	IL	Belvidere city	belvidere
place	1705144	IL	Bement village	bement
place	1705209	IL	Benld city	benld
place	1705248	IL	Bensenville village	bensenville
place	1705261	IL	Benson village	benson
place	1705274	IL	Bentley town	bentley
place	1705300	IL	Benton city	benton
place	1705404	IL	Berkeley village	berkeley
place	1705443	IL	Berlin village	berlin
place	1705573	IL	Berwyn city	berwyn
place	1705599	IL	Bethalto village	bethalto
place	1705612	IL	Bethany village	bethany
place	1705898	IL	Biggsville village	biggsville
place	1705976	IL	Big Rock village	big rock
place	1706028	IL	Bingham village	bingham
place	1706171	IL	Bishop Hill village	bishop hill
place	1706184	IL	Bismarck village	bismarck
place	1706470	IL	Blandinsville village	blandinsville
place	1706587	IL	Bloomingdale village	bloomingdale
place	1706613	IL	Bloomington city	bloomington
place	1706704	IL	Blue Island city	blue island
place	1706756	IL	Blue Mound village	blue mound
place	1706899	IL	Bluffs village	bluffs
place	1706964	IL	Bluford village	bluford
place	1707133	IL	Bolingbrook village	bolingbrook
place	1707211	IL	Bondville village	bondville
place	1707224	IL	Bone Gap village	bone gap
place	1707237	IL	Bonfield village	bonfield
place	1707263	IL	Bonnie village	bonnie
place	1707471	IL	Bourbonnais village	bourbonnais
place	1707510	IL	Bowen village	bowen
place	1707640	IL	Braceville village	braceville
place	1707692	IL	Bradford village	bradford
place	1707744	IL	Bradley village	bradley
place	1707770	IL	Braidwood city	braidwood
place	1707913	IL	Breese city	breese
place	1708186	IL	Bridgeport city	bridgeport
place	1708225	IL	Bridgeview village	bridgeview
place	1708264	IL	Brighton village	brighton
place	1708303	IL	Brimfield village	brimfield
place	1708420	IL	Broadlands village	broadlands
place	1708446	IL	Broadview village	broadview
place	1708472	IL	Broadwell village	broadwell
place	1708524	IL	Brocton village	brocton
place	1708576	IL	Brookfield village	brookfield
place	1708667	IL	Brooklyn village	brooklyn
place	1708706	IL	Brookport city	brookport
place	1708875	IL	Broughton village	broughton
place	1708953	IL	Browning village	browning
place	1708979	IL	Browns village	browns
place	1708992	IL	Brownstown village	brownstown
place	1709148	IL	Brussels village	brussels
place	1709161	IL	Bryant village	bryant
place	1709304	IL	Buckingham village	buckingham
place	1709317	IL	Buckley village	buckley
place	1709330	IL	Buckner village	buckner
place	1709356	IL	Buda village	buda
place	1709434	IL	Buffalo village	buffalo
place	1709447	IL	Buffalo Grove village	buffalo grove
place	1709531	IL	Bull Valley village	bull valley
place	1709538	IL	Bulpitt village	bulpitt
place	1709551	IL	Buncombe village	buncombe
place	1709577	IL	Bunker Hill city	bunker hill
place	1709642	IL	Burbank city	burbank
place	1709681	IL	Bureau Junction village	bureau junction
place	1709759	IL	Burlington village	burlington
place	1709798	IL	Burnham village	burnham
place	1709889	IL	Burnt Prairie village	burnt prairie
place	1709980	IL	Burr Ridge village	burr ridge
place	1710084	IL	Bush village	bush
place	1710110	IL	Bushnell city	bushnell
place	1710149	IL	Butler village	butler
place	1710240	IL	Byron city	byron
place	1710292	IL	Cabery village	cabery
place	1710373	IL	Cahokia Heights city	cahokia heights
place	1710383	IL	Cairo city	cairo
place	1710422	IL	Caledonia village	caledonia
place	1710448	IL	Calhoun village	calhoun
place	1710487	IL	Calumet City city	calumet
place	1710513	IL	Calumet Park village	calumet park
place	1710591	IL	Camargo village	camargo
place	1710630	IL	Cambria village	cambria
place	1710643	IL	Cambridge village	cambridge
place	1710695	IL	Camden village	camden
place	1710773	IL	Campbell Hill village	campbell hill
place	1710877	IL	Camp Point village	camp point
place	1710906	IL	Campton Hills village	campton hills
place	1710916	IL	Campus village	campus
place	1711007	IL	Canton city	canton
place	1711033	IL	Cantrall village	cantrall
place	1711124	IL	Capron village	capron
place	1711150	IL	Carbon Cliff village	carbon cliff
place	1711163	IL	Carbondale city	carbondale
place	1711176	IL	Carbon Hill village	carbon hill
place	1711202	IL	Carlinville city	carlinville
place	1711215	IL	Carlock village	carlock
place	1711228	IL	Carlyle city	carlyle
place	1711293	IL	Carmi city	carmi
place	1711332	IL	Carol Stream village	carol stream
place	1711358	IL	Carpentersville village	carpentersville
place	1711397	IL	Carrier Mills village	carrier mills
place	1711462	IL	Carrollton city	carrollton
place	1711514	IL	Carterville city	carterville
place	1711527	IL	Carthage city	carthage
place	1711592	IL	Cary village	cary
place	1711618	IL	Casey city	casey
place	1711644	IL	Caseyville village	caseyville
place	1711774	IL	Catlin village	catlin
place	1711826	IL	Cave-In-Rock village	cave in rock
place	1711982	IL	Cedar Point village	cedar point
place	1712008	IL	Cedarville village	cedarville
place	1712151	IL	Central City village	central
place	1712164	IL	Centralia city	centralia
place	1712268	IL	Cerro Gordo village	cerro gordo
place	1712294	IL	Chadwick village	chadwick
place	1712385	IL	Champaign city	champaign
place	1712450	IL	Chandlerville village	chandlerville
place	1712476	IL	Channahon village	channahon
place	1712528	IL	Chapin village	chapin
place	1712567	IL	Charleston city	charleston
place	1712684	IL	Chatham village	chatham
place	1712710	IL	Chatsworth town	chatsworth
place	1712801	IL	Chebanse village	chebanse
place	1712931	IL	Chenoa city	chenoa
place	1712970	IL	Cherry village	cherry
place	1713074	IL	Cherry Valley village	cherry valley
place	1713139	IL	Chester city	chester
place	1713165	IL	Chesterfield village	chesterfield
place	1714000	IL	Chicago city	chicago
place	1714026	IL	Chicago Heights city	chicago heights
place	1714065	IL	Chicago Ridge village	chicago ridge
place	1714117	IL	Chillicothe city	chillicothe
place	1714273	IL	Chrisman city	chrisman
place	1714286	IL	Christopher city	christopher
place	1714351	IL	Cicero town	cicero
place	1714442	IL	Cisco village	cisco
place	1714455	IL	Cisne village	cisne
place	1714468	IL	Cissna Park village	cissna park
place	1714533	IL	Claremont village	claremont
place	1714572	IL	Clarendon Hills village	clarendon hills
place	1714715	IL	Clay City village	clay
place	1714767	IL	Clayton village	clayton
place	1714923	IL	Cleveland village	cleveland
place	1714936	IL	Clifton village	clifton
place	1715001	IL	Clinton city	clinton
place	1715170	IL	Coal City village	coal
place	1715209	IL	Coalton village	coalton
place	1715235	IL	Coal Valley village	coal valley
place	1715261	IL	Coatsburg village	coatsburg
place	1715300	IL	Cobden village	cobden
place	1715352	IL	Coffeen city	coffeen
place	1715378	IL	Colchester city	colchester
place	1715469	IL	Coleta village	coleta
place	1715495	IL	Colfax village	colfax
place	1715599	IL	Collinsville city	collinsville
place	1715664	IL	Colona city	colona
place	1715807	IL	Colp village	colp
place	1715833	IL	Columbia city	columbia
place	1715846	IL	Columbus village	columbus
place	1715989	IL	Compton village	compton
place	1716054	IL	Concord village	concord
place	1716119	IL	Congerville village	congerville
place	1716210	IL	Cooksville village	cooksville
place	1716366	IL	Cordova village	cordova
place	1716405	IL	Cornell village	cornell
place	1716470	IL	Cortland town	cortland
place	1716613	IL	Coulterville village	coulterville
place	1716691	IL	Country Club Hills city	country club hills
place	1716873	IL	Countryside city	countryside
place	1717055	IL	Cowden village	cowden
place	1717185	IL	Crainville village	crainville
place	1717289	IL	Creal Springs city	creal springs
place	1717406	IL	Crescent City village	crescent
place	1717458	IL	Crest Hill city	crest hill
place	1717471	IL	Creston village	creston
place	1717497	IL	Crestwood village	crestwood
place	1717523	IL	Crete village	crete
place	1717549	IL	Creve Coeur village	creve coeur
place	1717783	IL	Crossville village	crossville
place	1717887	IL	Crystal Lake city	crystal lake
place	1717991	IL	Cuba city	cuba
place	1718030	IL	Cullom village	cullom
place	1718147	IL	Curran village	curran
place	1718225	IL	Cutler village	cutler
place	1718251	IL	Cypress village	cypress
place	1718303	IL	Dahlgren village	dahlgren
place	1718342	IL	Dakota village	dakota
place	1718420	IL	Dallas City city	dallas
place	1718446	IL	Dalton City village	dalton
place	1718459	IL	Dalzell village	dalzell
place	1718472	IL	Damiansville village	damiansville
place	1718485	IL	Dana village	dana
place	1718498	IL	Danforth village	danforth
place	1718537	IL	Danvers village	danvers
place	1718563	IL	Danville city	danville
place	1718628	IL	Darien city	darien
place	1718706	IL	Davis village	davis
place	1718719	IL	Davis Junction village	davis junction
place	1718745	IL	Dawson village	dawson
place	1718823	IL	Decatur city	decatur
place	1718940	IL	Deer Creek village	deer creek
place	1718992	IL	Deerfield village	deerfield
place	1719031	IL	Deer Grove village	deer grove
place	1719083	IL	Deer Park village	deer park
place	1719161	IL	DeKalb city	dekalb
place	1719200	IL	De Land village	de land
place	1719226	IL	Delavan city	delavan
place	1719499	IL	De Pue village	de pue
place	1719616	IL	De Soto village	de soto
place	1719642	IL	Des Plaines city	des plaines
place	1719681	IL	Detroit village	detroit
place	1719798	IL	De Witt village	de witt
place	1719837	IL	Diamond village	diamond
place	1719915	IL	Dieterich village	dieterich
place	1720045	IL	Divernon village	divernon
place	1720123	IL	Dix village	dix
place	1720149	IL	Dixmoor village	dixmoor
place	1720162	IL	Dixon city	dixon
place	1720292	IL	Dolton village	dolton
place	1720305	IL	Dongola village	dongola
place	1720318	IL	Donnellson village	donnellson
place	1720331	IL	Donovan village	donovan
place	1720370	IL	Dorchester village	dorchester
place	1720526	IL	Dover village	dover
place	1720565	IL	Dowell village	dowell
place	1720591	IL	Downers Grove village	downers grove
place	1720643	IL	Downs village	downs
place	1720890	IL	Du Bois village	du bois
place	1721098	IL	Dunfermline village	dunfermline
place	1721176	IL	Dunlap village	dunlap
place	1721254	IL	Dupo village	dupo
place	1721267	IL	Du Quoin city	du quoin
place	1721280	IL	Durand village	durand
place	1721358	IL	Dwight village	dwight
place	1721410	IL	Eagarville village	eagarville
place	1721540	IL	Earlville city	earlville
place	1721553	IL	East Alton village	east alton
place	1721579	IL	East Brooklyn village	east brooklyn
place	1721605	IL	East Cape Girardeau village	east cape girardeau
place	1721618	IL	East Carondelet village	east carondelet
place	1721683	IL	East Dubuque city	east dubuque
place	1721696	IL	East Dundee village	east dundee
place	1721826	IL	East Galesburg village	east galesburg
place	1721852	IL	East Gillespie village	east gillespie
place	1721904	IL	East Hazel Crest village	east hazel crest
place	1722073	IL	East Moline city	east moline
place	1722151	IL	Easton village	easton
place	1722164	IL	East Peoria city	east peoria
place	1722255	IL	East St. Louis city	east st louis
place	1722398	IL	Eddyville village	eddyville
place	1722567	IL	Edgewood village	edgewood
place	1722645	IL	Edinburg village	edinburg
place	1722697	IL	Edwardsville city	edwardsville
place	1722736	IL	Effingham city	effingham
place	1722931	IL	Elburn village	elburn
place	1722957	IL	El Dara village	el dara
place	1723009	IL	Eldorado city	eldorado
place	1723022	IL	Eldred village	eldred
place	1723074	IL	Elgin city	elgin
place	1723165	IL	Elizabeth village	elizabeth
place	1723191	IL	Elizabethtown village	elizabethtown
place	1723256	IL	Elk Grove Village village	elk grove
place	1723269	IL	Elkhart village	elkhart
place	1723373	IL	Elkville village	elkville
place	1723425	IL	Elliott village	elliott
place	1723503	IL	Ellis Grove village	ellis grove
place	1723529	IL	Ellisville village	ellisville
place	1723555	IL	Ellsworth village	ellsworth
place	1723620	IL	Elmhurst city	elmhurst
place	1723698	IL	Elmwood city	elmwood
place	1723724	IL	Elmwood Park village	elmwood park
place	1723737	IL	El Paso city	el paso
place	1723776	IL	Elsah village	elsah
place	1723841	IL	Elvaston village	elvaston
place	1723945	IL	Elwood village	elwood
place	1723971	IL	Emden village	emden
place	1724062	IL	Emington village	emington
place	1724166	IL	Energy village	energy
place	1724179	IL	Enfield village	enfield
place	1724348	IL	Equality village	equality
place	1724374	IL	Erie village	erie
place	1724452	IL	Essex village	essex
place	1724543	IL	Eureka city	eureka
place	1724582	IL	Evanston city	evanston
place	1724608	IL	Evansville village	evansville
place	1724634	IL	Evergreen Park village	evergreen park
place	1724673	IL	Ewing village	ewing
place	1724699	IL	Exeter village	exeter
place	1724764	IL	Fairbury city	fairbury
place	1724816	IL	Fairfield city	fairfield
place	1724933	IL	Fairmont City village	fairmont
place	1724985	IL	Fairmount village	fairmount
place	1725063	IL	Fairview village	fairview
place	1725141	IL	Fairview Heights city	fairview heights
place	1725375	IL	Farina village	farina
place	1725414	IL	Farmer City city	farmer
place	1725440	IL	Farmersville village	farmersville
place	1725531	IL	Farmington city	farmington
place	1725713	IL	Fayetteville village	fayetteville
place	1725895	IL	Ferris village	ferris
place	1725960	IL	Fidelity village	fidelity
place	1726012	IL	Fieldon village	fieldon
place	1726077	IL	Fillmore village	fillmore
place	1726116	IL	Findlay village	findlay
place	1726194	IL	Fisher village	fisher
place	1726233	IL	Fithian village	fithian
place	1726311	IL	Flanagan village	flanagan
place	1726350	IL	Flat Rock village	flat rock
place	1726454	IL	Flora city	flora
place	1726480	IL	Florence village	florence
place	1726571	IL	Flossmoor village	flossmoor
place	1726662	IL	Foosland village	foosland
place	1726710	IL	Ford Heights village	ford heights
place	1726753	IL	Forest City village	forest
place	1726935	IL	Forest Park village	forest park
place	1726987	IL	Forest View village	forest view
place	1727026	IL	Forrest village	forrest
place	1727065	IL	Forreston village	forreston
place	1727091	IL	Forsyth village	forsyth
place	1727442	IL	Fox Lake village	fox lake
place	1727533	IL	Fox River Grove village	fox river grove
place	1727624	IL	Frankfort village	frankfort
place	1727663	IL	Franklin village	franklin
place	1727689	IL	Franklin Grove village	franklin grove
place	1727702	IL	Franklin Park village	franklin park
place	1727806	IL	Freeburg village	freeburg
place	1727858	IL	Freeman Spur village	freeman spur
place	1727884	IL	Freeport city	freeport
place	1728144	IL	Fulton city	fulton
place	1728170	IL	Fults village	fults
place	1728261	IL	Galatia village	galatia
place	1728300	IL	Galena city	galena
place	1728326	IL	Galesburg city	galesburg
place	1728430	IL	Galva city	galva
place	1728638	IL	Gardner village	gardner
place	1728742	IL	Garrett village	garrett
place	1728807	IL	Gays village	gays
place	1728846	IL	Geneseo city	geneseo
place	1728872	IL	Geneva city	geneva
place	1728898	IL	Genoa city	genoa
place	1728963	IL	Georgetown city	georgetown
place	1729041	IL	Germantown village	germantown
place	1729080	IL	Germantown Hills village	germantown hills
place	1729093	IL	German Valley village	german valley
place	1729125	IL	Gibson City city	gibson
place	1729145	IL	Gifford village	gifford
place	1729171	IL	Gilberts village	gilberts
place	1729236	IL	Gillespie city	gillespie
place	1729275	IL	Gilman city	gilman
place	1729392	IL	Girard city	girard
place	1729431	IL	Gladstone village	gladstone
place	1729483	IL	Glasford village	glasford
place	1729496	IL	Glasgow village	glasgow
place	1729639	IL	Glen Carbon village	glen carbon
place	1729652	IL	Glencoe village	glencoe
place	1729730	IL	Glendale Heights village	glendale heights
place	1729756	IL	Glen Ellyn village	glen ellyn
place	1729938	IL	Glenview village	glenview
place	1730029	IL	Glenwood village	glenwood
place	1730094	IL	Godfrey village	godfrey
place	1730120	IL	Godley village	godley
place	1730133	IL	Golconda city	golconda
place	1730159	IL	Golden village	golden
place	1730250	IL	Golden Gate village	golden gate
place	1730328	IL	Golf village	golf
place	1730445	IL	Goodfield village	goodfield
place	1730458	IL	Good Hope village	good hope
place	1730575	IL	Goreville village	goreville
place	1730588	IL	Gorham village	gorham
place	1730653	IL	Grafton city	grafton
place	1730757	IL	Grand Ridge village	grand ridge
place	1730770	IL	Grand Tower city	grand tower
place	1730835	IL	Grandview village	grandview
place	1730926	IL	Granite City city	granite
place	1730978	IL	Grantfork village	grantfork
place	1730991	IL	Grant Park village	grant park
place	1731017	IL	Granville village	granville
place	1731121	IL	Grayslake village	grayslake
place	1731165	IL	Grayville city	grayville
place	1731368	IL	Greenfield city	greenfield
place	1731446	IL	Green Oaks village	green oaks
place	1731524	IL	Greenup village	greenup
place	1731563	IL	Green Valley village	green valley
place	1731576	IL	Greenview village	greenview
place	1731589	IL	Greenville city	greenville
place	1731667	IL	Greenwood village	greenwood
place	1731732	IL	Gridley village	gridley
place	1731771	IL	Griggsville city	griggsville
place	1731991	IL	Gulfport village	gulfport
place	1732018	IL	Gurnee village	gurnee
place	1732200	IL	Hainesville village	hainesville
place	1732395	IL	Hamburg village	hamburg
place	1732408	IL	Hamel village	hamel
place	1732434	IL	Hamilton city	hamilton
place	1732499	IL	Hammond village	hammond
place	1732525	IL	Hampshire village	hampshire
place	1732564	IL	Hampton village	hampton
place	1732616	IL	Hanaford village	hanaford
place	1732668	IL	Hanna City village	hanna
place	1732707	IL	Hanover village	hanover
place	1732746	IL	Hanover Park village	hanover park
place	1732850	IL	Hardin village	hardin
place	1732967	IL	Harmon village	harmon
place	1733136	IL	Harrisburg city	harrisburg
place	1733227	IL	Harristown village	harristown
place	1733279	IL	Hartford village	hartford
place	1733318	IL	Hartsburg village	hartsburg
place	1733331	IL	Harvard city	harvard
place	1733357	IL	Harvel village	harvel
place	1733383	IL	Harvey city	harvey
place	1733435	IL	Harwood Heights village	harwood heights
place	1733513	IL	Havana city	havana
place	1733630	IL	Hawthorn Woods village	hawthorn woods
place	1733695	IL	Hazel Crest village	hazel crest
place	1733851	IL	Hebron village	hebron
place	1733877	IL	Hecker village	hecker
place	1734007	IL	Henderson village	henderson
place	1734098	IL	Hennepin village	hennepin
place	1734137	IL	Henning village	henning
place	1734163	IL	Henry city	henry
place	1734332	IL	Herrick village	herrick
place	1734358	IL	Herrin city	herrin
place	1734384	IL	Herscher village	herscher
place	1734423	IL	Hettick village	hettick
place	1734449	IL	Heyworth village	heyworth
place	1734514	IL	Hickory Hills city	hickory hills
place	1734553	IL	Hidalgo village	hidalgo
place	1734670	IL	Highland city	highland
place	1734722	IL	Highland Park city	highland park
place	1734865	IL	Highwood city	highwood
place	1734982	IL	Hillcrest village	hillcrest
place	1735047	IL	Hillsboro city	hillsboro
place	1735073	IL	Hillsdale village	hillsdale
place	1735086	IL	Hillside village	hillside
place	1735203	IL	Hillview village	hillview
place	1735268	IL	Hinckley village	hinckley
place	1735281	IL	Hindsboro village	hindsboro
place	1735307	IL	Hinsdale village	hinsdale
place	1735385	IL	Hodgkins village	hodgkins
place	1735398	IL	Hoffman village	hoffman
place	1735411	IL	Hoffman Estates village	hoffman estates
place	1735515	IL	Holiday Hills village	holiday hills
place	1735671	IL	Hollowayville village	hollowayville
place	1735814	IL	Homer village	homer
place	1735835	IL	Homer Glen village	homer glen
place	1735866	IL	Hometown city	hometown
place	1735879	IL	Homewood village	homewood
place	1736061	IL	Hoopeston city	hoopeston
place	1736074	IL	Hooppole village	hooppole
place	1736126	IL	Hopedale village	hopedale
place	1736150	IL	Hopewell village	hopewell
place	1736190	IL	Hopkins Park village	hopkins park
place	1736347	IL	Hoyleton village	hoyleton
place	1736438	IL	Hudson village	hudson
place	1736477	IL	Huey village	huey
place	1736516	IL	Hull village	hull
place	1736542	IL	Humboldt village	humboldt
place	1736568	IL	Hume village	hume
place	1736750	IL	Huntley village	huntley
place	1736815	IL	Hurst city	hurst
place	1736841	IL	Hutsonville village	hutsonville
place	1737127	IL	Illiopolis village	illiopolis
place	1737179	IL	Ina village	ina
place	1737218	IL	Indian Creek village	indian creek
place	1737257	IL	Indian Head Park village	indian head park
place	1737348	IL	Indianola village	indianola
place	1737439	IL	Industry village	industry
place	1737608	IL	Inverness village	inverness
place	1737621	IL	Iola village	iola
place	1737647	IL	Ipava village	ipava
place	1737712	IL	Iroquois village	iroquois
place	1737738	IL	Irving village	irving
place	1737777	IL	Irvington village	irvington
place	1737803	IL	Irwin village	irwin
place	1737894	IL	Island Lake village	island lake
place	1737907	IL	Itasca village	itasca
place	1737933	IL	Iuka village	iuka
place	1737998	IL	Ivesdale village	ivesdale
place	1738115	IL	Jacksonville city	jacksonville
place	1738323	IL	Jeffersonville village	jeffersonville
place	1738349	IL	Jeisyville village	jeisyville
place	1738375	IL	Jerome village	jerome
place	1738414	IL	Jerseyville city	jerseyville
place	1738427	IL	Jewett village	jewett
place	1738479	IL	Johnsburg village	johnsburg
place	1738531	IL	Johnsonville village	johnsonville
place	1738544	IL	Johnston City city	johnston
place	1738570	IL	Joliet city	joliet
place	1738635	IL	Jonesboro city	jonesboro
place	1738674	IL	Joppa village	joppa
place	1738739	IL	Joy village	joy
place	1738778	IL	Junction village	junction
place	1738791	IL	Junction City village	junction
place	1738830	IL	Justice village	justice
place	1738856	IL	Kampsville village	kampsville
place	1738869	IL	Kane village	kane
place	1738895	IL	Kaneville village	kaneville
place	1738921	IL	Kangley village	kangley
place	1738934	IL	Kankakee city	kankakee
place	1738986	IL	Kansas village	kansas
place	1739038	IL	Kappa village	kappa
place	1739077	IL	Karnak village	karnak
place	1739129	IL	Kaskaskia village	kaskaskia
place	1739233	IL	Keenes village	keenes
place	1739259	IL	Keensburg village	keensburg
place	1739298	IL	Keithsburg city	keithsburg
place	1739324	IL	Kell village	kell
place	1739441	IL	Kempton village	kempton
place	1739519	IL	Kenilworth village	kenilworth
place	1739532	IL	Kenney village	kenney
place	1739727	IL	Kewanee city	kewanee
place	1739753	IL	Keyesport village	keyesport
place	1739857	IL	Kilbourne village	kilbourne
place	1739883	IL	Kildeer village	kildeer
place	1739909	IL	Kincaid village	kincaid
place	1739922	IL	Kinderhook village	kinderhook
place	1740065	IL	Kingston village	kingston
place	1740091	IL	Kingston Mines village	kingston mines
place	1740117	IL	Kinmundy city	kinmundy
place	1740143	IL	Kinsman village	kinsman
place	1740156	IL	Kirkland village	kirkland
place	1740182	IL	Kirkwood village	kirkwood
place	1740416	IL	Knoxville city	knoxville
place	1740559	IL	Lacon city	lacon
place	1740598	IL	Ladd village	ladd
place	1740676	IL	La Fayette village	la fayette
place	1740767	IL	La Grange village	la grange
place	1740793	IL	La Grange Park village	la grange park
place	1740832	IL	La Harpe city	la harpe
place	1740884	IL	Lake Barrington village	lake barrington
place	1740910	IL	Lake Bluff village	lake bluff
place	1741105	IL	Lake Forest city	lake forest
place	1741183	IL	Lake in the Hills village	lake in the hills
place	1741214	IL	Lake Ka-Ho village	lake ka ho
place	1741326	IL	Lakemoor village	lakemoor
place	1741586	IL	Lake Villa village	lake villa
place	1741651	IL	Lakewood village	lakewood
place	1741742	IL	Lake Zurich village	lake zurich
place	1741794	IL	La Moille village	la moille
place	1741859	IL	Lanark city	lanark
place	1742028	IL	Lansing village	lansing
place	1742080	IL	La Prairie village	la prairie
place	1742171	IL	La Rose village	la rose
place	1742184	IL	LaSalle city	lasalle
place	1742249	IL	Latham village	latham
place	1742405	IL	Lawrenceville city	lawrenceville
place	1742457	IL	Leaf River village	leaf river
place	1742496	IL	Lebanon city	lebanon
place	1742587	IL	Lee village	lee
place	1742756	IL	Leland village	leland
place	1742769	IL	Leland Grove city	leland grove
place	1742795	IL	Lemont village	lemont
place	1742834	IL	Lena village	lena
place	1742860	IL	Lenzburg village	lenzburg
place	1742912	IL	Leonore village	leonore
place	1742938	IL	Lerna village	lerna
place	1742971	IL	Le Roy city	le roy
place	1743055	IL	Lewistown city	lewistown
place	1743094	IL	Lexington city	lexington
place	1743133	IL	Liberty village	liberty
place	1743250	IL	Libertyville village	libertyville
place	1743406	IL	Lily Lake village	lily lake
place	1743445	IL	Lima village	lima
place	1743510	IL	Limestone village	limestone
place	1743536	IL	Lincoln city	lincoln
place	1743666	IL	Lincolnshire village	lincolnshire
place	1743744	IL	Lincolnwood village	lincolnwood
place	1743770	IL	Lindenhurst village	lindenhurst
place	1743900	IL	Lisbon village	lisbon
place	1743939	IL	Lisle village	lisle
place	1743965	IL	Litchfield city	litchfield
place	1744056	IL	Littleton village	littleton
place	1744082	IL	Little York village	little york
place	1744121	IL	Liverpool village	liverpool
place	1744160	IL	Livingston village	livingston
place	1744173	IL	Loami village	loami
place	1744225	IL	Lockport city	lockport
place	1744264	IL	Loda village	loda
place	1744381	IL	Lomax village	lomax
place	1744407	IL	Lombard village	lombard
place	1744446	IL	London Mills village	london mills
place	1744498	IL	Long Creek village	long creek
place	1744524	IL	Long Grove village	long grove
place	1744576	IL	Long Point village	long point
place	1744602	IL	Longview village	longview
place	1744719	IL	Loraine village	loraine
place	1744823	IL	Lostant village	lostant
place	1744927	IL	Louisville village	louisville
place	1745031	IL	Loves Park city	loves park
place	1745044	IL	Lovington village	lovington
place	1745174	IL	Ludlow village	ludlow
place	1745278	IL	Lyndon village	lyndon
place	1745369	IL	Lynnville village	lynnville
place	1745421	IL	Lynwood village	lynwood
place	1745434	IL	Lyons village	lyons
place	1745525	IL	McClure village	mcclure
place	1745564	IL	McCook village	mccook
place	1745616	IL	McCullom Lake village	mccullom lake
place	1745642	IL	Macedonia village	macedonia
place	1745694	IL	McHenry city	mchenry
place	1745726	IL	Machesney Park village	machesney park
place	1745785	IL	Mackinaw village	mackinaw
place	1745811	IL	McLean village	mclean
place	1745824	IL	McLeansboro city	mcleansboro
place	1745850	IL	McNabb village	mcnabb
place	1745889	IL	Macomb city	macomb
place	1745941	IL	Macon city	macon
place	1745993	IL	Madison city	madison
place	1746058	IL	Maeystown village	maeystown
place	1746110	IL	Magnolia village	magnolia
place	1746136	IL	Mahomet village	mahomet
place	1746214	IL	Makanda village	makanda
place	1746240	IL	Malden village	malden
place	1746279	IL	Malta village	malta
place	1746331	IL	Manchester village	manchester
place	1746357	IL	Manhattan village	manhattan
place	1746383	IL	Manito village	manito
place	1746422	IL	Manlius village	manlius
place	1746487	IL	Mansfield village	mansfield
place	1746500	IL	Manteno village	manteno
place	1746604	IL	Maple Park village	maple park
place	1746643	IL	Mapleton village	mapleton
place	1746695	IL	Maquon village	maquon
place	1746786	IL	Marengo city	marengo
place	1746825	IL	Marietta village	marietta
place	1746864	IL	Marine village	marine
place	1746916	IL	Marion city	marion
place	1746955	IL	Marissa village	marissa
place	1746981	IL	Mark village	mark
place	1747007	IL	Markham city	markham
place	1747072	IL	Maroa city	maroa
place	1747111	IL	Marquette Heights city	marquette heights
place	1747150	IL	Marseilles city	marseilles
place	1747163	IL	Marshall city	marshall
place	1747254	IL	Martinsville city	martinsville
place	1747280	IL	Martinton village	martinton
place	1747397	IL	Maryville village	maryville
place	1747423	IL	Mascoutah city	mascoutah
place	1747449	IL	Mason town	mason
place	1747475	IL	Mason City city	mason
place	1747527	IL	Matherville village	matherville
place	1747540	IL	Matteson village	matteson
place	1747553	IL	Mattoon city	mattoon
place	1747592	IL	Maunie village	maunie
place	1747774	IL	Maywood village	maywood
place	1747787	IL	Mazon village	mazon
place	1748021	IL	Mechanicsburg village	mechanicsburg
place	1748073	IL	Media village	media
place	1748138	IL	Medora village	medora
place	1748242	IL	Melrose Park village	melrose park
place	1748268	IL	Melvin village	melvin
place	1748307	IL	Mendon village	mendon
place	1748333	IL	Mendota city	mendota
place	1748359	IL	Menominee village	menominee
place	1748424	IL	Meredosia village	meredosia
place	1748554	IL	Merrionette Park village	merrionette park
place	1748606	IL	Metamora village	metamora
place	1748632	IL	Metcalf village	metcalf
place	1748645	IL	Metropolis city	metropolis
place	1748671	IL	Mettawa village	mettawa
place	1748853	IL	Middletown village	middletown
place	1748892	IL	Midlothian village	midlothian
place	1749009	IL	Milan village	milan
place	1749048	IL	Milford village	milford
place	1749100	IL	Millbrook village	millbrook
place	1749178	IL	Mill Creek village	mill creek
place	1749191	IL	Milledgeville village	milledgeville
place	1749308	IL	Millington village	millington
place	1749347	IL	Mill Shoals village	mill shoals
place	1749386	IL	Millstadt village	millstadt
place	1749477	IL	Milton village	milton
place	1749516	IL	Mineral village	mineral
place	1749555	IL	Minier village	minier
place	1749568	IL	Minonk city	minonk
place	1749607	IL	Minooka village	minooka
place	1749802	IL	Modesto village	modesto
place	1749854	IL	Mokena village	mokena
place	1749867	IL	Moline city	moline
place	1749893	IL	Momence city	momence
place	1749945	IL	Monee village	monee
place	1750010	IL	Monmouth city	monmouth
place	1750062	IL	Monroe Center village	monroe center
place	1750218	IL	Montgomery village	montgomery
place	1750244	IL	Monticello city	monticello
place	1750283	IL	Montrose village	montrose
place	1750491	IL	Morris city	morris
place	1750530	IL	Morrison city	morrison
place	1750543	IL	Morrisonville village	morrisonville
place	1750621	IL	Morton village	morton
place	1750647	IL	Morton Grove village	morton grove
place	1750751	IL	Mound City city	mound
place	1750777	IL	Mounds city	mounds
place	1750790	IL	Mound Station village	mound station
place	1750829	IL	Mount Auburn village	mount auburn
place	1750868	IL	Mount Carmel city	mount carmel
place	1750881	IL	Mount Carroll city	mount carroll
place	1750920	IL	Mount Clare village	mount clare
place	1750933	IL	Mount Erie village	mount erie
place	1750998	IL	Mount Morris village	mount morris
place	1751024	IL	Mount Olive city	mount olive
place	1751089	IL	Mount Prospect village	mount prospect
place	1751128	IL	Mount Pulaski city	mount pulaski
place	1751154	IL	Mount Sterling city	mount sterling
place	1751180	IL	Mount Vernon city	mount vernon
place	1751206	IL	Mount Zion village	mount zion
place	1751232	IL	Moweaqua village	moweaqua
place	1751271	IL	Muddy village	muddy
place	1751284	IL	Mulberry Grove village	mulberry grove
place	1751336	IL	Muncie village	muncie
place	1751349	IL	Mundelein village	mundelein
place	1751453	IL	Murphysboro city	murphysboro
place	1751479	IL	Murrayville village	murrayville
place	1751622	IL	Naperville city	naperville
place	1751648	IL	Naplate village	naplate
place	1751661	IL	Naples town	naples
place	1751700	IL	Nashville city	nashville
place	1751726	IL	Nason city	nason
place	1751791	IL	Nauvoo city	nauvoo
place	1751882	IL	Nebo village	nebo
place	1751947	IL	Nelson village	nelson
place	1751986	IL	Neoga city	neoga
place	1751999	IL	Neponset village	neponset
place	1752103	IL	Newark village	newark
place	1752116	IL	New Athens village	new athens
place	1752142	IL	New Baden village	new baden
place	1752155	IL	New Bedford village	new bedford
place	1752168	IL	New Berlin village	new berlin
place	1752220	IL	New Boston city	new boston
place	1752285	IL	New Burnside village	new burnside
place	1752311	IL	New Canton town	new canton
place	1752415	IL	New Douglas village	new douglas
place	1752467	IL	New Grand Chain village	new grand chain
place	1752506	IL	New Haven village	new haven
place	1752545	IL	New Holland village	new holland
place	1752584	IL	New Lenox village	new lenox
place	1752623	IL	Newman city	newman
place	1752701	IL	New Milford village	new milford
place	1752714	IL	New Minden village	new minden
place	1752805	IL	New Salem village	new salem
place	1752844	IL	Newton city	newton
place	1752961	IL	Niantic village	niantic
place	1753000	IL	Niles village	niles
place	1753039	IL	Nilwood town	nilwood
place	1753143	IL	Noble village	noble
place	1753169	IL	Nokomis city	nokomis
place	1753195	IL	Nora village	nora
place	1753234	IL	Normal town	normal
place	1753377	IL	Norridge village	norridge
place	1753390	IL	Norris village	norris
place	1753403	IL	Norris City village	norris
place	1753442	IL	North Aurora village	north aurora
place	1753455	IL	North Barrington village	north barrington
place	1753481	IL	Northbrook village	northbrook
place	1753559	IL	North Chicago city	north chicago
place	1753585	IL	North City village	north
place	1753663	IL	Northfield village	northfield
place	1753793	IL	North Henderson village	north henderson
place	1753871	IL	Northlake city	northlake
place	1754092	IL	North Pekin village	north pekin
place	1754144	IL	North Riverside village	north riverside
place	1754222	IL	North Utica village	north utica
place	1754404	IL	Norwood village	norwood
place	1754534	IL	Oak Brook village	oak brook
place	1754560	IL	Oakbrook Terrace city	oakbrook terrace
place	1754586	IL	Oakdale village	oakdale
place	1754625	IL	Oakford village	oakford
place	1754638	IL	Oak Forest city	oak forest
place	1754703	IL	Oak Grove village	oak grove
place	1754781	IL	Oakland city	oakland
place	1754820	IL	Oak Lawn village	oak lawn
place	1754885	IL	Oak Park village	oak park
place	1755002	IL	Oakwood village	oakwood
place	1755041	IL	Oakwood Hills village	oakwood hills
place	1755106	IL	Oblong village	oblong
place	1755132	IL	Oconee village	oconee
place	1755171	IL	Odell village	odell
place	1755210	IL	Odin village	odin
place	1755249	IL	O'Fallon city	ofallon
place	1755275	IL	Ogden village	ogden
place	1755353	IL	Oglesby city	oglesby
place	1755379	IL	Ohio village	ohio
place	1755418	IL	Ohlman village	ohlman
place	1755470	IL	Okawville village	okawville
place	1755639	IL	Old Mill Creek village	old mill creek
place	1755717	IL	Old Ripley village	old ripley
place	1755756	IL	Old Shawneetown village	old shawneetown
place	1755899	IL	Olmsted village	olmsted
place	1755912	IL	Olney city	olney
place	1755938	IL	Olympia Fields village	olympia fields
place	1756003	IL	Omaha village	omaha
place	1756081	IL	Onarga village	onarga
place	1756159	IL	Oneida city	oneida
place	1756237	IL	Oquawka village	oquawka
place	1756341	IL	Orangeville village	orangeville
place	1756471	IL	Oreana village	oreana
place	1756484	IL	Oregon city	oregon
place	1756536	IL	Orient city	orient
place	1756601	IL	Orion village	orion
place	1756627	IL	Orland Hills village	orland hills
place	1756640	IL	Orland Park village	orland park
place	1756887	IL	Oswego village	oswego
place	1756926	IL	Ottawa city	ottawa
place	1756978	IL	Otterville town	otterville
place	1757043	IL	Owaneco village	owaneco
place	1757225	IL	Palatine village	palatine
place	1757277	IL	Palestine village	palestine
place	1757303	IL	Palmer village	palmer
place	1757329	IL	Palmyra village	palmyra
place	1757381	IL	Palos Heights city	palos heights
place	1757394	IL	Palos Hills city	palos hills
place	1757407	IL	Palos Park village	palos park
place	1757472	IL	Pana city	pana
place	1757498	IL	Panama village	panama
place	1757524	IL	Panola village	panola
place	1757576	IL	Papineau village	papineau
place	1757628	IL	Paris city	paris
place	1757654	IL	Park City city	park
place	1757693	IL	Parkersburg village	parkersburg
place	1757732	IL	Park Forest village	park forest
place	1757875	IL	Park Ridge city	park ridge
place	1758057	IL	Patoka village	patoka
place	1758174	IL	Pawnee village	pawnee
place	1758226	IL	Paw Paw village	paw paw
place	1758239	IL	Paxton city	paxton
place	1758265	IL	Payson village	payson
place	1758343	IL	Pearl village	pearl
place	1758369	IL	Pearl City village	pearl
place	1758408	IL	Pecatonica village	pecatonica
place	1758447	IL	Pekin city	pekin
place	1759000	IL	Peoria city	peoria
place	1759026	IL	Peoria Heights village	peoria heights
place	1759052	IL	Peotone village	peotone
place	1759104	IL	Percy village	percy
place	1759156	IL	Perry village	perry
place	1759234	IL	Peru city	peru
place	1759273	IL	Pesotum village	pesotum
place	1759312	IL	Petersburg city	petersburg
place	1759520	IL	Phillipstown village	phillipstown
place	1759533	IL	Philo village	philo
place	1759572	IL	Phoenix village	phoenix
place	1759709	IL	Pierron village	pierron
place	1759884	IL	Pinckneyville city	pinckneyville
place	1759988	IL	Pingree Grove village	pingree grove
place	1760079	IL	Piper City village	piper
place	1760209	IL	Pittsburg village	pittsburg
place	1760222	IL	Pittsfield city	pittsfield
place	1760287	IL	Plainfield village	plainfield
place	1760339	IL	Plainville village	plainville
place	1760352	IL	Plano city	plano
place	1760391	IL	Plattville village	plattville
place	1760534	IL	Pleasant Hill village	pleasant hill
place	1760599	IL	Pleasant Plains village	pleasant plains
place	1760833	IL	Plymouth village	plymouth
place	1760872	IL	Pocahontas village	pocahontas
place	1760937	IL	Polo city	polo
place	1761015	IL	Pontiac city	pontiac
place	1761067	IL	Pontoon Beach village	pontoon beach
place	1761080	IL	Pontoosuc village	pontoosuc
place	1761145	IL	Poplar Grove village	poplar grove
place	1761216	IL	Port Barrington village	port barrington
place	1761223	IL	Port Byron village	port byron
place	1761314	IL	Posen village	posen
place	1761366	IL	Potomac village	potomac
place	1761548	IL	Prairie City village	prairie
place	1761639	IL	Prairie du Rocher village	prairie du rocher
place	1761678	IL	Prairie Grove village	prairie grove
place	1761899	IL	Princeton city	princeton
place	1761925	IL	Princeville village	princeville
place	1761977	IL	Prophetstown city	prophetstown
place	1762016	IL	Prospect Heights city	prospect heights
place	1762211	IL	Pulaski village	pulaski
place	1762367	IL	Quincy city	quincy
place	1762523	IL	Radom village	radom
place	1762588	IL	Raleigh village	raleigh
place	1762627	IL	Ramsey village	ramsey
place	1762744	IL	Rankin village	rankin
place	1762757	IL	Ransom village	ransom
place	1762783	IL	Rantoul village	rantoul
place	1762822	IL	Rapids City village	rapids
place	1762848	IL	Raritan village	raritan
place	1762965	IL	Raymond village	raymond
place	1763043	IL	Red Bud city	red bud
place	1763056	IL	Reddick village	reddick
place	1763069	IL	Redmon village	redmon
place	1763420	IL	Reynolds village	reynolds
place	1763641	IL	Richmond village	richmond
place	1763706	IL	Richton Park village	richton park
place	1763719	IL	Richview village	richview
place	1763862	IL	Ridge Farm village	ridge farm
place	1764018	IL	Ridgway village	ridgway
place	1764044	IL	Ridott village	ridott
place	1764135	IL	Ringwood village	ringwood
place	1764148	IL	Rio village	rio
place	1764174	IL	Ripley village	ripley
place	1764278	IL	Riverdale village	riverdale
place	1764304	IL	River Forest village	river forest
place	1764343	IL	River Grove village	river grove
place	1764421	IL	Riverside village	riverside
place	1764486	IL	Riverton village	riverton
place	1764538	IL	Riverwoods village	riverwoods
place	1764590	IL	Roanoke village	roanoke
place	1764616	IL	Robbins village	robbins
place	1764655	IL	Roberts village	roberts
place	1764707	IL	Robinson city	robinson
place	1764746	IL	Rochelle city	rochelle
place	1764759	IL	Rochester village	rochester
place	1764811	IL	Rockbridge village	rockbridge
place	1764837	IL	Rock City village	rock
place	1764902	IL	Rockdale village	rockdale
place	1764928	IL	Rock Falls city	rock falls
place	1765000	IL	Rockford city	rockford
place	1765078	IL	Rock Island city	rock island
place	1765156	IL	Rockton village	rockton
place	1765221	IL	Rockwood village	rockwood
place	1765338	IL	Rolling Meadows city	rolling meadows
place	1765442	IL	Romeoville village	romeoville
place	1765481	IL	Roodhouse city	roodhouse
place	1765611	IL	Roscoe village	roscoe
place	1765754	IL	Rose Hill village	rose hill
place	1765806	IL	Roselle village	roselle
place	1765819	IL	Rosemont village	rosemont
place	1765845	IL	Roseville village	roseville
place	1765897	IL	Rosiclare city	rosiclare
place	1765962	IL	Rossville village	rossville
place	1766027	IL	Round Lake village	round lake
place	1766040	IL	Round Lake Beach village	round lake beach
place	1766053	IL	Round Lake Heights village	round lake heights
place	1766066	IL	Round Lake Park village	round lake park
place	1766131	IL	Roxana village	roxana
place	1766157	IL	Royal village	royal
place	1766196	IL	Royal Lakes village	royal lakes
place	1766209	IL	Royalton village	royalton
place	1766287	IL	Ruma village	ruma
place	1766339	IL	Rushville city	rushville
place	1766404	IL	Russellville village	russellville
place	1766443	IL	Rutland village	rutland
place	1766534	IL	Sadorus village	sadorus
place	1766599	IL	Sailor Springs village	sailor springs
place	1766638	IL	St. Anne village	st anne
place	1766677	IL	St. Augustine village	st augustine
place	1766703	IL	St. Charles city	st charles
place	1766768	IL	St. David village	st david
place	1766794	IL	St. Elmo city	st elmo
place	1766800	IL	Ste. Marie village	ste marie
place	1766833	IL	St. Francisville city	st francisville
place	1766859	IL	St. Jacob village	st jacob
place	1766924	IL	St. Johns village	st johns
place	1766950	IL	St. Joseph village	st joseph
place	1766989	IL	St. Libory village	st libory
place	1767132	IL	St. Peter village	st peter
place	1767158	IL	St. Rose village	st rose
place	1767236	IL	Salem city	salem
place	1767372	IL	Sammons Point village	sammons point
place	1767444	IL	Sandoval village	sandoval
place	1767548	IL	Sandwich city	sandwich
place	1767613	IL	San Jose village	san jose
place	1767756	IL	Sauget village	sauget
place	1767769	IL	Sauk Village village	sauk
place	1767795	IL	Saunemin village	saunemin
place	1767821	IL	Savanna city	savanna
place	1767860	IL	Savoy village	savoy
place	1767873	IL	Sawyerville village	sawyerville
place	1767912	IL	Saybrook village	saybrook
place	1767925	IL	Scales Mound village	scales mound
place	1768003	IL	Schaumburg village	schaumburg
place	1768081	IL	Schiller Park village	schiller park
place	1768120	IL	Schram City village	schram
place	1768198	IL	Sciota village	sciota
place	1768406	IL	Scottville village	scottville
place	1768458	IL	Seaton village	seaton
place	1768471	IL	Seatonville village	seatonville
place	1768510	IL	Secor village	secor
place	1768640	IL	Seneca village	seneca
place	1768705	IL	Sesser city	sesser
place	1768822	IL	Shabbona village	shabbona
place	1768991	IL	Shannon village	shannon
place	1769082	IL	Shawneetown city	shawneetown
place	1769147	IL	Sheffield village	sheffield
place	1769186	IL	Shelbyville city	shelbyville
place	1769212	IL	Sheldon village	sheldon
place	1769277	IL	Sheridan village	sheridan
place	1769342	IL	Sherman village	sherman
place	1769368	IL	Sherrard village	sherrard
place	1769524	IL	Shiloh village	shiloh
place	1769563	IL	Shipman town	shipman
place	1769758	IL	Shorewood village	shorewood
place	1769797	IL	Shumway village	shumway
place	1769810	IL	Sibley village	sibley
place	1769836	IL	Sidell village	sidell
place	1769875	IL	Sidney village	sidney
place	1769914	IL	Sigel town	sigel
place	1769979	IL	Silvis city	silvis
place	1770005	IL	Simpson village	simpson
place	1770031	IL	Sims village	sims
place	1770122	IL	Skokie village	skokie
place	1770161	IL	Sleepy Hollow village	sleepy hollow
place	1770213	IL	Smithboro village	smithboro
place	1770226	IL	Smithfield village	smithfield
place	1770252	IL	Smithton village	smithton
place	1770460	IL	Somonauk village	somonauk
place	1770525	IL	Sorento village	sorento
place	1770564	IL	South Barrington village	south barrington
place	1770590	IL	South Beloit city	south beloit
place	1770629	IL	South Chicago Heights village	south chicago heights
place	1770720	IL	South Elgin village	south elgin
place	1770759	IL	Southern View village	southern view
place	1770850	IL	South Holland village	south holland
place	1770889	IL	South Jacksonville village	south jacksonville
place	1771175	IL	South Pekin village	south pekin
place	1771240	IL	South Roxana village	south roxana
place	1771370	IL	South Wilmington village	south wilmington
place	1771422	IL	Sparland village	sparland
place	1771448	IL	Sparta city	sparta
place	1771474	IL	Spaulding village	spaulding
place	1771526	IL	Spillertown village	spillertown
place	1771604	IL	Spring Bay village	spring bay
place	1771643	IL	Springerton village	springerton
place	1772000	IL	Springfield city	springfield
place	1772052	IL	Spring Grove village	spring grove
place	1772156	IL	Spring Valley city	spring valley
place	1772221	IL	Standard village	standard
place	1772234	IL	Standard City village	standard
place	1772260	IL	Stanford village	stanford
place	1772403	IL	Staunton city	staunton
place	1772468	IL	Steeleville village	steeleville
place	1772520	IL	Steger village	steger
place	1772546	IL	Sterling city	sterling
place	1772624	IL	Steward village	steward
place	1772650	IL	Stewardson village	stewardson
place	1772676	IL	Stickney village	stickney
place	1772702	IL	Stillman Valley village	stillman valley
place	1772780	IL	Stockton village	stockton
place	1772884	IL	Stonefort village	stonefort
place	1772923	IL	Stone Park village	stone park
place	1772949	IL	Stonington village	stonington
place	1773027	IL	Stoy village	stoy
place	1773040	IL	Strasburg village	strasburg
place	1773131	IL	Strawn village	strawn
place	1773157	IL	Streamwood village	streamwood
place	1773170	IL	Streator city	streator
place	1773261	IL	Stronghurst village	stronghurst
place	1773287	IL	Sublette village	sublette
place	1773391	IL	Sugar Grove village	sugar grove
place	1773495	IL	Sullivan city	sullivan
place	1773547	IL	Summerfield village	summerfield
place	1773638	IL	Summit village	summit
place	1773703	IL	Sumner city	sumner
place	1773943	IL	Sun River Terrace village	sun river terrace
place	1774119	IL	Swansea village	swansea
place	1774223	IL	Sycamore city	sycamore
place	1774275	IL	Symerton village	symerton
place	1774301	IL	Table Grove village	table grove
place	1774379	IL	Tallula village	tallula
place	1774444	IL	Tamaroa village	tamaroa
place	1774457	IL	Tamms village	tamms
place	1774470	IL	Tampico village	tampico
place	1774561	IL	Taylor Springs village	taylor springs
place	1774574	IL	Taylorville city	taylorville
place	1774665	IL	Tennessee village	tennessee
place	1774743	IL	Teutopolis village	teutopolis
place	1774847	IL	Thawville village	thawville
place	1774860	IL	Thayer village	thayer
place	1774873	IL	Thebes village	thebes
place	1775081	IL	Third Lake village	third lake
place	1775107	IL	Thomasboro village	thomasboro
place	1775159	IL	Thompsonville village	thompsonville
place	1775172	IL	Thomson village	thomson
place	1775185	IL	Thornton village	thornton
place	1775263	IL	Tilden village	tilden
place	1775276	IL	Tilton village	tilton
place	1775360	IL	Timberlane village	timberlane
place	1775484	IL	Tinley Park village	tinley park
place	1775549	IL	Tiskilwa village	tiskilwa
place	1775601	IL	Toledo village	toledo
place	1775614	IL	Tolono village	tolono
place	1775653	IL	Toluca city	toluca
place	1775718	IL	Tonica village	tonica
place	1775757	IL	Topeka village	topeka
place	1775783	IL	Toulon city	toulon
place	1775809	IL	Tovey village	tovey
place	1775822	IL	Towanda village	towanda
place	1775848	IL	Tower Hill village	tower hill
place	1775874	IL	Tower Lakes village	tower lakes
place	1775965	IL	Tremont village	tremont
place	1775991	IL	Trenton city	trenton
place	1776160	IL	Trout Valley village	trout valley
place	1776199	IL	Troy city	troy
place	1776225	IL	Troy Grove village	troy grove
place	1776407	IL	Tuscola city	tuscola
place	1776615	IL	Ullin village	ullin
place	1776706	IL	Union village	union
place	1776771	IL	Union Hill village	union hill
place	1776935	IL	University Park village	university park
place	1777005	IL	Urbana city	urbana
place	1777044	IL	Ursa village	ursa
place	1777148	IL	Valier village	valier
place	1777187	IL	Valley City village	valley
place	1777265	IL	Valmeyer village	valmeyer
place	1777317	IL	Vandalia city	vandalia
place	1777395	IL	Varna village	varna
place	1777408	IL	Venedy village	venedy
place	1777473	IL	Venice city	venice
place	1777525	IL	Vergennes village	vergennes
place	1777551	IL	Vermilion village	vermilion
place	1777642	IL	Vermont village	vermont
place	1777681	IL	Vernon village	vernon
place	1777694	IL	Vernon Hills village	vernon hills
place	1777707	IL	Verona village	verona
place	1777720	IL	Versailles village	versailles
place	1777811	IL	Victoria village	victoria
place	1777863	IL	Vienna city	vienna
place	1777941	IL	Villa Grove city	villa grove
place	1777993	IL	Villa Park village	villa park
place	1778123	IL	Viola village	viola
place	1778149	IL	Virden city	virden
place	1778175	IL	Virgil village	virgil
place	1778201	IL	Virginia city	virginia
place	1778227	IL	Volo village	volo
place	1778370	IL	Wadsworth village	wadsworth
place	1778383	IL	Waggoner village	waggoner
place	1778526	IL	Walnut village	walnut
place	1778604	IL	Walnut Hill village	walnut hill
place	1778656	IL	Walshville village	walshville
place	1778708	IL	Waltonville village	waltonville
place	1778721	IL	Wamac city	wamac
place	1778773	IL	Wapella village	wapella
place	1778851	IL	Warren village	warren
place	1778916	IL	Warrensburg village	warrensburg
place	1778929	IL	Warrenville city	warrenville
place	1778942	IL	Warsaw city	warsaw
place	1779007	IL	Washburn village	washburn
place	1779033	IL	Washington city	washington
place	1779085	IL	Washington Park village	washington park
place	1779124	IL	Wataga village	wataga
place	1779150	IL	Waterloo city	waterloo
place	1779163	IL	Waterman village	waterman
place	1779228	IL	Watseka city	watseka
place	1779241	IL	Watson village	watson
place	1779267	IL	Wauconda village	wauconda
place	1779293	IL	Waukegan city	waukegan
place	1779358	IL	Waverly city	waverly
place	1779397	IL	Wayne village	wayne
place	1779436	IL	Wayne City village	wayne
place	1779449	IL	Waynesville village	waynesville
place	1779683	IL	Weldon village	weldon
place	1779735	IL	Wellington village	wellington
place	1779813	IL	Wenona city	wenona
place	1779826	IL	Wenonah village	wenonah
place	1780008	IL	West Brooklyn village	west brooklyn
place	1780047	IL	Westchester village	westchester
place	1780060	IL	West Chicago city	west chicago
place	1780073	IL	West City village	west
place	1780125	IL	West Dundee village	west dundee
place	1780242	IL	Western Springs village	western springs
place	1780281	IL	Westfield village	westfield
place	1780333	IL	West Frankfort city	west frankfort
place	1780645	IL	Westmont village	westmont
place	1780736	IL	West Peoria city	west peoria
place	1780762	IL	West Point village	west point
place	1780853	IL	West Salem village	west salem
place	1780931	IL	Westville village	westville
place	1781048	IL	Wheaton city	wheaton
place	1781074	IL	Wheeler village	wheeler
place	1781087	IL	Wheeling village	wheeling
place	1781191	IL	White City village	white
place	1781256	IL	White Hall city	white hall
place	1781802	IL	Williamsfield village	williamsfield
place	1781815	IL	Williamson village	williamson
place	1781854	IL	Williamsville village	williamsville
place	1781867	IL	Willisville village	willisville
place	1781919	IL	Willowbrook village	willowbrook
place	1782010	IL	Willow Hill village	willow hill
place	1782049	IL	Willow Springs village	willow springs
place	1782075	IL	Wilmette village	wilmette
place	1782088	IL	Wilmington village	wilmington
place	1782101	IL	Wilmington city	wilmington
place	1782218	IL	Wilsonville village	wilsonville
place	1782270	IL	Winchester city	winchester
place	1782309	IL	Windsor village	windsor
place	1782322	IL	Windsor city	windsor
place	1782400	IL	Winfield village	winfield
place	1782491	IL	Winnebago village	winnebago
place	1782530	IL	Winnetka village	winnetka
place	1782543	IL	Winslow village	winslow
place	1782686	IL	Winthrop Harbor village	winthrop harbor
place	1782725	IL	Witt city	witt
place	1782855	IL	Wonder Lake village	wonder lake
place	1782985	IL	Wood Dale city	wood dale
place	1783063	IL	Woodhull village	woodhull
place	1783102	IL	Woodland village	woodland
place	1783206	IL	Woodlawn village	woodlawn
place	1783245	IL	Woodridge village	woodridge
place	1783271	IL	Wood River city	wood river
place	1783336	IL	Woodson village	woodson
place	1783349	IL	Woodstock city	woodstock
place	1783505	IL	Worden village	worden
place	1783518	IL	Worth village	worth
place	1783622	IL	Wyanet village	wyanet
place	1783687	IL	Wyoming city	wyoming
place	1783739	IL	Xenia village	xenia
place	1783765	IL	Yale village	yale
place	1783817	IL	Yates City village	yates
place	1784038	IL	Yorkville city	yorkville
place	1784155	IL	Zeigler city	zeigler
place	1784220	IL	Zion city	zion
place	1800640	IN	Advance town	advance
place	1800748	IN	Akron town	akron
place	1800784	IN	Alamo town	alamo
place	1800802	IN	Albany town	albany
place	1800820	IN	Albion town	albion
place	1800910	IN	Alexandria city	alexandria
place	1800964	IN	Alfordsville town	alfordsville
place	1801270	IN	Alton town	alton
place	1801288	IN	Altona town	altona
place	1801342	IN	Ambia town	ambia
place	1801360	IN	Amboy town	amboy
place	1801450	IN	Amo town	amo
place	1801468	IN	Anderson city	anderson
place	1801612	IN	Andrews town	andrews
place	1801666	IN	Angola city	angola
place	1801954	IN	Arcadia town	arcadia
place	1802044	IN	Argos town	argos
place	1802458	IN	Ashley town	ashley
place	1802602	IN	Atlanta town	atlanta
place	1802620	IN	Attica city	attica
place	1802674	IN	Auburn city	auburn
place	1802782	IN	Aurora city	aurora
place	1802800	IN	Austin city	austin
place	1802872	IN	Avilla town	avilla
place	1802908	IN	Avon town	avon
place	1803142	IN	Bainbridge town	bainbridge
place	1803394	IN	Bargersville town	bargersville
place	1803664	IN	Batesville city	batesville
place	1803718	IN	Battle Ground town	battle ground
place	1804114	IN	Bedford city	bedford
place	1804204	IN	Beech Grove city	beech grove
place	1804888	IN	Berne city	berne
place	1804978	IN	Bethany town	bethany
place	1805158	IN	Beverly Shores town	beverly shores
place	1805176	IN	Bicknell city	bicknell
place	1805374	IN	Birdseye town	birdseye
place	1805716	IN	Bloomfield town	bloomfield
place	1805788	IN	Bloomingdale town	bloomingdale
place	1805860	IN	Bloomington city	bloomington
place	1805896	IN	Blountsville town	blountsville
place	1806220	IN	Bluffton city	bluffton
place	1806616	IN	Boonville city	boonville
place	1806634	IN	Borden town	borden
place	1806652	IN	Boston town	boston
place	1806706	IN	Boswell town	boswell
place	1806760	IN	Bourbon town	bourbon
place	1807174	IN	Brazil city	brazil
place	1807318	IN	Bremen town	bremen
place	1807750	IN	Bristol town	bristol
place	1807966	IN	Brook town	brook
place	1808038	IN	Brooklyn town	brooklyn
place	1808092	IN	Brooksburg town	brooksburg
place	1808146	IN	Brookston town	brookston
place	1808182	IN	Brookville town	brookville
place	1808416	IN	Brownsburg town	brownsburg
place	1808470	IN	Brownstown town	brownstown
place	1808578	IN	Bruceville town	bruceville
place	1808704	IN	Bryant town	bryant
place	1809136	IN	Bunker Hill town	bunker hill
place	1809226	IN	Burket town	burket
place	1809244	IN	Burlington town	burlington
place	1809316	IN	Burnettsville town	burnettsville
place	1809370	IN	Burns Harbor town	burns harbor
place	1809532	IN	Butler city	butler
place	1809712	IN	Cadiz town	cadiz
place	1809874	IN	Cambridge City town	cambridge
place	1809910	IN	Camden town	camden
place	1810000	IN	Campbellsburg town	campbellsburg
place	1810090	IN	Cannelburg town	cannelburg
place	1810108	IN	Cannelton city	cannelton
place	1810198	IN	Carbon town	carbon
place	1810270	IN	Carlisle town	carlisle
place	1810342	IN	Carmel city	carmel
place	1810612	IN	Carthage town	carthage
place	1810954	IN	Cayuga town	cayuga
place	1811044	IN	Cedar Grove town	cedar grove
place	1811062	IN	Cedar Lake town	cedar lake
place	1811746	IN	Center Point town	center point
place	1811836	IN	Centerville town	centerville
place	1811944	IN	Chalmers town	chalmers
place	1812034	IN	Chandler town	chandler
place	1812124	IN	Charlestown city	charlestown
place	1812376	IN	Chesterfield town	chesterfield
place	1812412	IN	Chesterton town	chesterton
place	1812574	IN	Chrisney town	chrisney
place	1812610	IN	Churubusco town	churubusco
place	1812628	IN	Cicero town	cicero
place	1812898	IN	Clarks Hill town	clarks hill
place	1812934	IN	Clarksville town	clarksville
place	1813276	IN	Clay City town	clay
place	1813312	IN	Claypool town	claypool
place	1813366	IN	Clayton town	clayton
place	1813438	IN	Clear Lake town	clear lake
place	1813492	IN	Clermont town	clermont
place	1813582	IN	Clifford town	clifford
place	1813780	IN	Clinton city	clinton
place	1813852	IN	Cloverdale town	cloverdale
place	1814050	IN	Coatesville town	coatesville
place	1814284	IN	Colfax town	colfax
place	1814716	IN	Columbia City city	columbia
place	1814734	IN	Columbus city	columbus
place	1814932	IN	Connersville city	connersville
place	1814986	IN	Converse town	converse
place	1815220	IN	Corunna town	corunna
place	1815256	IN	Corydon town	corydon
place	1815364	IN	Country Club Heights town	country club heights
place	1815490	IN	Covington city	covington
place	1815634	IN	Crandall town	crandall
place	1815652	IN	Crane town	crane
place	1815742	IN	Crawfordsville city	crawfordsville
place	1815994	IN	Cromwell town	cromwell
place	1816084	IN	Crothersville town	crothersville
place	1816138	IN	Crown Point city	crown point
place	1816156	IN	Crows Nest town	crows nest
place	1816300	IN	Culver town	culver
place	1816336	IN	Cumberland town	cumberland
place	1816534	IN	Cynthiana town	cynthiana
place	1816624	IN	Dale town	dale
place	1816642	IN	Daleville town	daleville
place	1816732	IN	Dana town	dana
place	1816804	IN	Danville town	danville
place	1816840	IN	Darlington town	darlington
place	1816858	IN	Darmstadt town	darmstadt
place	1817002	IN	Dayton town	dayton
place	1817074	IN	Decatur city	decatur
place	1817110	IN	Decker town	decker
place	1817614	IN	Delphi city	delphi
place	1817704	IN	DeMotte town	demotte
place	1817776	IN	Denver town	denver
place	1818190	IN	Dillsboro town	dillsboro
place	1818766	IN	Dublin town	dublin
place	1818892	IN	Dugger town	dugger
place	1818982	IN	Dune Acres town	dune acres
place	1819054	IN	Dunkirk city	dunkirk
place	1819162	IN	Dunreith town	dunreith
place	1819180	IN	Dupont town	dupont
place	1819270	IN	Dyer town	dyer
place	1819450	IN	Earl Park town	earl park
place	1819486	IN	East Chicago city	east chicago
place	1819756	IN	East Germantown town	east germantown
place	1820080	IN	Eaton town	eaton
place	1820152	IN	Economy town	economy
place	1820332	IN	Edgewood town	edgewood
place	1820404	IN	Edinburgh town	edinburgh
place	1820458	IN	Edwardsport town	edwardsport
place	1820638	IN	Elberfeld town	elberfeld
place	1820674	IN	Elizabeth town	elizabeth
place	1820692	IN	Elizabethtown town	elizabethtown
place	1820728	IN	Elkhart city	elkhart
place	1820800	IN	Ellettsville town	ellettsville
place	1820998	IN	Elnora town	elnora
place	1821070	IN	Elwood city	elwood
place	1821214	IN	English town	english
place	1821502	IN	Etna Green town	etna green
place	1822000	IN	Evansville city	evansville
place	1822396	IN	Fairland town	fairland
place	1822432	IN	Fairmount town	fairmount
place	1822576	IN	Fairview Park town	fairview park
place	1822738	IN	Farmersburg town	farmersburg
place	1822792	IN	Farmland town	farmland
place	1822990	IN	Ferdinand town	ferdinand
place	1823188	IN	Fillmore town	fillmore
place	1823278	IN	Fishers city	fishers
place	1823692	IN	Flora town	flora
place	1824250	IN	Fort Branch town	fort branch
place	1824286	IN	Fortville town	fortville
place	1825000	IN	Fort Wayne city	fort wayne
place	1825090	IN	Fountain City town	fountain
place	1825180	IN	Fowler town	fowler
place	1825198	IN	Fowlerton town	fowlerton
place	1825288	IN	Francesville town	francesville
place	1825306	IN	Francisco town	francisco
place	1825324	IN	Frankfort city	frankfort
place	1825450	IN	Franklin city	franklin
place	1825702	IN	Frankton town	frankton
place	1825882	IN	Fremont town	fremont
place	1825972	IN	French Lick town	french lick
place	1826152	IN	Fulton town	fulton
place	1826242	IN	Galveston town	galveston
place	1826386	IN	Garrett city	garrett
place	1827000	IN	Gary city	gary
place	1827054	IN	Gas City city	gas
place	1827072	IN	Gaston town	gaston
place	1827216	IN	Geneva town	geneva
place	1827270	IN	Gentryville town	gentryville
place	1827324	IN	Georgetown town	georgetown
place	1828062	IN	Glenwood town	glenwood
place	1828332	IN	Goodland town	goodland
place	1828386	IN	Goshen city	goshen
place	1828440	IN	Gosport town	gosport
place	1828494	IN	Grabill town	grabill
place	1828692	IN	Grandview town	grandview
place	1829358	IN	Greencastle city	greencastle
place	1829448	IN	Greendale city	greendale
place	1829520	IN	Greenfield city	greenfield
place	1829682	IN	Greensboro town	greensboro
place	1829718	IN	Greensburg city	greensburg
place	1829754	IN	Greens Fork town	greens fork
place	1829772	IN	Greentown town	greentown
place	1829844	IN	Greenville town	greenville
place	1829898	IN	Greenwood city	greenwood
place	1830024	IN	Griffin town	griffin
place	1830042	IN	Griffith town	griffith
place	1830402	IN	Hagerstown town	hagerstown
place	1830594	IN	Hamilton town	hamilton
place	1830708	IN	Hamlet town	hamlet
place	1831000	IN	Hammond city	hammond
place	1831216	IN	Hanover town	hanover
place	1831486	IN	Harmony town	harmony
place	1832242	IN	Hartford City city	hartford
place	1832332	IN	Hartsville town	hartsville
place	1832512	IN	Haubstadt town	haubstadt
place	1832728	IN	Hazleton town	hazleton
place	1832818	IN	Hebron town	hebron
place	1833466	IN	Highland town	highland
place	1833862	IN	Hillsboro town	hillsboro
place	1834114	IN	Hobart city	hobart
place	1834294	IN	Holland town	holland
place	1834366	IN	Holton town	holton
place	1834420	IN	Homecroft town	homecroft
place	1834744	IN	Hope town	hope
place	1835086	IN	Hudson town	hudson
place	1835266	IN	Huntertown town	huntertown
place	1835284	IN	Huntingburg city	huntingburg
place	1835302	IN	Huntington city	huntington
place	1835500	IN	Hymera town	hymera
place	1836003	IN	Indianapolis city (balance)	indianapolis city balance
place	1836306	IN	Indian Village town	indian
place	1836342	IN	Ingalls town	ingalls
place	1837692	IN	Jamestown town	jamestown
place	1837764	IN	Jasonville city	jasonville
place	1837782	IN	Jasper city	jasper
place	1838358	IN	Jeffersonville city	jeffersonville
place	1838862	IN	Jonesboro city	jonesboro
place	1838916	IN	Jonesville town	jonesville
place	1839366	IN	Kempton town	kempton
place	1839402	IN	Kendallville city	kendallville
place	1839438	IN	Kennard town	kennard
place	1839546	IN	Kentland town	kentland
place	1839618	IN	Kewanna town	kewanna
place	1839798	IN	Kingman town	kingman
place	1839816	IN	Kingsbury town	kingsbury
place	1839852	IN	Kingsford Heights town	kingsford heights
place	1839942	IN	Kirklin town	kirklin
place	1840266	IN	Knightstown town	knightstown
place	1840302	IN	Knightsville town	knightsville
place	1840374	IN	Knox city	knox
place	1840392	IN	Kokomo city	kokomo
place	1840518	IN	Kouts town	kouts
place	1840644	IN	Laconia town	laconia
place	1840662	IN	La Crosse town	la crosse
place	1840698	IN	Ladoga town	ladoga
place	1840788	IN	Lafayette city	lafayette
place	1840842	IN	La Fontaine town	la fontaine
place	1840860	IN	Lagrange town	lagrange
place	1840896	IN	Lagro town	lagro
place	1841535	IN	Lake Station city	lake station
place	1841670	IN	Lakeville town	lakeville
place	1842048	IN	Lanesville town	lanesville
place	1842192	IN	La Paz town	la paz
place	1842228	IN	Lapel town	lapel
place	1842246	IN	La Porte city	la porte
place	1842282	IN	Larwill town	larwill
place	1842372	IN	Laurel town	laurel
place	1842426	IN	Lawrence city	lawrence
place	1842462	IN	Lawrenceburg city	lawrenceburg
place	1842606	IN	Leavenworth town	leavenworth
place	1842624	IN	Lebanon city	lebanon
place	1842678	IN	Leesburg town	leesburg
place	1842861	IN	Leo-Cedarville town	leo cedarville
place	1843074	IN	Lewisville town	lewisville
place	1843434	IN	Liberty town	liberty
place	1843686	IN	Ligonier city	ligonier
place	1844082	IN	Linden town	linden
place	1844190	IN	Linton city	linton
place	1844370	IN	Little York town	little york
place	1844424	IN	Livonia town	livonia
place	1844442	IN	Lizton town	lizton
place	1844658	IN	Logansport city	logansport
place	1844784	IN	Long Beach town	long beach
place	1844910	IN	Loogootee city	loogootee
place	1845000	IN	Losantville town	losantville
place	1845144	IN	Lowell town	lowell
place	1845468	IN	Lynn town	lynn
place	1845486	IN	Lynnville town	lynnville
place	1845504	IN	Lyons town	lyons
place	1845648	IN	McCordsville town	mccordsville
place	1845774	IN	Mackey town	mackey
place	1845864	IN	Macy town	macy
place	1845990	IN	Madison city	madison
place	1846746	IN	Marengo town	marengo
place	1846908	IN	Marion city	marion
place	1847160	IN	Markle town	markle
place	1847178	IN	Markleville town	markleville
place	1847322	IN	Marshall town	marshall
place	1847448	IN	Martinsville city	martinsville
place	1847592	IN	Matthews town	matthews
place	1847628	IN	Mauckport town	mauckport
place	1848132	IN	Mecca town	mecca
place	1848186	IN	Medaryville town	medaryville
place	1848240	IN	Medora town	medora
place	1848294	IN	Mellott town	mellott
place	1848402	IN	Mentone town	mentone
place	1848456	IN	Meridian Hills town	meridian hills
place	1848474	IN	Merom town	merom
place	1848528	IN	Merrillville town	merrillville
place	1848744	IN	Michiana Shores town	michiana shores
place	1848798	IN	Michigan City city	michigan
place	1848816	IN	Michigantown town	michigantown
place	1848924	IN	Middlebury town	middlebury
place	1849014	IN	Middletown town	middletown
place	1849266	IN	Milan town	milan
place	1849320	IN	Milford town	milford
place	1849536	IN	Millersburg town	millersburg
place	1849662	IN	Millhousen town	millhousen
place	1849716	IN	Milltown town	milltown
place	1849860	IN	Milton town	milton
place	1849932	IN	Mishawaka city	mishawaka
place	1849950	IN	Mitchell city	mitchell
place	1850058	IN	Modoc town	modoc
place	1850148	IN	Monon town	monon
place	1850202	IN	Monroe town	monroe
place	1850526	IN	Monroe City town	monroe
place	1850562	IN	Monroeville town	monroeville
place	1850580	IN	Monrovia town	monrovia
place	1850616	IN	Monterey town	monterey
place	1850652	IN	Montezuma town	montezuma
place	1850688	IN	Montgomery town	montgomery
place	1850760	IN	Monticello city	monticello
place	1850796	IN	Montpelier city	montpelier
place	1850940	IN	Mooreland town	mooreland
place	1850958	IN	Moores Hill town	moores hill
place	1850976	IN	Mooresville town	mooresville
place	1851102	IN	Morgantown town	morgantown
place	1851138	IN	Morocco town	morocco
place	1851192	IN	Morristown town	morristown
place	1851318	IN	Mount Auburn town	mount auburn
place	1851336	IN	Mount Ayr town	mount ayr
place	1851354	IN	Mount Carmel town	mount carmel
place	1851408	IN	Mount Etna town	mount etna
place	1851714	IN	Mount Summit town	mount summit
place	1851732	IN	Mount Vernon city	mount vernon
place	1851840	IN	Mulberry town	mulberry
place	1851876	IN	Muncie city	muncie
place	1851912	IN	Munster town	munster
place	1852002	IN	Napoleon town	napoleon
place	1852020	IN	Nappanee city	nappanee
place	1852038	IN	Nashville town	nashville
place	1852326	IN	New Albany city	new albany
place	1852398	IN	New Amsterdam town	new amsterdam
place	1852524	IN	Newberry town	newberry
place	1852650	IN	Newburgh town	newburgh
place	1852704	IN	New Carlisle town	new carlisle
place	1852740	IN	New Castle city	new castle
place	1852776	IN	New Chicago town	new chicago
place	1852974	IN	New Harmony town	new harmony
place	1852992	IN	New Haven city	new haven
place	1853262	IN	New Market town	new market
place	1853298	IN	New Middletown town	new middletown
place	1853352	IN	New Palestine town	new palestine
place	1853388	IN	New Pekin town	new pekin
place	1853478	IN	New Point town	new point
place	1853496	IN	Newport town	newport
place	1853532	IN	New Richmond town	new richmond
place	1853550	IN	New Ross town	new ross
place	1853694	IN	Newtown town	newtown
place	1853874	IN	New Whiteland town	new whiteland
place	1854180	IN	Noblesville city	noblesville
place	1854612	IN	North Crows Nest town	north crows nest
place	1854900	IN	North Judson town	north judson
place	1854918	IN	North Liberty town	north liberty
place	1854954	IN	North Manchester town	north manchester
place	1855080	IN	North Salem town	north salem
place	1855116	IN	North Vernon city	north vernon
place	1855134	IN	North Webster town	north webster
place	1855710	IN	Oakland City city	oakland
place	1855800	IN	Oaktown town	oaktown
place	1856052	IN	Odon town	odon
place	1856088	IN	Ogden Dunes town	ogden dunes
place	1856286	IN	Oldenburg town	oldenburg
place	1856664	IN	Onward town	onward
place	1856682	IN	Oolitic town	oolitic
place	1856952	IN	Orestes town	orestes
place	1857006	IN	Orland town	orland
place	1857024	IN	Orleans town	orleans
place	1857114	IN	Osceola town	osceola
place	1857132	IN	Osgood town	osgood
place	1857168	IN	Ossian town	ossian
place	1857258	IN	Otterbein town	otterbein
place	1857528	IN	Owensville town	owensville
place	1857546	IN	Oxford town	oxford
place	1857726	IN	Palmyra town	palmyra
place	1857780	IN	Paoli town	paoli
place	1857870	IN	Paragon town	paragon
place	1857978	IN	Parker City town	parker
place	1858320	IN	Patoka town	patoka
place	1858392	IN	Patriot town	patriot
place	1858662	IN	Pendleton town	pendleton
place	1858788	IN	Pennville town	pennville
place	1859238	IN	Perrysville town	perrysville
place	1859328	IN	Peru city	peru
place	1859364	IN	Petersburg city	petersburg
place	1859598	IN	Pierceton town	pierceton
place	1860084	IN	Pine Village town	pine
place	1860192	IN	Pittsboro town	pittsboro
place	1860246	IN	Plainfield town	plainfield
place	1860264	IN	Plainville town	plainville
place	1860822	IN	Plymouth city	plymouth
place	1861020	IN	Poneto town	poneto
place	1861092	IN	Portage city	portage
place	1861164	IN	Porter town	porter
place	1861236	IN	Portland city	portland
place	1861416	IN	Poseyville town	poseyville
place	1861470	IN	Pottawattamie Park town	pottawattamie park
place	1862028	IN	Prince's Lakes town	princes lakes
place	1862046	IN	Princeton city	princeton
place	1863450	IN	Redkey town	redkey
place	1863756	IN	Remington town	remington
place	1863792	IN	Rensselaer city	rensselaer
place	1863918	IN	Reynolds town	reynolds
place	1864206	IN	Richland town	richland
place	1864260	IN	Richmond city	richmond
place	1864422	IN	Ridgeville town	ridgeville
place	1864512	IN	Riley town	riley
place	1864674	IN	Rising Sun city	rising sun
place	1864728	IN	River Forest town	river forest
place	1864980	IN	Roachdale town	roachdale
place	1864998	IN	Roann town	roann
place	1865016	IN	Roanoke town	roanoke
place	1865214	IN	Rochester city	rochester
place	1865484	IN	Rockport city	rockport
place	1865520	IN	Rockville town	rockville
place	1865556	IN	Rocky Ripple town	rocky ripple
place	1865808	IN	Rome City town	rome
place	1865934	IN	Rosedale town	rosedale
place	1865988	IN	Roseland town	roseland
place	1866150	IN	Rossville town	rossville
place	1866222	IN	Royal Center town	royal center
place	1866438	IN	Rushville city	rushville
place	1866510	IN	Russellville town	russellville
place	1866546	IN	Russiaville town	russiaville
place	1866834	IN	St. Joe town	st joe
place	1866852	IN	St. John town	st john
place	1866978	IN	St. Leon town	st leon
place	1867212	IN	St. Paul town	st paul
place	1867302	IN	Salamonia town	salamonia
place	1867464	IN	Salem city	salem
place	1867626	IN	Saltillo town	saltillo
place	1867698	IN	Sandborn town	sandborn
place	1868022	IN	Santa Claus town	santa claus
place	1868058	IN	Saratoga town	saratoga
place	1868220	IN	Schererville town	schererville
place	1868238	IN	Schneider town	schneider
place	1868526	IN	Scottsburg city	scottsburg
place	1868652	IN	Seelyville town	seelyville
place	1868670	IN	Sellersburg town	sellersburg
place	1868706	IN	Selma town	selma
place	1868832	IN	Seymour city	seymour
place	1868868	IN	Shadeland town	shadeland
place	1868976	IN	Shamrock Lakes town	shamrock lakes
place	1869048	IN	Sharpsville town	sharpsville
place	1869192	IN	Shelburn town	shelburn
place	1869318	IN	Shelbyville city	shelbyville
place	1869354	IN	Sheridan town	sheridan
place	1869480	IN	Shipshewana town	shipshewana
place	1869516	IN	Shirley town	shirley
place	1869552	IN	Shoals town	shoals
place	1869678	IN	Sidney town	sidney
place	1869768	IN	Silver Lake town	silver lake
place	1870542	IN	Somerville town	somerville
place	1871000	IN	South Bend city	south bend
place	1871486	IN	Southport city	southport
place	1871612	IN	South Whitley town	south whitley
place	1871828	IN	Speedway town	speedway
place	1871972	IN	Spencer town	spencer
place	1872008	IN	Spiceland town	spiceland
place	1872206	IN	Spring Grove town	spring grove
place	1872232	IN	Spring Hill town	spring hill
place	1872296	IN	Spring Lake town	spring lake
place	1872332	IN	Springport town	springport
place	1872440	IN	Spurgeon town	spurgeon
place	1872764	IN	State Line City town	state line
place	1872782	IN	Staunton town	staunton
place	1873178	IN	Stilesville town	stilesville
place	1873232	IN	Stinesville town	stinesville
place	1873664	IN	Straughn town	straughn
place	1874006	IN	Sullivan city	sullivan
place	1874060	IN	Sulphur Springs town	sulphur springs
place	1874132	IN	Summitville town	summitville
place	1874168	IN	Sunman town	sunman
place	1874510	IN	Swayzee town	swayzee
place	1874546	IN	Sweetser town	sweetser
place	1874582	IN	Switz City town	switz
place	1874744	IN	Syracuse town	syracuse
place	1875248	IN	Tell City city	tell
place	1875302	IN	Tennyson town	tennyson
place	1875428	IN	Terre Haute city	terre haute
place	1875626	IN	Thorntown town	thorntown
place	1875986	IN	Tipton city	tipton
place	1876184	IN	Topeka town	topeka
place	1876256	IN	Town of Pines town	pines
place	1876310	IN	Trafalgar town	trafalgar
place	1876328	IN	Trail Creek town	trail creek
place	1876634	IN	Troy town	troy
place	1877066	IN	Ulen town	ulen
place	1877768	IN	Union City city	union
place	1877786	IN	Uniondale town	uniondale
place	1877912	IN	Universal town	universal
place	1877966	IN	Upland town	upland
place	1878110	IN	Utica town	utica
place	1878326	IN	Valparaiso city	valparaiso
place	1878470	IN	Van Buren town	van buren
place	1878740	IN	Veedersburg town	veedersburg
place	1878776	IN	Vera Cruz town	vera cruz
place	1878902	IN	Vernon town	vernon
place	1878974	IN	Versailles town	versailles
place	1879010	IN	Vevay town	vevay
place	1879208	IN	Vincennes city	vincennes
place	1879370	IN	Wabash city	wabash
place	1879478	IN	Wakarusa town	wakarusa
place	1879694	IN	Walkerton town	walkerton
place	1879730	IN	Wallace town	wallace
place	1879964	IN	Walton town	walton
place	1880018	IN	Wanatah town	wanatah
place	1880108	IN	Warren town	warren
place	1880234	IN	Warren Park town	warren park
place	1880306	IN	Warsaw city	warsaw
place	1880504	IN	Washington city	washington
place	1881278	IN	Waterloo town	waterloo
place	1881458	IN	Waveland town	waveland
place	1882052	IN	Waynetown town	waynetown
place	1882376	IN	West Baden Springs town	west baden springs
place	1882556	IN	West College Corner town	west college corner
place	1882700	IN	Westfield city	westfield
place	1882790	IN	West Harrison town	west harrison
place	1882862	IN	West Lafayette city	west lafayette
place	1882934	IN	West Lebanon town	west lebanon
place	1883276	IN	Westport town	westport
place	1883384	IN	West Terre Haute town	west terre haute
place	1883420	IN	Westville town	westville
place	1883528	IN	Wheatfield town	wheatfield
place	1883564	IN	Wheatland town	wheatland
place	1883816	IN	Whiteland town	whiteland
place	1884014	IN	Whitestown town	whitestown
place	1884086	IN	Whitewater town	whitewater
place	1884122	IN	Whiting city	whiting
place	1884302	IN	Wilkinson town	wilkinson
place	1884374	IN	Williams Creek town	williams creek
place	1884410	IN	Williamsport town	williamsport
place	1884734	IN	Winamac town	winamac
place	1884752	IN	Winchester city	winchester
place	1884806	IN	Windfall City town	windfall
place	1884878	IN	Winfield town	winfield
place	1884914	IN	Wingate town	wingate
place	1884950	IN	Winona Lake town	winona lake
place	1884968	IN	Winslow town	winslow
place	1885058	IN	Wolcott town	wolcott
place	1885076	IN	Wolcottville town	wolcottville
place	1885184	IN	Woodburn city	woodburn
place	1885400	IN	Woodlawn Heights town	woodlawn heights
place	1885598	IN	Worthington town	worthington
place	1885742	IN	Wynnedale town	wynnedale
place	1885886	IN	Yeoman town	yeoman
place	1886084	IN	Yorktown town	yorktown
place	1886318	IN	Zanesville town	zanesville
place	1886372	IN	Zionsville town	zionsville
place	1900190	IA	Ackley city	ackley
place	1900235	IA	Ackworth city	ackworth
place	1900370	IA	Adair city	adair
place	1900505	IA	Adel city	adel
place	1900595	IA	Afton city	afton
place	1900640	IA	Agency city	agency
place	1900730	IA	Ainsworth city	ainsworth
place	1900775	IA	Akron city	akron
place	1900865	IA	Albert City city	albert
place	1900910	IA	Albia city	albia
place	1900955	IA	Albion city	albion
place	1901000	IA	Alburnett city	alburnett
place	1901045	IA	Alden city	alden
place	1901090	IA	Alexander city	alexander
place	1901135	IA	Algona city	algona
place	1901180	IA	Alleman city	alleman
place	1901270	IA	Allerton city	allerton
place	1901315	IA	Allison city	allison
place	1901495	IA	Alta city	alta
place	1901540	IA	Alta Vista city	alta vista
place	1901585	IA	Alton city	alton
place	1901630	IA	Altoona city	altoona
place	1901675	IA	Alvord city	alvord
place	1901855	IA	Ames city	ames
place	1901990	IA	Anamosa city	anamosa
place	1902080	IA	Andover city	andover
place	1902125	IA	Andrew city	andrew
place	1902260	IA	Anita city	anita
place	1902305	IA	Ankeny city	ankeny
place	1902350	IA	Anthon city	anthon
place	1902395	IA	Aplington city	aplington
place	1902485	IA	Arcadia city	arcadia
place	1902530	IA	Archer city	archer
place	1902620	IA	Aredale city	aredale
place	1902755	IA	Arion city	arion
place	1902800	IA	Arispe city	arispe
place	1902845	IA	Arlington city	arlington
place	1902935	IA	Armstrong city	armstrong
place	1903025	IA	Arnolds Park city	arnolds park
place	1903115	IA	Arthur city	arthur
place	1903160	IA	Asbury city	asbury
place	1903295	IA	Ashton city	ashton
place	1903340	IA	Aspinwall city	aspinwall
place	1903385	IA	Atalissa city	atalissa
place	1903475	IA	Atkins city	atkins
place	1903520	IA	Atlantic city	atlantic
place	1903610	IA	Auburn city	auburn
place	1903655	IA	Audubon city	audubon
place	1903745	IA	Aurelia city	aurelia
place	1903835	IA	Aurora city	aurora
place	1903970	IA	Avoca city	avoca
place	1904105	IA	Ayrshire city	ayrshire
place	1904195	IA	Badger city	badger
place	1904240	IA	Bagley city	bagley
place	1904330	IA	Baldwin city	baldwin
place	1904375	IA	Balltown city	balltown
place	1904420	IA	Bancroft city	bancroft
place	1904510	IA	Bankston city	bankston
place	1904555	IA	Barnes City city	barnes
place	1904645	IA	Barnum city	barnum
place	1904780	IA	Bassett city	bassett
place	1904825	IA	Batavia city	batavia
place	1904870	IA	Battle Creek city	battle creek
place	1904915	IA	Baxter city	baxter
place	1904960	IA	Bayard city	bayard
place	1905050	IA	Beacon city	beacon
place	1905095	IA	Beaconsfield city	beaconsfield
place	1905140	IA	Beaman city	beaman
place	1905185	IA	Beaver city	beaver
place	1905365	IA	Bedford city	bedford
place	1905590	IA	Belle Plaine city	belle plaine
place	1905635	IA	Bellevue city	bellevue
place	1905680	IA	Belmond city	belmond
place	1905770	IA	Bennett city	bennett
place	1905905	IA	Benton city	benton
place	1906040	IA	Berkley city	berkley
place	1906085	IA	Bernard city	bernard
place	1906175	IA	Bertram city	bertram
place	1906355	IA	Bettendorf city	bettendorf
place	1906490	IA	Bevington city	bevington
place	1906625	IA	Birmingham city	birmingham
place	1906760	IA	Blairsburg city	blairsburg
place	1906805	IA	Blairstown city	blairstown
place	1906850	IA	Blakesburg city	blakesburg
place	1906895	IA	Blanchard city	blanchard
place	1906940	IA	Blencoe city	blencoe
place	1906985	IA	Blockton city	blockton
place	1907030	IA	Bloomfield city	bloomfield
place	1907075	IA	Blue Grass city	blue grass
place	1907210	IA	Bode city	bode
place	1907345	IA	Bonaparte city	bonaparte
place	1907390	IA	Bondurant city	bondurant
place	1907480	IA	Boone city	boone
place	1907660	IA	Bouton city	bouton
place	1907750	IA	Boxholm city	boxholm
place	1907840	IA	Boyden city	boyden
place	1907930	IA	Braddyville city	braddyville
place	1908065	IA	Bradgate city	bradgate
place	1908155	IA	Brandon city	brandon
place	1908200	IA	Brayton city	brayton
place	1908290	IA	Breda city	breda
place	1908425	IA	Bridgewater city	bridgewater
place	1908470	IA	Brighton city	brighton
place	1908560	IA	Bristow city	bristow
place	1908605	IA	Britt city	britt
place	1908650	IA	Bronson city	bronson
place	1908695	IA	Brooklyn city	brooklyn
place	1908875	IA	Brunsville city	brunsville
place	1909100	IA	Buckeye city	buckeye
place	1909145	IA	Buck Grove city	buck grove
place	1909235	IA	Buffalo city	buffalo
place	1909280	IA	Buffalo Center city	buffalo center
place	1909550	IA	Burlington city	burlington
place	1909685	IA	Burt city	burt
place	1909730	IA	Bussey city	bussey
place	1909820	IA	Calamus city	calamus
place	1909955	IA	Callender city	callender
place	1910045	IA	Calmar city	calmar
place	1910090	IA	Calumet city	calumet
place	1910135	IA	Camanche city	camanche
place	1910225	IA	Cambridge city	cambridge
place	1910450	IA	Cantril city	cantril
place	1910585	IA	Carbon city	carbon
place	1910765	IA	Carlisle city	carlisle
place	1911035	IA	Carpenter city	carpenter
place	1911080	IA	Carroll city	carroll
place	1911170	IA	Carson city	carson
place	1911215	IA	Carter Lake city	carter lake
place	1911305	IA	Cascade city	cascade
place	1911395	IA	Casey city	casey
place	1911485	IA	Castalia city	castalia
place	1911530	IA	Castana city	castana
place	1911755	IA	Cedar Falls city	cedar falls
place	1912000	IA	Cedar Rapids city	cedar rapids
place	1912270	IA	Center Point city	center point
place	1912315	IA	Centerville city	centerville
place	1912495	IA	Central City city	central
place	1912630	IA	Centralia city	centralia
place	1912720	IA	Chariton city	chariton
place	1912765	IA	Charles City city	charles
place	1912855	IA	Charlotte city	charlotte
place	1912900	IA	Charter Oak city	charter oak
place	1912945	IA	Chatsworth city	chatsworth
place	1912990	IA	Chelsea city	chelsea
place	1913080	IA	Cherokee city	cherokee
place	1913125	IA	Chester city	chester
place	1913215	IA	Chillicothe city	chillicothe
place	1913350	IA	Churdan city	churdan
place	1913395	IA	Cincinnati city	cincinnati
place	1913485	IA	Clare city	clare
place	1913530	IA	Clarence city	clarence
place	1913575	IA	Clarinda city	clarinda
place	1913620	IA	Clarion city	clarion
place	1913755	IA	Clarksville city	clarksville
place	1913845	IA	Clayton city	clayton
place	1913980	IA	Clearfield city	clearfield
place	1914025	IA	Clear Lake city	clear lake
place	1914115	IA	Cleghorn city	cleghorn
place	1914160	IA	Clemons city	clemons
place	1914250	IA	Clermont city	clermont
place	1914430	IA	Clinton city	clinton
place	1914475	IA	Clio city	clio
place	1914520	IA	Clive city	clive
place	1914655	IA	Clutier city	clutier
place	1914880	IA	Coburg city	coburg
place	1914925	IA	Coggon city	coggon
place	1914970	IA	Coin city	coin
place	1915015	IA	Colesburg city	colesburg
place	1915060	IA	Colfax city	colfax
place	1915105	IA	College Springs city	college springs
place	1915195	IA	Collins city	collins
place	1915240	IA	Colo city	colo
place	1915375	IA	Columbus City city	columbus
place	1915420	IA	Columbus Junction city	columbus junction
place	1915465	IA	Colwell city	colwell
place	1915645	IA	Conesville city	conesville
place	1915825	IA	Conrad city	conrad
place	1915960	IA	Conway city	conway
place	1916050	IA	Coon Rapids city	coon rapids
place	1916140	IA	Coppock city	coppock
place	1916230	IA	Coralville city	coralville
place	1916500	IA	Corning city	corning
place	1916545	IA	Correctionville city	correctionville
place	1916590	IA	Corwith city	corwith
place	1916635	IA	Corydon city	corydon
place	1916725	IA	Cotter city	cotter
place	1916815	IA	Coulter city	coulter
place	1916860	IA	Council Bluffs city	council bluffs
place	1916950	IA	Craig city	craig
place	1917130	IA	Crawfordsville city	crawfordsville
place	1917175	IA	Crescent city	crescent
place	1917220	IA	Cresco city	cresco
place	1917265	IA	Creston city	creston
place	1917490	IA	Cromwell city	cromwell
place	1917670	IA	Crystal Lake city	crystal lake
place	1917760	IA	Cumberland city	cumberland
place	1917850	IA	Cumming city	cumming
place	1917895	IA	Curlew city	curlew
place	1917940	IA	Cushing city	cushing
place	1917985	IA	Cylinder city	cylinder
place	1918075	IA	Dakota City city	dakota
place	1918255	IA	Dallas Center city	dallas center
place	1918345	IA	Dana city	dana
place	1918390	IA	Danbury city	danbury
place	1918435	IA	Danville city	danville
place	1919000	IA	Davenport city	davenport
place	1919090	IA	Davis City city	davis
place	1919135	IA	Dawson city	dawson
place	1919180	IA	Dayton city	dayton
place	1919315	IA	Decatur city	decatur
place	1919405	IA	Decorah city	decorah
place	1919450	IA	Dedham city	dedham
place	1919495	IA	Deep River city	deep river
place	1919585	IA	Defiance city	defiance
place	1919630	IA	Delaware city	delaware
place	1919675	IA	Delhi city	delhi
place	1919720	IA	Delmar city	delmar
place	1919765	IA	Deloit city	deloit
place	1919855	IA	Delta city	delta
place	1919945	IA	Denison city	denison
place	1920035	IA	Denver city	denver
place	1920125	IA	Derby city	derby
place	1921000	IA	Des Moines city	des moines
place	1921045	IA	De Soto city	de soto
place	1921180	IA	DeWitt city	dewitt
place	1921225	IA	Dexter city	dexter
place	1921270	IA	Diagonal city	diagonal
place	1921360	IA	Dickens city	dickens
place	1921405	IA	Dike city	dike
place	1921540	IA	Dixon city	dixon
place	1921675	IA	Dolliver city	dolliver
place	1921720	IA	Donahue city	donahue
place	1921810	IA	Donnellson city	donnellson
place	1921900	IA	Doon city	doon
place	1922080	IA	Dougherty city	dougherty
place	1922215	IA	Dow City city	dow
place	1922305	IA	Dows city	dows
place	1922350	IA	Drakesville city	drakesville
place	1922395	IA	Dubuque city	dubuque
place	1922620	IA	Dumont city	dumont
place	1922755	IA	Duncombe city	duncombe
place	1922800	IA	Dundee city	dundee
place	1922845	IA	Dunkerton city	dunkerton
place	1922890	IA	Dunlap city	dunlap
place	1922935	IA	Durango city	durango
place	1922980	IA	Durant city	durant
place	1923115	IA	Dyersville city	dyersville
place	1923160	IA	Dysart city	dysart
place	1923250	IA	Eagle Grove city	eagle grove
place	1923340	IA	Earlham city	earlham
place	1923385	IA	Earling city	earling
place	1923430	IA	Earlville city	earlville
place	1923475	IA	Early city	early
place	1923790	IA	East Peru city	east peru
place	1923970	IA	Eddyville city	eddyville
place	1924060	IA	Edgewood city	edgewood
place	1924375	IA	Elberon city	elberon
place	1924420	IA	Eldon city	eldon
place	1924465	IA	Eldora city	eldora
place	1924600	IA	Eldridge city	eldridge
place	1924645	IA	Elgin city	elgin
place	1924690	IA	Elkader city	elkader
place	1924735	IA	Elkhart city	elkhart
place	1924780	IA	Elk Horn city	elk horn
place	1924825	IA	Elkport city	elkport
place	1924870	IA	Elk Run Heights city	elk run heights
place	1924915	IA	Elliott city	elliott
place	1925005	IA	Ellston city	ellston
place	1925050	IA	Ellsworth city	ellsworth
place	1925095	IA	Elma city	elma
place	1925365	IA	Ely city	ely
place	1925500	IA	Emerson city	emerson
place	1925590	IA	Emmetsburg city	emmetsburg
place	1925725	IA	Epworth city	epworth
place	1925815	IA	Essex city	essex
place	1925860	IA	Estherville city	estherville
place	1925995	IA	Evansdale city	evansdale
place	1926175	IA	Everly city	everly
place	1926265	IA	Exira city	exira
place	1926310	IA	Exline city	exline
place	1926355	IA	Fairbank city	fairbank
place	1926400	IA	Fairfax city	fairfax
place	1926445	IA	Fairfield city	fairfield
place	1926760	IA	Farley city	farley
place	1926850	IA	Farmersburg city	farmersburg
place	1926895	IA	Farmington city	farmington
place	1926940	IA	Farnhamville city	farnhamville
place	1926985	IA	Farragut city	farragut
place	1927165	IA	Fayette city	fayette
place	1927210	IA	Fenton city	fenton
place	1927255	IA	Ferguson city	ferguson
place	1927390	IA	Fertile city	fertile
place	1927975	IA	Floris city	floris
place	1928020	IA	Floyd city	floyd
place	1928245	IA	Fonda city	fonda
place	1928290	IA	Fontanelle city	fontanelle
place	1928380	IA	Forest City city	forest
place	1928425	IA	Fort Atkinson city	fort atkinson
place	1928515	IA	Fort Dodge city	fort dodge
place	1928605	IA	Fort Madison city	fort madison
place	1928650	IA	Fostoria city	fostoria
place	1928740	IA	Franklin city	franklin
place	1928920	IA	Fraser city	fraser
place	1928965	IA	Fredericksburg city	fredericksburg
place	1929010	IA	Frederika city	frederika
place	1929055	IA	Fredonia city	fredonia
place	1929190	IA	Fremont city	fremont
place	1929280	IA	Fruitland city	fruitland
place	1929550	IA	Galt city	galt
place	1929595	IA	Galva city	galva
place	1929685	IA	Garber city	garber
place	1929775	IA	Garden Grove city	garden grove
place	1929910	IA	Garnavillo city	garnavillo
place	1929955	IA	Garner city	garner
place	1930000	IA	Garrison city	garrison
place	1930045	IA	Garwin city	garwin
place	1930135	IA	Geneva city	geneva
place	1930225	IA	George city	george
place	1930540	IA	Gibson city	gibson
place	1930630	IA	Gilbert city	gilbert
place	1930675	IA	Gilbertville city	gilbertville
place	1930810	IA	Gillett Grove city	gillett grove
place	1930900	IA	Gilman city	gilman
place	1930945	IA	Gilmore City city	gilmore
place	1931035	IA	Gladbrook city	gladbrook
place	1931350	IA	Glenwood city	glenwood
place	1931395	IA	Glidden city	glidden
place	1931530	IA	Goldfield city	goldfield
place	1931575	IA	Goodell city	goodell
place	1931665	IA	Goose Lake city	goose lake
place	1931710	IA	Gowrie city	gowrie
place	1931800	IA	Graettinger city	graettinger
place	1931845	IA	Graf city	graf
place	1931890	IA	Grafton city	grafton
place	1931980	IA	Grand Junction city	grand junction
place	1932025	IA	Grand Mound city	grand mound
place	1932070	IA	Grand River city	grand river
place	1932115	IA	Grandview city	grandview
place	1932160	IA	Granger city	granger
place	1932295	IA	Grant city	grant
place	1932475	IA	Granville city	granville
place	1932520	IA	Gravity city	gravity
place	1932565	IA	Gray city	gray
place	1932610	IA	Greeley city	greeley
place	1932745	IA	Greene city	greene
place	1932790	IA	Greenfield city	greenfield
place	1932970	IA	Greenville city	greenville
place	1933060	IA	Grimes city	grimes
place	1933105	IA	Grinnell city	grinnell
place	1933150	IA	Griswold city	griswold
place	1933195	IA	Grundy Center city	grundy center
place	1933240	IA	Gruver city	gruver
place	1933285	IA	Guernsey city	guernsey
place	1933420	IA	Guthrie Center city	guthrie center
place	1933465	IA	Guttenberg city	guttenberg
place	1933645	IA	Halbur city	halbur
place	1933780	IA	Hamburg city	hamburg
place	1933870	IA	Hamilton city	hamilton
place	1933960	IA	Hampton city	hampton
place	1934005	IA	Hancock city	hancock
place	1934185	IA	Hanlontown city	hanlontown
place	1934365	IA	Hansell city	hansell
place	1934410	IA	Harcourt city	harcourt
place	1934455	IA	Hardy city	hardy
place	1934500	IA	Harlan city	harlan
place	1934545	IA	Harper city	harper
place	1934590	IA	Harpers Ferry city	harpers ferry
place	1934635	IA	Harris city	harris
place	1934680	IA	Hartford city	hartford
place	1934725	IA	Hartley city	hartley
place	1934770	IA	Hartwick city	hartwick
place	1934860	IA	Harvey city	harvey
place	1934995	IA	Hastings city	hastings
place	1935130	IA	Havelock city	havelock
place	1935220	IA	Haverhill city	haverhill
place	1935265	IA	Hawarden city	hawarden
place	1935310	IA	Hawkeye city	hawkeye
place	1935445	IA	Hayesville city	hayesville
place	1935580	IA	Hazleton city	hazleton
place	1935670	IA	Hedrick city	hedrick
place	1935715	IA	Henderson city	henderson
place	1935940	IA	Hiawatha city	hiawatha
place	1936345	IA	Hills city	hills
place	1936390	IA	Hillsboro city	hillsboro
place	1936480	IA	Hinton city	hinton
place	1936705	IA	Holland city	holland
place	1936840	IA	Holstein city	holstein
place	1936885	IA	Holy Cross city	holy cross
place	1937155	IA	Hopkinton city	hopkinton
place	1937200	IA	Hornick city	hornick
place	1937290	IA	Hospers city	hospers
place	1937335	IA	Houghton city	houghton
place	1937425	IA	Hubbard city	hubbard
place	1937470	IA	Hudson city	hudson
place	1937515	IA	Hull city	hull
place	1937560	IA	Humboldt city	humboldt
place	1937605	IA	Humeston city	humeston
place	1937920	IA	Huxley city	huxley
place	1938010	IA	Ida Grove city	ida grove
place	1938055	IA	Imogene city	imogene
place	1938100	IA	Independence city	independence
place	1938280	IA	Indianola city	indianola
place	1938415	IA	Inwood city	inwood
place	1938460	IA	Ionia city	ionia
place	1938595	IA	Iowa City city	iowa
place	1938640	IA	Iowa Falls city	iowa falls
place	1938820	IA	Ireton city	ireton
place	1939000	IA	Irwin city	irwin
place	1939135	IA	Jackson Junction city	jackson junction
place	1939225	IA	Jamaica city	jamaica
place	1939405	IA	Janesville city	janesville
place	1939450	IA	Jefferson city	jefferson
place	1939585	IA	Jesup city	jesup
place	1939675	IA	Jewell Junction city	jewell junction
place	1939765	IA	Johnston city	johnston
place	1939855	IA	Joice city	joice
place	1939900	IA	Jolley city	jolley
place	1940170	IA	Kalona city	kalona
place	1940215	IA	Kamrar city	kamrar
place	1940260	IA	Kanawha city	kanawha
place	1940350	IA	Kellerton city	kellerton
place	1940395	IA	Kelley city	kelley
place	1940440	IA	Kellogg city	kellogg
place	1940665	IA	Kensett city	kensett
place	1940845	IA	Keokuk city	keokuk
place	1940890	IA	Keomah Village city	keomah
place	1940935	IA	Keosauqua city	keosauqua
place	1940980	IA	Keota city	keota
place	1941070	IA	Keswick city	keswick
place	1941115	IA	Keystone city	keystone
place	1941295	IA	Kimballton city	kimballton
place	1941385	IA	Kingsley city	kingsley
place	1941475	IA	Kinross city	kinross
place	1941520	IA	Kirkman city	kirkman
place	1941565	IA	Kirkville city	kirkville
place	1941610	IA	Kiron city	kiron
place	1941655	IA	Klemme city	klemme
place	1941790	IA	Knierim city	knierim
place	1942015	IA	Knoxville city	knoxville
place	1942285	IA	Lacona city	lacona
place	1942330	IA	Ladora city	ladora
place	1942465	IA	Lake City city	lake
place	1942555	IA	Lake Mills city	lake mills
place	1942600	IA	Lake Park city	lake park
place	1942645	IA	Lakeside city	lakeside
place	1942690	IA	Lake View city	lake view
place	1942825	IA	Lakota city	lakota
place	1942870	IA	Lambs Grove city	lambs grove
place	1942960	IA	Lamoni city	lamoni
place	1943005	IA	Lamont city	lamont
place	1943050	IA	La Motte city	la motte
place	1943140	IA	Lanesboro city	lanesboro
place	1943275	IA	Lansing city	lansing
place	1943365	IA	La Porte City city	la porte
place	1943410	IA	Larchwood city	larchwood
place	1943500	IA	Larrabee city	larrabee
place	1943590	IA	Latimer city	latimer
place	1943680	IA	Laurel city	laurel
place	1943725	IA	Laurens city	laurens
place	1943815	IA	Lawler city	lawler
place	1943905	IA	Lawton city	lawton
place	1944085	IA	Le Claire city	le claire
place	1944130	IA	Ledyard city	ledyard
place	1944220	IA	Le Grand city	le grand
place	1944265	IA	Lehigh city	lehigh
place	1944310	IA	Leighton city	leighton
place	1944355	IA	Leland city	leland
place	1944400	IA	Le Mars city	le mars
place	1944490	IA	Lenox city	lenox
place	1944535	IA	Leon city	leon
place	1944580	IA	Le Roy city	le roy
place	1944670	IA	Lester city	lester
place	1944715	IA	Letts city	letts
place	1944805	IA	Lewis city	lewis
place	1944985	IA	Libertyville city	libertyville
place	1945030	IA	Lidderdale city	lidderdale
place	1945165	IA	Lime Springs city	lime springs
place	1945255	IA	Lincoln city	lincoln
place	1945390	IA	Linden city	linden
place	1945435	IA	Lineville city	lineville
place	1945480	IA	Linn Grove city	linn grove
place	1945615	IA	Lisbon city	lisbon
place	1945660	IA	Liscomb city	liscomb
place	1945795	IA	Little Rock city	little rock
place	1945840	IA	Little Sioux city	little sioux
place	1945975	IA	Livermore city	livermore
place	1946065	IA	Lockridge city	lockridge
place	1946155	IA	Logan city	logan
place	1946245	IA	Lohrville city	lohrville
place	1946290	IA	Lone Rock city	lone rock
place	1946335	IA	Lone Tree city	lone tree
place	1946425	IA	Long Grove city	long grove
place	1946515	IA	Lorimor city	lorimor
place	1946605	IA	Lost Nation city	lost nation
place	1946830	IA	Lovilia city	lovilia
place	1946920	IA	Lowden city	lowden
place	1947010	IA	Low Moor city	low moor
place	1947055	IA	Luana city	luana
place	1947100	IA	Lucas city	lucas
place	1947280	IA	Luther city	luther
place	1947370	IA	Lu Verne city	lu verne
place	1947460	IA	Luxemburg city	luxemburg
place	1947505	IA	Luzerne city	luzerne
place	1947595	IA	Lynnville city	lynnville
place	1947730	IA	Lytton city	lytton
place	1947775	IA	McCallsburg city	mccallsburg
place	1947820	IA	McCausland city	mccausland
place	1947865	IA	McClelland city	mcclelland
place	1947955	IA	Macedonia city	macedonia
place	1948000	IA	McGregor city	mcgregor
place	1948045	IA	McIntire city	mcintire
place	1948180	IA	Macksburg city	macksburg
place	1948450	IA	Madrid city	madrid
place	1948495	IA	Magnolia city	magnolia
place	1948500	IA	Maharishi Vedic City city	maharishi vedic
place	1948540	IA	Malcom city	malcom
place	1948585	IA	Mallard city	mallard
place	1948675	IA	Maloy city	maloy
place	1948720	IA	Malvern city	malvern
place	1948810	IA	Manchester city	manchester
place	1948855	IA	Manilla city	manilla
place	1948900	IA	Manly city	manly
place	1948945	IA	Manning city	manning
place	1948990	IA	Manson city	manson
place	1949170	IA	Mapleton city	mapleton
place	1949215	IA	Maquoketa city	maquoketa
place	1949260	IA	Marathon city	marathon
place	1949305	IA	Marble Rock city	marble rock
place	1949350	IA	Marcus city	marcus
place	1949395	IA	Marengo city	marengo
place	1949485	IA	Marion city	marion
place	1949575	IA	Marne city	marne
place	1949620	IA	Marquette city	marquette
place	1949755	IA	Marshalltown city	marshalltown
place	1949845	IA	Martelle city	martelle
place	1949890	IA	Martensdale city	martensdale
place	1949935	IA	Martinsburg city	martinsburg
place	1950070	IA	Marysville city	marysville
place	1950160	IA	Mason City city	mason
place	1950205	IA	Masonville city	masonville
place	1950250	IA	Massena city	massena
place	1950385	IA	Matlock city	matlock
place	1950430	IA	Maurice city	maurice
place	1950520	IA	Maxwell city	maxwell
place	1950610	IA	Maynard city	maynard
place	1950655	IA	Maysville city	maysville
place	1950700	IA	Mechanicsville city	mechanicsville
place	1950790	IA	Mediapolis city	mediapolis
place	1950880	IA	Melbourne city	melbourne
place	1950935	IA	Melcher-Dallas city	melcher dallas
place	1950970	IA	Melrose city	melrose
place	1951060	IA	Melvin city	melvin
place	1951105	IA	Menlo city	menlo
place	1951150	IA	Meriden city	meriden
place	1951375	IA	Merrill city	merrill
place	1951420	IA	Meservey city	meservey
place	1951735	IA	Middletown city	middletown
place	1952050	IA	Miles city	miles
place	1952095	IA	Milford city	milford
place	1952230	IA	Millersburg city	millersburg
place	1952275	IA	Millerton city	millerton
place	1952455	IA	Milo city	milo
place	1952500	IA	Milton city	milton
place	1952545	IA	Minburn city	minburn
place	1952590	IA	Minden city	minden
place	1952815	IA	Mingo city	mingo
place	1952860	IA	Missouri Valley city	missouri valley
place	1952905	IA	Mitchell city	mitchell
place	1952950	IA	Mitchellville city	mitchellville
place	1952995	IA	Modale city	modale
place	1953175	IA	Mondamin city	mondamin
place	1953265	IA	Monmouth city	monmouth
place	1953310	IA	Monona city	monona
place	1953355	IA	Monroe city	monroe
place	1953490	IA	Montezuma city	montezuma
place	1953625	IA	Monticello city	monticello
place	1953670	IA	Montour city	montour
place	1953760	IA	Montrose city	montrose
place	1953850	IA	Moorhead city	moorhead
place	1953895	IA	Moorland city	moorland
place	1953985	IA	Moravia city	moravia
place	1954030	IA	Morley city	morley
place	1954120	IA	Morning Sun city	morning sun
place	1954165	IA	Morrison city	morrison
place	1954390	IA	Moulton city	moulton
place	1954435	IA	Mount Auburn city	mount auburn
place	1954480	IA	Mount Ayr city	mount ayr
place	1954705	IA	Mount Pleasant city	mount pleasant
place	1954840	IA	Mount Vernon city	mount vernon
place	1954930	IA	Moville city	moville
place	1955065	IA	Murray city	murray
place	1955110	IA	Muscatine city	muscatine
place	1955200	IA	Mystic city	mystic
place	1955335	IA	Nashua city	nashua
place	1955515	IA	Nemaha city	nemaha
place	1955560	IA	Neola city	neola
place	1955695	IA	Nevada city	nevada
place	1955785	IA	New Albin city	new albin
place	1955965	IA	Newell city	newell
place	1956055	IA	Newhall city	newhall
place	1956100	IA	New Hampton city	new hampton
place	1956145	IA	New Hartford city	new hartford
place	1956280	IA	New Liberty city	new liberty
place	1956325	IA	New London city	new london
place	1956370	IA	New Market city	new market
place	1956415	IA	New Providence city	new providence
place	1956460	IA	New Sharon city	new sharon
place	1956505	IA	Newton city	newton
place	1956550	IA	New Vienna city	new vienna
place	1956595	IA	New Virginia city	new virginia
place	1956685	IA	Nichols city	nichols
place	1956865	IA	Nodaway city	nodaway
place	1956910	IA	Nora Springs city	nora springs
place	1957045	IA	Northboro city	northboro
place	1957135	IA	North Buena Vista city	north buena vista
place	1957225	IA	North English city	north english
place	1957360	IA	North Liberty city	north liberty
place	1957495	IA	North Washington city	north washington
place	1957630	IA	Northwood city	northwood
place	1957675	IA	Norwalk city	norwalk
place	1957720	IA	Norway city	norway
place	1957945	IA	Numa city	numa
place	1958080	IA	Oakland city	oakland
place	1958170	IA	Oakland Acres city	oakland acres
place	1958395	IA	Oakville city	oakville
place	1958530	IA	Ocheyedan city	ocheyedan
place	1958575	IA	Odebolt city	odebolt
place	1958620	IA	Oelwein city	oelwein
place	1958665	IA	Ogden city	ogden
place	1958710	IA	Okoboji city	okoboji
place	1958890	IA	Olds city	olds
place	1958980	IA	Olin city	olin
place	1959070	IA	Ollie city	ollie
place	1959115	IA	Onawa city	onawa
place	1959250	IA	Onslow city	onslow
place	1959475	IA	Orange City city	orange
place	1959520	IA	Orchard city	orchard
place	1959565	IA	Orient city	orient
place	1959655	IA	Orleans city	orleans
place	1959745	IA	Osage city	osage
place	1959835	IA	Osceola city	osceola
place	1959925	IA	Oskaloosa city	oskaloosa
place	1959970	IA	Ossian city	ossian
place	1960015	IA	Osterdock city	osterdock
place	1960105	IA	Otho city	otho
place	1960240	IA	Oto city	oto
place	1960420	IA	Ottosen city	ottosen
place	1960465	IA	Ottumwa city	ottumwa
place	1960555	IA	Owasa city	owasa
place	1960645	IA	Oxford city	oxford
place	1960690	IA	Oxford Junction city	oxford junction
place	1960780	IA	Oyens city	oyens
place	1960825	IA	Pacific Junction city	pacific junction
place	1960915	IA	Packwood city	packwood
place	1961050	IA	Palmer city	palmer
place	1961230	IA	Palo city	palo
place	1961275	IA	Panama city	panama
place	1961320	IA	Panora city	panora
place	1961365	IA	Panorama Park city	panorama park
place	1961590	IA	Parkersburg city	parkersburg
place	1961770	IA	Parnell city	parnell
place	1961815	IA	Paton city	paton
place	1961860	IA	Patterson city	patterson
place	1961905	IA	Paullina city	paullina
place	1962040	IA	Pella city	pella
place	1962130	IA	Peosta city	peosta
place	1962355	IA	Perry city	perry
place	1962445	IA	Persia city	persia
place	1962625	IA	Peterson city	peterson
place	1962760	IA	Pierson city	pierson
place	1962850	IA	Pilot Mound city	pilot mound
place	1963075	IA	Pisgah city	pisgah
place	1963210	IA	Plainfield city	plainfield
place	1963345	IA	Plano city	plano
place	1963525	IA	Pleasant Hill city	pleasant hill
place	1963570	IA	Pleasanton city	pleasanton
place	1963615	IA	Pleasant Plain city	pleasant plain
place	1963750	IA	Pleasantville city	pleasantville
place	1963840	IA	Plover city	plover
place	1963885	IA	Plymouth city	plymouth
place	1963975	IA	Pocahontas city	pocahontas
place	1964020	IA	Polk City city	polk
place	1964065	IA	Pomeroy city	pomeroy
place	1964110	IA	Popejoy city	popejoy
place	1964200	IA	Portsmouth city	portsmouth
place	1964290	IA	Postville city	postville
place	1964425	IA	Prairieburg city	prairieburg
place	1964470	IA	Prairie City city	prairie
place	1964560	IA	Prescott city	prescott
place	1964605	IA	Preston city	preston
place	1964650	IA	Primghar city	primghar
place	1964740	IA	Princeton city	princeton
place	1964875	IA	Promise City city	promise
place	1965010	IA	Protivin city	protivin
place	1965055	IA	Pulaski city	pulaski
place	1965235	IA	Quasqueton city	quasqueton
place	1965280	IA	Quimby city	quimby
place	1965370	IA	Radcliffe city	radcliffe
place	1965415	IA	Rake city	rake
place	1965505	IA	Ralston city	ralston
place	1965550	IA	Randalia city	randalia
place	1965595	IA	Randall city	randall
place	1965640	IA	Randolph city	randolph
place	1965730	IA	Rathbun city	rathbun
place	1965820	IA	Raymond city	raymond
place	1965910	IA	Readlyn city	readlyn
place	1965955	IA	Reasnor city	reasnor
place	1966000	IA	Redding city	redding
place	1966045	IA	Redfield city	redfield
place	1966135	IA	Red Oak city	red oak
place	1966315	IA	Reinbeck city	reinbeck
place	1966360	IA	Rembrandt city	rembrandt
place	1966405	IA	Remsen city	remsen
place	1966450	IA	Renwick city	renwick
place	1966540	IA	Rhodes city	rhodes
place	1966585	IA	Riceville city	riceville
place	1966720	IA	Richland city	richland
place	1966810	IA	Rickardsville city	rickardsville
place	1966855	IA	Ricketts city	ricketts
place	1967035	IA	Ridgeway city	ridgeway
place	1967125	IA	Rinard city	rinard
place	1967170	IA	Ringsted city	ringsted
place	1967215	IA	Rippey city	rippey
place	1967350	IA	Riverdale city	riverdale
place	1967440	IA	Riverside city	riverside
place	1967575	IA	Riverton city	riverton
place	1967800	IA	Robins city	robins
place	1968025	IA	Rock Falls city	rock falls
place	1968070	IA	Rockford city	rockford
place	1968160	IA	Rock Rapids city	rock rapids
place	1968205	IA	Rock Valley city	rock valley
place	1968250	IA	Rockwell city	rockwell
place	1968295	IA	Rockwell City city	rockwell
place	1968340	IA	Rodman city	rodman
place	1968385	IA	Rodney city	rodney
place	1968475	IA	Roland city	roland
place	1968520	IA	Rolfe city	rolfe
place	1968565	IA	Rome city	rome
place	1968700	IA	Rose Hill city	rose hill
place	1968925	IA	Rossie city	rossie
place	1969015	IA	Rowan city	rowan
place	1969060	IA	Rowley city	rowley
place	1969105	IA	Royal city	royal
place	1969195	IA	Rudd city	rudd
place	1969240	IA	Runnells city	runnells
place	1969285	IA	Russell city	russell
place	1969330	IA	Ruthven city	ruthven
place	1969375	IA	Rutland city	rutland
place	1969465	IA	Ryan city	ryan
place	1969510	IA	Sabula city	sabula
place	1969645	IA	Sac City city	sac
place	1969690	IA	Sageville city	sageville
place	1969735	IA	St. Ansgar city	st ansgar
place	1969780	IA	St. Anthony city	st anthony
place	1969915	IA	St. Charles city	st charles
place	1969960	IA	St. Donatus city	st donatus
place	1970050	IA	St. Lucas city	st lucas
place	1970095	IA	St. Marys city	st marys
place	1970140	IA	St. Olaf city	st olaf
place	1970185	IA	St. Paul city	st paul
place	1970230	IA	Salem city	salem
place	1970320	IA	Salix city	salix
place	1970410	IA	Sanborn city	sanborn
place	1970590	IA	Sandyville city	sandyville
place	1971040	IA	Scarville city	scarville
place	1971085	IA	Schaller city	schaller
place	1971130	IA	Schleswig city	schleswig
place	1971310	IA	Scranton city	scranton
place	1971355	IA	Searsboro city	searsboro
place	1971625	IA	Sergeant Bluff city	sergeant bluff
place	1971760	IA	Seymour city	seymour
place	1971895	IA	Shambaugh city	shambaugh
place	1971940	IA	Shannon City city	shannon
place	1972075	IA	Sharpsburg city	sharpsburg
place	1972210	IA	Sheffield city	sheffield
place	1972300	IA	Shelby city	shelby
place	1972345	IA	Sheldahl city	sheldahl
place	1972390	IA	Sheldon city	sheldon
place	1972435	IA	Shell Rock city	shell rock
place	1972480	IA	Shellsburg city	shellsburg
place	1972525	IA	Shenandoah city	shenandoah
place	1972660	IA	Sherrill city	sherrill
place	1972840	IA	Shueyville city	shueyville
place	1972975	IA	Sibley city	sibley
place	1973065	IA	Sidney city	sidney
place	1973110	IA	Sigourney city	sigourney
place	1973155	IA	Silver City city	silver
place	1973290	IA	Sioux Center city	sioux center
place	1973335	IA	Sioux City city	sioux
place	1973425	IA	Sioux Rapids city	sioux rapids
place	1973515	IA	Slater city	slater
place	1973605	IA	Sloan city	sloan
place	1973650	IA	Smithland city	smithland
place	1973785	IA	Soldier city	soldier
place	1973875	IA	Solon city	solon
place	1973920	IA	Somers city	somers
place	1974055	IA	South English city	south english
place	1974280	IA	Spencer city	spencer
place	1974370	IA	Spillville city	spillville
place	1974415	IA	Spirit Lake city	spirit lake
place	1974460	IA	Spragueville city	spragueville
place	1974505	IA	Springbrook city	springbrook
place	1974685	IA	Spring Hill city	spring hill
place	1974775	IA	Springville city	springville
place	1974820	IA	Stacyville city	stacyville
place	1974910	IA	Stanhope city	stanhope
place	1974955	IA	Stanley city	stanley
place	1975000	IA	Stanton city	stanton
place	1975045	IA	Stanwood city	stanwood
place	1975135	IA	State Center city	state center
place	1975180	IA	Steamboat Rock city	steamboat rock
place	1975405	IA	Stockport city	stockport
place	1975450	IA	Stockton city	stockton
place	1975630	IA	Storm Lake city	storm lake
place	1975675	IA	Story City city	story
place	1975720	IA	Stout city	stout
place	1975810	IA	Stratford city	stratford
place	1975855	IA	Strawberry Point city	strawberry point
place	1975945	IA	Struble city	struble
place	1975990	IA	Stuart city	stuart
place	1976035	IA	Sully city	sully
place	1976260	IA	Sumner city	sumner
place	1976440	IA	Superior city	superior
place	1976485	IA	Sutherland city	sutherland
place	1976620	IA	Swaledale city	swaledale
place	1976665	IA	Swan city	swan
place	1976755	IA	Swea City city	swea
place	1976890	IA	Swisher city	swisher
place	1976935	IA	Tabor city	tabor
place	1977115	IA	Tama city	tama
place	1977340	IA	Templeton city	templeton
place	1977430	IA	Tennant city	tennant
place	1977520	IA	Terril city	terril
place	1977565	IA	Thayer city	thayer
place	1977745	IA	Thompson city	thompson
place	1977790	IA	Thor city	thor
place	1977835	IA	Thornburg city	thornburg
place	1977880	IA	Thornton city	thornton
place	1977970	IA	Thurman city	thurman
place	1978060	IA	Tiffin city	tiffin
place	1978195	IA	Tingley city	tingley
place	1978285	IA	Tipton city	tipton
place	1978330	IA	Titonka city	titonka
place	1978510	IA	Toledo city	toledo
place	1978600	IA	Toronto city	toronto
place	1978735	IA	Traer city	traer
place	1978825	IA	Treynor city	treynor
place	1978915	IA	Tripoli city	tripoli
place	1979095	IA	Truesdale city	truesdale
place	1979140	IA	Truro city	truro
place	1979185	IA	Turin city	turin
place	1979410	IA	Udell city	udell
place	1979500	IA	Underwood city	underwood
place	1979545	IA	Union city	union
place	1979680	IA	Unionville city	unionville
place	1979770	IA	University Heights city	university heights
place	1979815	IA	University Park city	university park
place	1979905	IA	Urbana city	urbana
place	1979950	IA	Urbandale city	urbandale
place	1979995	IA	Ute city	ute
place	1980130	IA	Vail city	vail
place	1980175	IA	Valeria city	valeria
place	1980400	IA	Van Horne city	van horne
place	1980445	IA	Van Meter city	van meter
place	1980490	IA	Van Wert city	van wert
place	1980535	IA	Varina city	varina
place	1980580	IA	Ventura city	ventura
place	1980805	IA	Victor city	victor
place	1980985	IA	Villisca city	villisca
place	1981075	IA	Vincent city	vincent
place	1981120	IA	Vining city	vining
place	1981210	IA	Vinton city	vinton
place	1981345	IA	Volga city	volga
place	1981570	IA	Wadena city	wadena
place	1981615	IA	Wahpeton city	wahpeton
place	1981705	IA	Walcott city	walcott
place	1981840	IA	Walford city	walford
place	1981885	IA	Walker city	walker
place	1981975	IA	Wallingford city	wallingford
place	1982020	IA	Wall Lake city	wall lake
place	1982065	IA	Walnut city	walnut
place	1982200	IA	Wapello city	wapello
place	1982335	IA	Washington city	washington
place	1982380	IA	Washta city	washta
place	1982425	IA	Waterloo city	waterloo
place	1982470	IA	Waterville city	waterville
place	1982650	IA	Waucoma city	waucoma
place	1982695	IA	Waukee city	waukee
place	1982740	IA	Waukon city	waukon
place	1982875	IA	Waverly city	waverly
place	1982965	IA	Wayland city	wayland
place	1983010	IA	Webb city	webb
place	1983055	IA	Webster city	webster
place	1983145	IA	Webster City city	webster
place	1983190	IA	Weldon city	weldon
place	1983280	IA	Wellman city	wellman
place	1983325	IA	Wellsburg city	wellsburg
place	1983370	IA	Welton city	welton
place	1983415	IA	Wesley city	wesley
place	1983550	IA	West Bend city	west bend
place	1983595	IA	West Branch city	west branch
place	1983685	IA	West Burlington city	west burlington
place	1983775	IA	West Chester city	west chester
place	1983910	IA	West Des Moines city	west des moines
place	1984090	IA	Westfield city	westfield
place	1984180	IA	Westgate city	westgate
place	1984315	IA	West Liberty city	west liberty
place	1984450	IA	West Okoboji city	west okoboji
place	1984540	IA	Westphalia city	westphalia
place	1984585	IA	West Point city	west point
place	1984630	IA	Westside city	westside
place	1984765	IA	West Union city	west union
place	1984835	IA	Westwood city	westwood
place	1984900	IA	What Cheer city	what cheer
place	1984945	IA	Wheatland city	wheatland
place	1985215	IA	Whiting city	whiting
place	1985260	IA	Whittemore city	whittemore
place	1985305	IA	Whitten city	whitten
place	1985710	IA	Willey city	willey
place	1985800	IA	Williams city	williams
place	1985845	IA	Williamsburg city	williamsburg
place	1985935	IA	Williamson city	williamson
place	1986070	IA	Wilton city	wilton
place	1986250	IA	Windsor Heights city	windsor heights
place	1986385	IA	Winfield city	winfield
place	1986520	IA	Winterset city	winterset
place	1986565	IA	Winthrop city	winthrop
place	1986610	IA	Wiota city	wiota
place	1986700	IA	Woden city	woden
place	1986835	IA	Woodbine city	woodbine
place	1986880	IA	Woodburn city	woodburn
place	1986970	IA	Woodward city	woodward
place	1987015	IA	Woolstock city	woolstock
place	1987060	IA	Worthington city	worthington
place	1987240	IA	Wyoming city	wyoming
place	1987285	IA	Yale city	yale
place	1987375	IA	Yetter city	yetter
place	1987420	IA	Yorktown city	yorktown
place	1987555	IA	Zearing city	zearing
place	1987690	IA	Zwingle city	zwingle
place	2000100	KS	Abbyville city	abbyville
place	2000125	KS	Abilene city	abilene
place	2000325	KS	Admire city	admire
place	2000475	KS	Agenda city	agenda
place	2000550	KS	Agra city	agra
place	2000825	KS	Albert city	albert
place	2000950	KS	Alden city	alden
place	2001050	KS	Alexander city	alexander
place	2001275	KS	Allen city	allen
place	2001350	KS	Alma city	alma
place	2001425	KS	Almena city	almena
place	2001550	KS	Altamont city	altamont
place	2001575	KS	Alta Vista city	alta vista
place	2001600	KS	Alton city	alton
place	2001625	KS	Altoona city	altoona
place	2001675	KS	Americus city	americus
place	2001775	KS	Andale city	andale
place	2001800	KS	Andover city	andover
place	2001975	KS	Anthony city	anthony
place	2002175	KS	Arcadia city	arcadia
place	2002250	KS	Argonia city	argonia
place	2002300	KS	Arkansas City city	arkansas
place	2002325	KS	Arlington city	arlington
place	2002375	KS	Arma city	arma
place	2002675	KS	Ashland city	ashland
place	2002850	KS	Assaria city	assaria
place	2002900	KS	Atchison city	atchison
place	2003025	KS	Athol city	athol
place	2003050	KS	Atlanta city	atlanta
place	2003100	KS	Attica city	attica
place	2003150	KS	Atwood city	atwood
place	2003250	KS	Auburn city	auburn
place	2003300	KS	Augusta city	augusta
place	2003425	KS	Aurora city	aurora
place	2003600	KS	Axtell city	axtell
place	2003900	KS	Baldwin City city	baldwin
place	2004225	KS	Barnard city	barnard
place	2004250	KS	Barnes city	barnes
place	2004350	KS	Bartlett city	bartlett
place	2004400	KS	Basehor city	basehor
place	2004450	KS	Bassett city	bassett
place	2004625	KS	Baxter Springs city	baxter springs
place	2004775	KS	Bazine city	bazine
place	2004900	KS	Beattie city	beattie
place	2005337	KS	Bel Aire city	bel aire
place	2005500	KS	Belle Plaine city	belle plaine
place	2005600	KS	Belleville city	belleville
place	2005775	KS	Beloit city	beloit
place	2005825	KS	Belpre city	belpre
place	2005925	KS	Belvue city	belvue
place	2006000	KS	Benedict city	benedict
place	2006075	KS	Bennington city	bennington
place	2006125	KS	Bentley city	bentley
place	2006175	KS	Benton city	benton
place	2006275	KS	Bern city	bern
place	2006500	KS	Beverly city	beverly
place	2006825	KS	Bird City city	bird
place	2006950	KS	Bison city	bison
place	2007600	KS	Blue Mound city	blue mound
place	2007650	KS	Blue Rapids city	blue rapids
place	2007775	KS	Bluff City city	bluff
place	2007825	KS	Bogue city	bogue
place	2007975	KS	Bonner Springs city	bonner springs
place	2008425	KS	Brewster city	brewster
place	2008475	KS	Bronson city	bronson
place	2008575	KS	Brookville city	brookville
place	2008675	KS	Brownell city	brownell
place	2009000	KS	Bucklin city	bucklin
place	2009150	KS	Buffalo city	buffalo
place	2009200	KS	Buhler city	buhler
place	2009225	KS	Bunker Hill city	bunker hill
place	2009250	KS	Burden city	burden
place	2009275	KS	Burdett city	burdett
place	2009350	KS	Burlingame city	burlingame
place	2009400	KS	Burlington city	burlington
place	2009450	KS	Burns city	burns
place	2009525	KS	Burr Oak city	burr oak
place	2009575	KS	Burrton city	burrton
place	2009675	KS	Bushong city	bushong
place	2009700	KS	Bushton city	bushton
place	2009800	KS	Byers city	byers
place	2009900	KS	Caldwell city	caldwell
place	2010125	KS	Cambridge city	cambridge
place	2010375	KS	Caney city	caney
place	2010475	KS	Canton city	canton
place	2010600	KS	Carbondale city	carbondale
place	2010675	KS	Carlton city	carlton
place	2010925	KS	Cassoday city	cassoday
place	2011175	KS	Cawker City city	cawker
place	2011325	KS	Cedar city	cedar
place	2011425	KS	Cedar Point city	cedar point
place	2011450	KS	Cedar Vale city	cedar vale
place	2012425	KS	Centralia city	centralia
place	2012500	KS	Chanute city	chanute
place	2012550	KS	Chapman city	chapman
place	2012650	KS	Chase city	chase
place	2012675	KS	Chautauqua city	chautauqua
place	2012775	KS	Cheney city	cheney
place	2012825	KS	Cherokee city	cherokee
place	2012925	KS	Cherryvale city	cherryvale
place	2012950	KS	Chetopa city	chetopa
place	2013275	KS	Cimarron city	cimarron
place	2013375	KS	Circleville city	circleville
place	2013425	KS	Claflin city	claflin
place	2013625	KS	Clay Center city	clay center
place	2013675	KS	Clayton city	clayton
place	2013925	KS	Clearwater city	clearwater
place	2014200	KS	Clifton city	clifton
place	2014275	KS	Climax city	climax
place	2014475	KS	Clyde city	clyde
place	2014525	KS	Coats city	coats
place	2014600	KS	Coffeyville city	coffeyville
place	2014650	KS	Colby city	colby
place	2014700	KS	Coldwater city	coldwater
place	2014900	KS	Collyer city	collyer
place	2014950	KS	Colony city	colony
place	2015075	KS	Columbus city	columbus
place	2015100	KS	Colwich city	colwich
place	2015200	KS	Concordia city	concordia
place	2015325	KS	Conway Springs city	conway springs
place	2015400	KS	Coolidge city	coolidge
place	2015475	KS	Copeland city	copeland
place	2015725	KS	Corning city	corning
place	2015900	KS	Cottonwood Falls city	cottonwood falls
place	2015925	KS	Council Grove city	council grove
place	2016025	KS	Courtland city	courtland
place	2016150	KS	Coyville city	coyville
place	2016625	KS	Cuba city	cuba
place	2016675	KS	Cullison city	cullison
place	2016700	KS	Culver city	culver
place	2016775	KS	Cunningham city	cunningham
place	2016975	KS	Damar city	damar
place	2017000	KS	Danville city	danville
place	2017150	KS	Dearing city	dearing
place	2017225	KS	Deerfield city	deerfield
place	2017525	KS	Delia city	delia
place	2017600	KS	Delphos city	delphos
place	2017625	KS	Denison city	denison
place	2017750	KS	Denton city	denton
place	2017800	KS	Derby city	derby
place	2017850	KS	De Soto city	de soto
place	2017925	KS	Dexter city	dexter
place	2018050	KS	Dighton city	dighton
place	2018250	KS	Dodge City city	dodge
place	2018325	KS	Dorrance city	dorrance
place	2018400	KS	Douglass city	douglass
place	2018500	KS	Downs city	downs
place	2018600	KS	Dresden city	dresden
place	2018950	KS	Dunlap city	dunlap
place	2019050	KS	Durham city	durham
place	2019125	KS	Dwight city	dwight
place	2019275	KS	Earlton city	earlton
place	2019300	KS	Eastborough city	eastborough
place	2019600	KS	Easton city	easton
place	2019825	KS	Edgerton city	edgerton
place	2019875	KS	Edmond city	edmond
place	2019900	KS	Edna city	edna
place	2020000	KS	Edwardsville city	edwardsville
place	2020025	KS	Effingham city	effingham
place	2020050	KS	Elbing city	elbing
place	2020075	KS	El Dorado city	el dorado
place	2020125	KS	Elgin city	elgin
place	2020250	KS	Elk City city	elk
place	2020300	KS	Elk Falls city	elk falls
place	2020350	KS	Elkhart city	elkhart
place	2020425	KS	Ellinwood city	ellinwood
place	2020450	KS	Ellis city	ellis
place	2020500	KS	Ellsworth city	ellsworth
place	2020675	KS	Elmdale city	elmdale
place	2020875	KS	Elsmore city	elsmore
place	2020950	KS	Elwood city	elwood
place	2021100	KS	Emmett city	emmett
place	2021275	KS	Emporia city	emporia
place	2021350	KS	Englewood city	englewood
place	2021400	KS	Ensign city	ensign
place	2021425	KS	Enterprise city	enterprise
place	2021500	KS	Erie city	erie
place	2021600	KS	Esbon city	esbon
place	2021650	KS	Eskridge city	eskridge
place	2021675	KS	Eudora city	eudora
place	2021800	KS	Eureka city	eureka
place	2022025	KS	Everest city	everest
place	2022425	KS	Fairview city	fairview
place	2022700	KS	Fairway city	fairway
place	2022775	KS	Fall River city	fall river
place	2023600	KS	Florence city	florence
place	2023650	KS	Fontana city	fontana
place	2023725	KS	Ford city	ford
place	2023825	KS	Formoso city	formoso
place	2024000	KS	Fort Scott city	fort scott
place	2024175	KS	Fowler city	fowler
place	2024275	KS	Frankfort city	frankfort
place	2024550	KS	Frederick city	frederick
place	2024575	KS	Fredonia city	fredonia
place	2024850	KS	Frontenac city	frontenac
place	2024925	KS	Fulton city	fulton
place	2025050	KS	Galatia city	galatia
place	2025100	KS	Galena city	galena
place	2025150	KS	Galesburg city	galesburg
place	2025200	KS	Galva city	galva
place	2025325	KS	Garden City city	garden
place	2025375	KS	Garden Plain city	garden plain
place	2025425	KS	Gardner city	gardner
place	2025750	KS	Garfield city	garfield
place	2025925	KS	Garnett city	garnett
place	2025975	KS	Gas city	gas
place	2026000	KS	Gaylord city	gaylord
place	2026050	KS	Gem city	gem
place	2026075	KS	Geneseo city	geneseo
place	2026200	KS	Geuda Springs city	geuda springs
place	2026300	KS	Girard city	girard
place	2026325	KS	Glade city	glade
place	2026375	KS	Glasco city	glasco
place	2026500	KS	Glen Elder city	glen elder
place	2026725	KS	Goddard city	goddard
place	2026750	KS	Goessel city	goessel
place	2026775	KS	Goff city	goff
place	2026875	KS	Goodland city	goodland
place	2027000	KS	Gorham city	gorham
place	2027125	KS	Gove City city	gove
place	2027200	KS	Grainfield city	grainfield
place	2027425	KS	Grandview Plaza city	grandview plaza
place	2028300	KS	Great Bend city	great bend
place	2028350	KS	Greeley city	greeley
place	2028412	KS	Greeley County unified government (balance)	greeley county unified government balance
place	2028425	KS	Green city	green
place	2028625	KS	Greenleaf city	greenleaf
place	2028675	KS	Greensburg city	greensburg
place	2028800	KS	Grenola city	grenola
place	2028850	KS	Gridley city	gridley
place	2028900	KS	Grinnell city	grinnell
place	2029250	KS	Gypsum city	gypsum
place	2029400	KS	Haddam city	haddam
place	2029600	KS	Halstead city	halstead
place	2029675	KS	Hamilton city	hamilton
place	2029700	KS	Hamlin city	hamlin
place	2029875	KS	Hanover city	hanover
place	2029925	KS	Hanston city	hanston
place	2030000	KS	Hardtner city	hardtner
place	2030175	KS	Harper city	harper
place	2030475	KS	Hartford city	hartford
place	2030575	KS	Harveyville city	harveyville
place	2030700	KS	Havana city	havana
place	2030725	KS	Haven city	haven
place	2030775	KS	Havensville city	havensville
place	2030825	KS	Haviland city	haviland
place	2031100	KS	Hays city	hays
place	2031125	KS	Haysville city	haysville
place	2031150	KS	Hazelton city	hazelton
place	2031375	KS	Hepler city	hepler
place	2031400	KS	Herington city	herington
place	2031475	KS	Herndon city	herndon
place	2031600	KS	Hesston city	hesston
place	2031675	KS	Hiawatha city	hiawatha
place	2031850	KS	Highland city	highland
place	2032175	KS	Hill City city	hill
place	2032275	KS	Hillsboro city	hillsboro
place	2032550	KS	Hoisington city	hoisington
place	2032575	KS	Holcomb city	holcomb
place	2032650	KS	Hollenberg city	hollenberg
place	2032825	KS	Holton city	holton
place	2032850	KS	Holyrood city	holyrood
place	2033075	KS	Hope city	hope
place	2033150	KS	Horace city	horace
place	2033200	KS	Horton city	horton
place	2033250	KS	Howard city	howard
place	2033350	KS	Hoxie city	hoxie
place	2033375	KS	Hoyt city	hoyt
place	2033400	KS	Hudson city	hudson
place	2033425	KS	Hugoton city	hugoton
place	2033450	KS	Humboldt city	humboldt
place	2033500	KS	Hunnewell city	hunnewell
place	2033525	KS	Hunter city	hunter
place	2033575	KS	Huron city	huron
place	2033625	KS	Hutchinson city	hutchinson
place	2033875	KS	Independence city	independence
place	2034225	KS	Ingalls city	ingalls
place	2034275	KS	Inman city	inman
place	2034300	KS	Iola city	iola
place	2034550	KS	Isabel city	isabel
place	2034625	KS	Iuka city	iuka
place	2034975	KS	Jamestown city	jamestown
place	2035375	KS	Jennings city	jennings
place	2035450	KS	Jetmore city	jetmore
place	2035475	KS	Jewell city	jewell
place	2035600	KS	Johnson City city	johnson
place	2035750	KS	Junction City city	junction
place	2035950	KS	Kanopolis city	kanopolis
place	2035975	KS	Kanorado city	kanorado
place	2036000	KS	Kansas City city	kansas
place	2036225	KS	Kechi city	kechi
place	2036550	KS	Kensington city	kensington
place	2036875	KS	Kincaid city	kincaid
place	2036950	KS	Kingman city	kingman
place	2037075	KS	Kinsley city	kinsley
place	2037125	KS	Kiowa city	kiowa
place	2037275	KS	Kirwin city	kirwin
place	2037325	KS	Kismet city	kismet
place	2037375	KS	Labette city	labette
place	2037500	KS	La Crosse city	la crosse
place	2037575	KS	La Cygne city	la cygne
place	2037725	KS	La Harpe city	la harpe
place	2037975	KS	Lake Quivira city	lake quivira
place	2038175	KS	Lakin city	lakin
place	2038325	KS	Lancaster city	lancaster
place	2038400	KS	Lane city	lane
place	2038500	KS	Langdon city	langdon
place	2038650	KS	Lansing city	lansing
place	2038700	KS	Larned city	larned
place	2038775	KS	Latham city	latham
place	2038800	KS	Latimer city	latimer
place	2038900	KS	Lawrence city	lawrence
place	2039000	KS	Leavenworth city	leavenworth
place	2039075	KS	Leawood city	leawood
place	2039100	KS	Lebanon city	lebanon
place	2039125	KS	Lebo city	lebo
place	2039150	KS	Lecompton city	lecompton
place	2039225	KS	Lehigh city	lehigh
place	2039350	KS	Lenexa city	lenexa
place	2039400	KS	Lenora city	lenora
place	2039450	KS	Leon city	leon
place	2039475	KS	Leona city	leona
place	2039500	KS	Leonardville city	leonardville
place	2039550	KS	Leoti city	leoti
place	2039650	KS	LeRoy city	leroy
place	2039725	KS	Lewis city	lewis
place	2039825	KS	Liberal city	liberal
place	2040250	KS	Liberty city	liberty
place	2040400	KS	Liebenthal city	liebenthal
place	2041300	KS	Lincoln Center city	lincoln center
place	2041325	KS	Lincolnville city	lincolnville
place	2041375	KS	Lindsborg city	lindsborg
place	2041425	KS	Linn city	linn
place	2041465	KS	Linn Valley city	linn valley
place	2041475	KS	Linwood city	linwood
place	2041575	KS	Little River city	little river
place	2042100	KS	Logan city	logan
place	2042425	KS	Lone Elm city	lone elm
place	2042575	KS	Longford city	longford
place	2042600	KS	Long Island city	long island
place	2042650	KS	Longton city	longton
place	2042800	KS	Lorraine city	lorraine
place	2042825	KS	Lost Springs city	lost springs
place	2042875	KS	Louisburg city	louisburg
place	2042925	KS	Louisville city	louisville
place	2043150	KS	Lucas city	lucas
place	2043250	KS	Luray city	luray
place	2043350	KS	Lyndon city	lyndon
place	2043525	KS	Lyons city	lyons
place	2043700	KS	McCracken city	mccracken
place	2043725	KS	McCune city	mccune
place	2043750	KS	McDonald city	mcdonald
place	2043775	KS	McFarland city	mcfarland
place	2043850	KS	Macksville city	macksville
place	2043900	KS	McLouth city	mclouth
place	2043950	KS	McPherson city	mcpherson
place	2044050	KS	Madison city	madison
place	2044150	KS	Mahaska city	mahaska
place	2044200	KS	Maize city	maize
place	2044225	KS	Manchester city	manchester
place	2044250	KS	Manhattan city	manhattan
place	2044300	KS	Mankato city	mankato
place	2044375	KS	Manter city	manter
place	2044500	KS	Maple Hill city	maple hill
place	2044550	KS	Mapleton city	mapleton
place	2044750	KS	Marion city	marion
place	2044925	KS	Marquette city	marquette
place	2045050	KS	Marysville city	marysville
place	2045150	KS	Matfield Green city	matfield green
place	2045250	KS	Mayetta city	mayetta
place	2045275	KS	Mayfield city	mayfield
place	2045325	KS	Meade city	meade
place	2045500	KS	Medicine Lodge city	medicine lodge
place	2045700	KS	Melvern city	melvern
place	2045750	KS	Menlo city	menlo
place	2045950	KS	Meriden city	meriden
place	2046000	KS	Merriam city	merriam
place	2046450	KS	Milan city	milan
place	2046525	KS	Milford city	milford
place	2046950	KS	Miltonvale city	miltonvale
place	2047075	KS	Minneapolis city	minneapolis
place	2047150	KS	Minneola city	minneola
place	2047225	KS	Mission city	mission
place	2047350	KS	Mission Hills city	mission hills
place	2047425	KS	Mission Woods city	mission woods
place	2047600	KS	Moline city	moline
place	2047875	KS	Montezuma city	montezuma
place	2048125	KS	Moran city	moran
place	2048225	KS	Morganville city	morganville
place	2048275	KS	Morland city	morland
place	2048300	KS	Morrill city	morrill
place	2048450	KS	Morrowville city	morrowville
place	2048600	KS	Moscow city	moscow
place	2048750	KS	Mound City city	mound
place	2048800	KS	Moundridge city	moundridge
place	2048825	KS	Mound Valley city	mound valley
place	2048900	KS	Mount Hope city	mount hope
place	2049025	KS	Mulberry city	mulberry
place	2049075	KS	Mullinville city	mullinville
place	2049100	KS	Mulvane city	mulvane
place	2049150	KS	Munden city	munden
place	2049325	KS	Muscotah city	muscotah
place	2049350	KS	Narka city	narka
place	2049400	KS	Nashville city	nashville
place	2049425	KS	Natoma city	natoma
place	2049650	KS	Neodesha city	neodesha
place	2049825	KS	Neosho Falls city	neosho falls
place	2049875	KS	Neosho Rapids city	neosho rapids
place	2049925	KS	Ness City city	ness
place	2049950	KS	Netawaka city	netawaka
place	2050150	KS	New Albany city	new albany
place	2050300	KS	New Cambria city	new cambria
place	2050450	KS	New Strawn city	new strawn
place	2050475	KS	Newton city	newton
place	2050525	KS	Nickerson city	nickerson
place	2050750	KS	Niotaze city	niotaze
place	2050925	KS	Norcatur city	norcatur
place	2051225	KS	North Newton city	north newton
place	2051500	KS	Norton city	norton
place	2051525	KS	Nortonville city	nortonville
place	2051600	KS	Norwich city	norwich
place	2051700	KS	Oak Hill city	oak hill
place	2051825	KS	Oakley city	oakley
place	2052000	KS	Oberlin city	oberlin
place	2052200	KS	Offerle city	offerle
place	2052275	KS	Ogden city	ogden
place	2052525	KS	Oketo city	oketo
place	2052575	KS	Olathe city	olathe
place	2052700	KS	Olivet city	olivet
place	2052750	KS	Olmitz city	olmitz
place	2052800	KS	Olpe city	olpe
place	2052825	KS	Olsburg city	olsburg
place	2052875	KS	Onaga city	onaga
place	2052900	KS	Oneida city	oneida
place	2053200	KS	Osage City city	osage
place	2053225	KS	Osawatomie city	osawatomie
place	2053325	KS	Osborne city	osborne
place	2053375	KS	Oskaloosa city	oskaloosa
place	2053450	KS	Oswego city	oswego
place	2053525	KS	Otis city	otis
place	2053550	KS	Ottawa city	ottawa
place	2053725	KS	Overbrook city	overbrook
place	2053775	KS	Overland Park city	overland park
place	2053850	KS	Oxford city	oxford
place	2053925	KS	Ozawkie city	ozawkie
place	2054125	KS	Palco city	palco
place	2054200	KS	Palmer city	palmer
place	2054250	KS	Paola city	paola
place	2054325	KS	Paradise city	paradise
place	2054400	KS	Park city	park
place	2054450	KS	Park City city	park
place	2054500	KS	Parker city	parker
place	2054560	KS	Parkerfield city	parkerfield
place	2054575	KS	Parkerville city	parkerville
place	2054675	KS	Parsons city	parsons
place	2054700	KS	Partridge city	partridge
place	2054875	KS	Pawnee Rock city	pawnee rock
place	2054950	KS	Paxico city	paxico
place	2055100	KS	Peabody city	peabody
place	2055225	KS	Penalosa city	penalosa
place	2055450	KS	Perry city	perry
place	2055525	KS	Peru city	peru
place	2055675	KS	Phillipsburg city	phillipsburg
place	2056025	KS	Pittsburg city	pittsburg
place	2056100	KS	Plains city	plains
place	2056150	KS	Plainville city	plainville
place	2056450	KS	Pleasanton city	pleasanton
place	2056725	KS	Plevna city	plevna
place	2057000	KS	Pomona city	pomona
place	2057100	KS	Portis city	portis
place	2057300	KS	Potwin city	potwin
place	2057350	KS	Powhattan city	powhattan
place	2057525	KS	Prairie View city	prairie view
place	2057575	KS	Prairie Village city	prairie
place	2057625	KS	Pratt city	pratt
place	2057650	KS	Prescott city	prescott
place	2057675	KS	Preston city	preston
place	2057700	KS	Pretty Prairie city	pretty prairie
place	2057725	KS	Princeton city	princeton
place	2057850	KS	Protection city	protection
place	2058100	KS	Quenemo city	quenemo
place	2058250	KS	Quinter city	quinter
place	2058300	KS	Radium city	radium
place	2058375	KS	Ramona city	ramona
place	2058450	KS	Randall city	randall
place	2058475	KS	Randolph city	randolph
place	2058500	KS	Ransom city	ransom
place	2058525	KS	Rantoul city	rantoul
place	2058550	KS	Raymond city	raymond
place	2058600	KS	Reading city	reading
place	2058725	KS	Redfield city	redfield
place	2059000	KS	Republic city	republic
place	2059050	KS	Reserve city	reserve
place	2059125	KS	Rexford city	rexford
place	2059200	KS	Richfield city	richfield
place	2059675	KS	Richmond city	richmond
place	2059875	KS	Riley city	riley
place	2060325	KS	Robinson city	robinson
place	2060825	KS	Roeland Park city	roeland park
place	2060900	KS	Rolla city	rolla
place	2061250	KS	Rose Hill city	rose hill
place	2061275	KS	Roseland city	roseland
place	2061400	KS	Rossville city	rossville
place	2061600	KS	Rozel city	rozel
place	2061775	KS	Rush Center city	rush center
place	2061825	KS	Russell city	russell
place	2061875	KS	Russell Springs city	russell springs
place	2062025	KS	Sabetha city	sabetha
place	2062175	KS	St. Francis city	st francis
place	2062200	KS	St. George city	st george
place	2062275	KS	St. John city	st john
place	2062400	KS	St. Marys city	st marys
place	2062500	KS	St. Paul city	st paul
place	2062700	KS	Salina city	salina
place	2063150	KS	Satanta city	satanta
place	2063200	KS	Savonburg city	savonburg
place	2063275	KS	Sawyer city	sawyer
place	2063325	KS	Scammon city	scammon
place	2063350	KS	Scandia city	scandia
place	2063425	KS	Schoenchen city	schoenchen
place	2063600	KS	Scott City city	scott
place	2063650	KS	Scottsville city	scottsville
place	2063675	KS	Scranton city	scranton
place	2063750	KS	Sedan city	sedan
place	2063800	KS	Sedgwick city	sedgwick
place	2063875	KS	Selden city	selden
place	2063950	KS	Seneca city	seneca
place	2064025	KS	Severance city	severance
place	2064050	KS	Severy city	severy
place	2064100	KS	Seward city	seward
place	2064325	KS	Sharon city	sharon
place	2064375	KS	Sharon Springs city	sharon springs
place	2064500	KS	Shawnee city	shawnee
place	2065600	KS	Silver Lake city	silver lake
place	2065650	KS	Simpson city	simpson
place	2065925	KS	Smith Center city	smith center
place	2066100	KS	Smolan city	smolan
place	2066175	KS	Soldier city	soldier
place	2066275	KS	Solomon city	solomon
place	2066650	KS	South Haven city	south haven
place	2066750	KS	South Hutchinson city	south hutchinson
place	2067125	KS	Spearville city	spearville
place	2067175	KS	Speed city	speed
place	2067250	KS	Spivey city	spivey
place	2067625	KS	Spring Hill city	spring hill
place	2067775	KS	Stafford city	stafford
place	2068025	KS	Stark city	stark
place	2068200	KS	Sterling city	sterling
place	2068350	KS	Stockton city	stockton
place	2068650	KS	Strong City city	strong
place	2068775	KS	Sublette city	sublette
place	2068950	KS	Summerfield city	summerfield
place	2069275	KS	Sun City city	sun
place	2069525	KS	Susank city	susank
place	2069775	KS	Sylvan Grove city	sylvan grove
place	2069800	KS	Sylvia city	sylvia
place	2069850	KS	Syracuse city	syracuse
place	2070000	KS	Tampa city	tampa
place	2070250	KS	Tescott city	tescott
place	2070300	KS	Thayer city	thayer
place	2070357	KS	The Highlands city	the highlands
place	2070625	KS	Timken city	timken
place	2070675	KS	Tipton city	tipton
place	2070800	KS	Tonganoxie city	tonganoxie
place	2071000	KS	Topeka city	topeka
place	2071050	KS	Toronto city	toronto
place	2071125	KS	Towanda city	towanda
place	2071450	KS	Tribune city	tribune
place	2071575	KS	Troy city	troy
place	2071800	KS	Turon city	turon
place	2071925	KS	Tyro city	tyro
place	2071950	KS	Udall city	udall
place	2071975	KS	Ulysses city	ulysses
place	2072525	KS	Uniontown city	uniontown
place	2072650	KS	Utica city	utica
place	2073250	KS	Valley Center city	valley center
place	2073300	KS	Valley Falls city	valley falls
place	2073525	KS	Vermillion city	vermillion
place	2073775	KS	Victoria city	victoria
place	2073950	KS	Vining city	vining
place	2074025	KS	Viola city	viola
place	2074075	KS	Virgil city	virgil
place	2074450	KS	WaKeeney city	wakeeney
place	2074525	KS	Wakefield city	wakefield
place	2074575	KS	Waldo city	waldo
place	2074625	KS	Waldron city	waldron
place	2074750	KS	Wallace city	wallace
place	2074950	KS	Walnut city	walnut
place	2075200	KS	Walton city	walton
place	2075325	KS	Wamego city	wamego
place	2075825	KS	Washington city	washington
place	2075950	KS	Waterville city	waterville
place	2076000	KS	Wathena city	wathena
place	2076050	KS	Waverly city	waverly
place	2076250	KS	Webber city	webber
place	2076350	KS	Weir city	weir
place	2076475	KS	Wellington city	wellington
place	2076625	KS	Wellsville city	wellsville
place	2077150	KS	West Mineral city	west mineral
place	2077200	KS	Westmoreland city	westmoreland
place	2077250	KS	Westphalia city	westphalia
place	2077500	KS	Westwood city	westwood
place	2077525	KS	Westwood Hills city	westwood hills
place	2077550	KS	Wetmore city	wetmore
place	2077700	KS	Wheaton city	wheaton
place	2077825	KS	White City city	white
place	2077850	KS	White Cloud city	white cloud
place	2078050	KS	Whitewater city	whitewater
place	2078100	KS	Whiting city	whiting
place	2079000	KS	Wichita city	wichita
place	2079250	KS	Willard city	willard
place	2079300	KS	Williamsburg city	williamsburg
place	2079400	KS	Willis city	willis
place	2079425	KS	Willowbrook city	willowbrook
place	2079550	KS	Wilmore city	wilmore
place	2079650	KS	Wilsey city	wilsey
place	2079675	KS	Wilson city	wilson
place	2079800	KS	Winchester city	winchester
place	2079850	KS	Windom city	windom
place	2079950	KS	Winfield city	winfield
place	2080075	KS	Winona city	winona
place	2080350	KS	Woodbine city	woodbine
place	2080450	KS	Woodston city	woodston
place	2080700	KS	Yates Center city	yates center
place	2080925	KS	Zenda city	zenda
place	2081025	KS	Zurich city	zurich
place	2100298	KY	Adairville city	adairville
place	2100694	KY	Albany city	albany
place	2100802	KY	Alexandria city	alexandria
place	2100946	KY	Allen city	allen
place	2101504	KY	Anchorage city	anchorage
place	2102044	KY	Arlington city	arlington
place	2102368	KY	Ashland city	ashland
place	2102638	KY	Auburn city	auburn
place	2102656	KY	Audubon Park city	audubon park
place	2102674	KY	Augusta city	augusta
place	2103376	KY	Bancroft city	bancroft
place	2103556	KY	Barbourmeade city	barbourmeade
place	2103574	KY	Barbourville city	barbourville
place	2103628	KY	Bardstown city	bardstown
place	2103664	KY	Bardwell city	bardwell
place	2103718	KY	Barlow city	barlow
place	2104546	KY	Beattyville city	beattyville
place	2104654	KY	Beaver Dam city	beaver dam
place	2104816	KY	Bedford city	bedford
place	2105068	KY	Beechwood Village city	beechwood
place	2105374	KY	Bellefonte city	bellefonte
place	2105392	KY	Bellemeade city	bellemeade
place	2105446	KY	Bellevue city	bellevue
place	2105464	KY	Bellewood city	bellewood
place	2105662	KY	Benham city	benham
place	2105824	KY	Benton city	benton
place	2105842	KY	Berea city	berea
place	2105968	KY	Berry city	berry
place	2107264	KY	Blaine city	blaine
place	2107390	KY	Blandville city	blandville
place	2107516	KY	Bloomfield city	bloomfield
place	2107858	KY	Blue Ridge Manor city	blue ridge manor
place	2108488	KY	Bonnieville city	bonnieville
place	2108614	KY	Booneville city	booneville
place	2108902	KY	Bowling Green city	bowling green
place	2109100	KY	Bradfordsville city	bradfordsville
place	2109226	KY	Brandenburg city	brandenburg
place	2109406	KY	Bremen city	bremen
place	2109532	KY	Briarwood city	briarwood
place	2109838	KY	Brodhead city	brodhead
place	2109847	KY	Broeck Pointe city	broeck pointe
place	2109856	KY	Bromley city	bromley
place	2110000	KY	Brooksville city	brooksville
place	2110162	KY	Brownsboro Farm city	brownsboro farm
place	2110198	KY	Brownsboro Village city	brownsboro
place	2110324	KY	Brownsville city	brownsville
place	2110612	KY	Buckhorn city	buckhorn
place	2111044	KY	Burgin city	burgin
place	2111098	KY	Burkesville city	burkesville
place	2111278	KY	Burnside city	burnside
place	2111530	KY	Butler city	butler
place	2111692	KY	Cadiz city	cadiz
place	2111854	KY	Calhoun city	calhoun
place	2111872	KY	California city	california
place	2112016	KY	Calvert City city	calvert
place	2112052	KY	Camargo city	camargo
place	2112066	KY	Cambridge city	cambridge
place	2112142	KY	Campbellsburg city	campbellsburg
place	2112160	KY	Campbellsville city	campbellsville
place	2112358	KY	Campton city	campton
place	2112538	KY	Caneyville city	caneyville
place	2112898	KY	Carlisle city	carlisle
place	2113024	KY	Carrollton city	carrollton
place	2113060	KY	Carrsville city	carrsville
place	2113420	KY	Catlettsburg city	catlettsburg
place	2113492	KY	Cave City city	cave
place	2113870	KY	Centertown city	centertown
place	2113978	KY	Central City city	central
place	2115148	KY	Clarkson city	clarkson
place	2115202	KY	Clay city	clay
place	2115238	KY	Clay City city	clay
place	2115742	KY	Clinton city	clinton
place	2115904	KY	Cloverport city	cloverport
place	2116110	KY	Coal Run Village city	coal run
place	2116372	KY	Cold Spring city	cold spring
place	2116395	KY	Coldstream city	coldstream
place	2116750	KY	Columbia city	columbia
place	2116768	KY	Columbus city	columbus
place	2116894	KY	Concord city	concord
place	2117362	KY	Corbin city	corbin
place	2117434	KY	Corinth city	corinth
place	2117686	KY	Corydon city	corydon
place	2117848	KY	Covington city	covington
place	2117956	KY	Crab Orchard city	crab orchard
place	2118270	KY	Creekside city	creekside
place	2118352	KY	Crescent Springs city	crescent springs
place	2118424	KY	Crestview city	crestview
place	2118442	KY	Crestview Hills city	crestview hills
place	2118496	KY	Crestwood city	crestwood
place	2118568	KY	Crittenden city	crittenden
place	2118658	KY	Crofton city	crofton
place	2118766	KY	Crossgate city	crossgate
place	2119108	KY	Cumberland city	cumberland
place	2119432	KY	Cynthiana city	cynthiana
place	2119882	KY	Danville city	danville
place	2120224	KY	Dawson Springs city	dawson springs
place	2120350	KY	Dayton city	dayton
place	2121682	KY	Dixon city	dixon
place	2122204	KY	Douglass Hills city	douglass hills
place	2122222	KY	Dover city	dover
place	2122348	KY	Drakesboro city	drakesboro
place	2122474	KY	Druid Hills city	druid hills
place	2122582	KY	Dry Ridge city	dry ridge
place	2123230	KY	Earlington city	earlington
place	2123824	KY	Eddyville city	eddyville
place	2123932	KY	Edgewood city	edgewood
place	2123968	KY	Edmonton city	edmonton
place	2124094	KY	Ekron city	ekron
place	2124274	KY	Elizabethtown city	elizabethtown
place	2124382	KY	Elkhorn City city	elkhorn
place	2124400	KY	Elkton city	elkton
place	2124778	KY	Elsmere city	elsmere
place	2124904	KY	Eminence city	eminence
place	2125300	KY	Erlanger city	erlanger
place	2125552	KY	Eubank city	eubank
place	2125606	KY	Evarts city	evarts
place	2125786	KY	Ewing city	ewing
place	2126020	KY	Fairfield city	fairfield
place	2126236	KY	Fairview city	fairview
place	2126434	KY	Falmouth city	falmouth
place	2127010	KY	Ferguson city	ferguson
place	2127262	KY	Fincastle city	fincastle
place	2127802	KY	Flatwoods city	flatwoods
place	2127846	KY	Fleming-Neon city	fleming neon
place	2127856	KY	Flemingsburg city	flemingsburg
place	2127982	KY	Florence city	florence
place	2128270	KY	Fordsville city	fordsville
place	2128342	KY	Forest Hills city	forest hills
place	2128558	KY	Fort Mitchell city	fort mitchell
place	2128594	KY	Fort Thomas city	fort thomas
place	2128612	KY	Fort Wright city	fort wright
place	2128666	KY	Fountain Run city	fountain run
place	2128785	KY	Fox Chase city	fox chase
place	2128900	KY	Frankfort city	frankfort
place	2128918	KY	Franklin city	franklin
place	2129080	KY	Fredonia city	fredonia
place	2129260	KY	Frenchburg city	frenchburg
place	2129566	KY	Fulton city	fulton
place	2129872	KY	Gamaliel city	gamaliel
place	2130700	KY	Georgetown city	georgetown
place	2130718	KY	Germantown city	germantown
place	2130808	KY	Ghent city	ghent
place	2131114	KY	Glasgow city	glasgow
place	2131204	KY	Glencoe city	glencoe
place	2131348	KY	Glenview city	glenview
place	2131402	KY	Glenview Hills city	glenview hills
place	2131420	KY	Glenview Manor city	glenview manor
place	2131870	KY	Goose Creek city	goose creek
place	2131960	KY	Goshen city	goshen
place	2132212	KY	Grand Rivers city	grand rivers
place	2132428	KY	Gratz city	gratz
place	2132523	KY	Graymoor-Devondale city	graymoor devondale
place	2132572	KY	Grayson city	grayson
place	2132968	KY	Greensburg city	greensburg
place	2132986	KY	Green Spring city	green spring
place	2133004	KY	Greenup city	greenup
place	2133022	KY	Greenville city	greenville
place	2133562	KY	Guthrie city	guthrie
place	2134390	KY	Hanson city	hanson
place	2134534	KY	Hardin city	hardin
place	2134552	KY	Hardinsburg city	hardinsburg
place	2134732	KY	Harlan city	harlan
place	2134966	KY	Harrodsburg city	harrodsburg
place	2135020	KY	Hartford city	hartford
place	2135200	KY	Hawesville city	hawesville
place	2135362	KY	Hazard city	hazard
place	2135380	KY	Hazel city	hazel
place	2135545	KY	Hebron Estates city	hebron estates
place	2135866	KY	Henderson city	henderson
place	2136102	KY	Heritage Creek city	heritage creek
place	2136298	KY	Hickman city	hickman
place	2136374	KY	Hickory Hill city	hickory hill
place	2136604	KY	Highland Heights city	highland heights
place	2136865	KY	Hills and Dales city	hills and dales
place	2136982	KY	Hillview city	hillview
place	2137108	KY	Hindman city	hindman
place	2137396	KY	Hodgenville city	hodgenville
place	2137576	KY	Hollow Creek city	hollow creek
place	2137630	KY	Hollyvilla city	hollyvilla
place	2137918	KY	Hopkinsville city	hopkinsville
place	2138008	KY	Horse Cave city	horse cave
place	2138170	KY	Houston Acres city	houston acres
place	2138670	KY	Hunters Hollow city	hunters hollow
place	2138814	KY	Hurstbourne city	hurstbourne
place	2138818	KY	Hurstbourne Acres city	hurstbourne acres
place	2138836	KY	Hustonville city	hustonville
place	2138908	KY	Hyden city	hyden
place	2139142	KY	Independence city	independence
place	2139304	KY	Indian Hills city	indian hills
place	2139430	KY	Inez city	inez
place	2139646	KY	Irvine city	irvine
place	2139664	KY	Irvington city	irvington
place	2139700	KY	Island city	island
place	2139952	KY	Jackson city	jackson
place	2140114	KY	Jamestown city	jamestown
place	2140222	KY	Jeffersontown city	jeffersontown
place	2140240	KY	Jeffersonville city	jeffersonville
place	2140312	KY	Jenkins city	jenkins
place	2141338	KY	Junction City city	junction
place	2141716	KY	Keene city	keene
place	2142094	KY	Kenton Vale city	kenton vale
place	2142292	KY	Kevil city	kevil
place	2142598	KY	Kingsley city	kingsley
place	2143264	KY	Kuttawa city	kuttawa
place	2143336	KY	La Center city	la center
place	2143444	KY	LaFayette city	lafayette
place	2143480	KY	La Grange city	la grange
place	2143606	KY	Lakeside Park city	lakeside park
place	2143668	KY	Lakeview Heights city	lakeview heights
place	2143840	KY	Lancaster city	lancaster
place	2143900	KY	Langdon Place city	langdon place
place	2144146	KY	Lawrenceburg city	lawrenceburg
place	2144344	KY	Lebanon city	lebanon
place	2144362	KY	Lebanon Junction city	lebanon junction
place	2144686	KY	Leitchfield city	leitchfield
place	2145064	KY	Lewisburg city	lewisburg
place	2145136	KY	Lewisport city	lewisport
place	2146027	KY	Lexington-Fayette urban county	lexington fayette urban
place	2146072	KY	Liberty city	liberty
place	2146540	KY	Lincolnshire city	lincolnshire
place	2147062	KY	Livermore city	livermore
place	2147098	KY	Livingston city	livingston
place	2147476	KY	London city	london
place	2147710	KY	Loretto city	loretto
place	2147854	KY	Louisa city	louisa
place	2148000	KY	Louisville city	louisville
place	2148006	KY	Louisville/Jefferson County metro government (balance)	louisville jefferson county metro government balance
place	2148288	KY	Loyall city	loyall
place	2148378	KY	Ludlow city	ludlow
place	2148540	KY	Lynch city	lynch
place	2148558	KY	Lyndon city	lyndon
place	2148648	KY	Lynnview city	lynnview
place	2149098	KY	McHenry city	mchenry
place	2149116	KY	McKee city	mckee
place	2149206	KY	Mackville city	mackville
place	2149368	KY	Madisonville city	madisonville
place	2149656	KY	Manchester city	manchester
place	2149800	KY	Manor Creek city	manor creek
place	2150034	KY	Marion city	marion
place	2150286	KY	Martin city	martin
place	2150412	KY	Maryhill Estates city	maryhill estates
place	2150898	KY	Mayfield city	mayfield
place	2151024	KY	Maysville city	maysville
place	2151193	KY	Meadowbrook Farm city	meadowbrook farm
place	2151258	KY	Meadow Vale city	meadow vale
place	2151294	KY	Meadowview Estates city	meadowview estates
place	2151438	KY	Melbourne city	melbourne
place	2151564	KY	Mentor city	mentor
place	2151924	KY	Middlesborough city	middlesborough
place	2151978	KY	Middletown city	middletown
place	2152140	KY	Midway city	midway
place	2152302	KY	Millersburg city	millersburg
place	2152590	KY	Milton city	milton
place	2152842	KY	Mockingbird Valley city	mockingbird valley
place	2153076	KY	Monterey city	monterey
place	2153130	KY	Monticello city	monticello
place	2153328	KY	Moorland city	moorland
place	2153418	KY	Morehead city	morehead
place	2153472	KY	Morganfield city	morganfield
place	2153490	KY	Morgantown city	morgantown
place	2153616	KY	Mortons Gap city	mortons gap
place	2153976	KY	Mount Olivet city	mount olivet
place	2154084	KY	Mount Sterling city	mount sterling
place	2154174	KY	Mount Vernon city	mount vernon
place	2154228	KY	Mount Washington city	mount washington
place	2154480	KY	Muldraugh city	muldraugh
place	2154570	KY	Munfordville city	munfordville
place	2154642	KY	Murray city	murray
place	2154660	KY	Murray Hill city	murray hill
place	2155092	KY	Nebo city	nebo
place	2155596	KY	New Castle city	new castle
place	2155758	KY	New Haven city	new haven
place	2155884	KY	Newport city	newport
place	2156136	KY	Nicholasville city	nicholasville
place	2156550	KY	Norbourne Estates city	norbourne estates
place	2156730	KY	Northfield city	northfield
place	2156820	KY	North Middletown city	north middletown
place	2156910	KY	Nortonville city	nortonville
place	2156928	KY	Norwood city	norwood
place	2157090	KY	Oak Grove city	oak grove
place	2157144	KY	Oakland city	oakland
place	2157658	KY	Old Brownsboro Place city	old brownsboro place
place	2157918	KY	Olive Hill city	olive hill
place	2158200	KY	Orchard Grass Hills city	orchard grass hills
place	2158620	KY	Owensboro city	owensboro
place	2158692	KY	Owenton city	owenton
place	2158710	KY	Owingsville city	owingsville
place	2158836	KY	Paducah city	paducah
place	2158962	KY	Paintsville city	paintsville
place	2159196	KY	Paris city	paris
place	2159232	KY	Park City city	park
place	2159255	KY	Park Hills city	park hills
place	2159322	KY	Parkway Village city	parkway
place	2159934	KY	Pembroke city	pembroke
place	2160258	KY	Perryville city	perryville
place	2160492	KY	Pewee Valley city	pewee valley
place	2160852	KY	Pikeville city	pikeville
place	2161248	KY	Pineville city	pineville
place	2161356	KY	Pioneer Village city	pioneer
place	2161374	KY	Pippa Passes city	pippa passes
place	2161554	KY	Plantation city	plantation
place	2161788	KY	Pleasureville city	pleasureville
place	2161860	KY	Plum Springs city	plum springs
place	2162370	KY	Poplar Hills city	poplar hills
place	2162652	KY	Powderly city	powderly
place	2162940	KY	Prestonsburg city	prestonsburg
place	2162958	KY	Prestonville city	prestonville
place	2163138	KY	Princeton city	princeton
place	2163264	KY	Prospect city	prospect
place	2163372	KY	Providence city	providence
place	2163858	KY	Raceland city	raceland
place	2163912	KY	Radcliff city	radcliff
place	2164092	KY	Ravenna city	ravenna
place	2164146	KY	Raywick city	raywick
place	2165208	KY	Richlawn city	richlawn
place	2165226	KY	Richmond city	richmond
place	2165559	KY	River Bluff city	river bluff
place	2165766	KY	Riverwood city	riverwood
place	2165874	KY	Robards city	robards
place	2165982	KY	Rochester city	rochester
place	2166216	KY	Rockport city	rockport
place	2166486	KY	Rolling Fields city	rolling fields
place	2166504	KY	Rolling Hills city	rolling hills
place	2167458	KY	Russell city	russell
place	2167494	KY	Russell Springs city	russell springs
place	2167512	KY	Russellville city	russellville
place	2167602	KY	Ryland Heights city	ryland heights
place	2167638	KY	Sacramento city	sacramento
place	2167656	KY	Sadieville city	sadieville
place	2167710	KY	St. Charles city	st charles
place	2167890	KY	St. Mary city	st mary
place	2167944	KY	St. Matthews city	st matthews
place	2167998	KY	St. Regis Park city	st regis park
place	2168052	KY	Salem city	salem
place	2168160	KY	Salt Lick city	salt lick
place	2168232	KY	Salyersville city	salyersville
place	2168358	KY	Sanders city	sanders
place	2168556	KY	Sandy Hook city	sandy hook
place	2168646	KY	Sardis city	sardis
place	2168952	KY	Science Hill city	science hill
place	2169114	KY	Scottsville city	scottsville
place	2169222	KY	Sebree city	sebree
place	2169384	KY	Seneca Gardens city	seneca gardens
place	2169852	KY	Sharpsburg city	sharpsburg
place	2170050	KY	Shelbyville city	shelbyville
place	2170086	KY	Shepherdsville city	shepherdsville
place	2170284	KY	Shively city	shively
place	2170644	KY	Silver Grove city	silver grove
place	2170752	KY	Simpsonville city	simpsonville
place	2171130	KY	Slaughters city	slaughters
place	2171364	KY	Smithfield city	smithfield
place	2171382	KY	Smithland city	smithland
place	2171454	KY	Smiths Grove city	smiths grove
place	2171688	KY	Somerset city	somerset
place	2171724	KY	Sonora city	sonora
place	2171814	KY	South Carrollton city	south carrollton
place	2171976	KY	Southgate city	southgate
place	2172138	KY	South Park View city	south park view
place	2172210	KY	South Shore city	south shore
place	2172372	KY	Sparta city	sparta
place	2172660	KY	Springfield city	springfield
place	2172770	KY	Spring Mill city	spring mill
place	2172790	KY	Spring Valley city	spring valley
place	2173038	KY	Stamping Ground city	stamping ground
place	2173110	KY	Stanford city	stanford
place	2173164	KY	Stanton city	stanton
place	2174064	KY	Strathmoor Manor city	strathmoor manor
place	2174082	KY	Strathmoor Village city	strathmoor
place	2174316	KY	Sturgis city	sturgis
place	2175190	KY	Sycamore city	sycamore
place	2175738	KY	Taylor Mill city	taylor mill
place	2175810	KY	Taylorsville city	taylorsville
place	2175963	KY	Ten Broeck city	ten broeck
place	2176380	KY	Thornhill city	thornhill
place	2177160	KY	Tompkinsville city	tompkinsville
place	2177592	KY	Trenton city	trenton
place	2178384	KY	Union city	union
place	2178492	KY	Uniontown city	uniontown
place	2178672	KY	Upton city	upton
place	2179068	KY	Vanceburg city	vanceburg
place	2179482	KY	Versailles city	versailles
place	2179590	KY	Vicco city	vicco
place	2179698	KY	Villa Hills city	villa hills
place	2179734	KY	Vine Grove city	vine grove
place	2180490	KY	Walton city	walton
place	2180616	KY	Warfield city	warfield
place	2180706	KY	Warsaw city	warsaw
place	2180913	KY	Watterson Park city	watterson park
place	2180958	KY	Waverly city	waverly
place	2181012	KY	Wayland city	wayland
place	2181372	KY	Wellington city	wellington
place	2181624	KY	West Buechel city	west buechel
place	2181858	KY	West Liberty city	west liberty
place	2181930	KY	West Point city	west point
place	2182164	KY	Westwood city	westwood
place	2182200	KY	Wheatcroft city	wheatcroft
place	2182272	KY	Wheelwright city	wheelwright
place	2182722	KY	White Plains city	white plains
place	2182776	KY	Whitesburg city	whitesburg
place	2182830	KY	Whitesville city	whitesville
place	2183064	KY	Wickliffe city	wickliffe
place	2183172	KY	Wilder city	wilder
place	2183208	KY	Wildwood city	wildwood
place	2183334	KY	Williamsburg city	williamsburg
place	2183406	KY	Williamstown city	williamstown
place	2183424	KY	Willisburg city	willisburg
place	2183550	KY	Wilmore city	wilmore
place	2183676	KY	Winchester city	winchester
place	2183784	KY	Windy Hills city	windy hills
place	2183856	KY	Wingo city	wingo
place	2184414	KY	Woodburn city	woodburn
place	2184432	KY	Woodbury city	woodbury
place	2184486	KY	Woodland Hills city	woodland hills
place	2184522	KY	Woodlawn city	woodlawn
place	2184576	KY	Woodlawn Park city	woodlawn park
place	2184864	KY	Worthington city	worthington
place	2184891	KY	Worthington Hills city	worthington hills
place	2184900	KY	Worthville city	worthville
place	2185008	KY	Wurtland city	wurtland
place	2200100	LA	Abbeville city	abbeville
place	2200240	LA	Abita Springs town	abita springs
place	2200415	LA	Addis town	addis
place	2200835	LA	Albany town	albany
place	2200975	LA	Alexandria city	alexandria
place	2201885	LA	Amite City town	amite
place	2201920	LA	Anacoco village	anacoco
place	2202165	LA	Angie village	angie
place	2202655	LA	Arcadia town	arcadia
place	2203110	LA	Arnaudville town	arnaudville
place	2203145	LA	Ashland village	ashland
place	2203320	LA	Athens village	athens
place	2203390	LA	Atlanta village	atlanta
place	2203985	LA	Baker city	baker
place	2204020	LA	Baldwin town	baldwin
place	2204055	LA	Ball town	ball
place	2204580	LA	Basile town	basile
place	2204615	LA	Baskin village	baskin
place	2204685	LA	Bastrop city	bastrop
place	2205000	LA	Baton Rouge city	baton rouge
place	2205945	LA	Belcher village	belcher
place	2206925	LA	Benton town	benton
place	2207030	LA	Bernice town	bernice
place	2207100	LA	Berwick town	berwick
place	2207205	LA	Bienville village	bienville
place	2207730	LA	Blanchard town	blanchard
place	2208150	LA	Bogalusa city	bogalusa
place	2208535	LA	Bonita village	bonita
place	2208920	LA	Bossier City city	bossier
place	2209165	LA	Boyce town	boyce
place	2209340	LA	Breaux Bridge city	breaux bridge
place	2210075	LA	Broussard city	broussard
place	2210600	LA	Brusly town	brusly
place	2210705	LA	Bryceland village	bryceland
place	2210950	LA	Bunkie city	bunkie
place	2211930	LA	Calvin village	calvin
place	2212280	LA	Campti town	campti
place	2212420	LA	Cankton village	cankton
place	2212665	LA	Carencro city	carencro
place	2213260	LA	Castor village	castor
place	2213960	LA	Central city	central
place	2214450	LA	Chataignier village	chataignier
place	2214485	LA	Chatham town	chatham
place	2214660	LA	Cheneyville town	cheneyville
place	2215290	LA	Choudrant village	choudrant
place	2215465	LA	Church Point town	church point
place	2215745	LA	Clarence village	clarence
place	2215780	LA	Clarks village	clarks
place	2215850	LA	Clayton town	clayton
place	2215990	LA	Clinton town	clinton
place	2216375	LA	Colfax town	colfax
place	2216655	LA	Collinston village	collinston
place	2216830	LA	Columbia town	columbia
place	2217215	LA	Converse village	converse
place	2217880	LA	Cottonport town	cottonport
place	2217915	LA	Cotton Valley town	cotton valley
place	2218055	LA	Coushatta town	coushatta
place	2218125	LA	Covington city	covington
place	2218295	LA	Creola village	creola
place	2218650	LA	Crowley city	crowley
place	2218790	LA	Cullen town	cullen
place	2220155	LA	Delcambre town	delcambre
place	2220190	LA	Delhi town	delhi
place	2220330	LA	Delta village	delta
place	2220435	LA	Denham Springs city	denham springs
place	2220575	LA	DeQuincy city	dequincy
place	2220610	LA	DeRidder city	deridder
place	2221135	LA	Dixie Inn village	dixie inn
place	2221170	LA	Dodson village	dodson
place	2221240	LA	Donaldsonville city	donaldsonville
place	2221450	LA	Downsville village	downsville
place	2221590	LA	Doyline village	doyline
place	2221765	LA	Dry Prong village	dry prong
place	2221800	LA	Dubach town	dubach
place	2221835	LA	Dubberly village	dubberly
place	2222255	LA	Duson town	duson
place	2222465	LA	East Hodge village	east hodge
place	2222850	LA	Edgefield village	edgefield
place	2223235	LA	Elizabeth village	elizabeth
place	2223620	LA	Elton town	elton
place	2224145	LA	Epps village	epps
place	2224180	LA	Erath town	erath
place	2224215	LA	Eros town	eros
place	2224460	LA	Estherwood village	estherwood
place	2224565	LA	Eunice city	eunice
place	2224775	LA	Evergreen town	evergreen
place	2225160	LA	Farmerville town	farmerville
place	2225335	LA	Fenton village	fenton
place	2225440	LA	Ferriday town	ferriday
place	2225615	LA	Fisher village	fisher
place	2225860	LA	Florien village	florien
place	2226140	LA	Folsom village	folsom
place	2226280	LA	Fordoche town	fordoche
place	2226350	LA	Forest village	forest
place	2226420	LA	Forest Hill village	forest hill
place	2227155	LA	Franklin city	franklin
place	2227190	LA	Franklinton town	franklinton
place	2227435	LA	French Settlement village	french settlement
place	2228660	LA	Georgetown village	georgetown
place	2228835	LA	Gibsland town	gibsland
place	2228940	LA	Gilbert village	gilbert
place	2229010	LA	Gilliam village	gilliam
place	2229220	LA	Glenmora town	glenmora
place	2229640	LA	Golden Meadow town	golden meadow
place	2229745	LA	Goldonna village	goldonna
place	2229850	LA	Gonzales city	gonzales
place	2230515	LA	Grambling city	grambling
place	2230550	LA	Gramercy town	gramercy
place	2230690	LA	Grand Cane village	grand cane
place	2230760	LA	Grand Coteau town	grand coteau
place	2230830	LA	Grand Isle town	grand isle
place	2231250	LA	Grayson village	grayson
place	2231565	LA	Greensburg town	greensburg
place	2231705	LA	Greenwood town	greenwood
place	2231915	LA	Gretna city	gretna
place	2232020	LA	Grosse Tete village	grosse tete
place	2232055	LA	Gueydan town	gueydan
place	2232650	LA	Hall Summit village	hall summit
place	2232755	LA	Hammond city	hammond
place	2232930	LA	Harahan city	harahan
place	2233210	LA	Harrisonburg village	harrisonburg
place	2233420	LA	Haughton town	haughton
place	2233525	LA	Haynesville town	haynesville
place	2233735	LA	Heflin village	heflin
place	2233875	LA	Henderson town	henderson
place	2234015	LA	Hessmer village	hessmer
place	2235100	LA	Hodge village	hodge
place	2235870	LA	Homer town	homer
place	2236045	LA	Hornbeck town	hornbeck
place	2236150	LA	Hosston village	hosston
place	2236255	LA	Houma city	houma
place	2236885	LA	Ida village	ida
place	2237025	LA	Independence town	independence
place	2237410	LA	Iota town	iota
place	2237445	LA	Iowa town	iowa
place	2237830	LA	Jackson town	jackson
place	2237935	LA	Jamestown village	jamestown
place	2238075	LA	Jeanerette city	jeanerette
place	2238092	LA	Jean Lafitte town	jean lafitte
place	2238285	LA	Jena town	jena
place	2238355	LA	Jennings city	jennings
place	2238670	LA	Jonesboro town	jonesboro
place	2238775	LA	Jonesville town	jonesville
place	2238985	LA	Junction City village	junction
place	2239055	LA	Kaplan city	kaplan
place	2239085	LA	Keachi town	keachi
place	2239475	LA	Kenner city	kenner
place	2239545	LA	Kentwood town	kentwood
place	2239650	LA	Kilbourne village	kilbourne
place	2239685	LA	Killian town	killian
place	2239755	LA	Kinder town	kinder
place	2240280	LA	Krotz Springs town	krotz springs
place	2240735	LA	Lafayette city	lafayette
place	2241050	LA	Lake Arthur town	lake arthur
place	2241155	LA	Lake Charles city	lake charles
place	2241400	LA	Lake Providence town	lake providence
place	2242800	LA	Lecompte town	lecompte
place	2243010	LA	Leesville city	leesville
place	2243395	LA	Leonville town	leonville
place	2243920	LA	Lillie village	lillie
place	2244235	LA	Lisbon village	lisbon
place	2244655	LA	Livingston town	livingston
place	2244690	LA	Livonia town	livonia
place	2244900	LA	Lockport town	lockport
place	2245040	LA	Logansport town	logansport
place	2245460	LA	Longstreet village	longstreet
place	2245670	LA	Loreauville village	loreauville
place	2246370	LA	Lucky village	lucky
place	2246720	LA	Lutcher town	lutcher
place	2247315	LA	McNary village	mcnary
place	2247560	LA	Madisonville town	madisonville
place	2248085	LA	Mamou town	mamou
place	2248225	LA	Mandeville city	mandeville
place	2248260	LA	Mangham town	mangham
place	2248365	LA	Mansfield city	mansfield
place	2248400	LA	Mansura town	mansura
place	2248470	LA	Many town	many
place	2248610	LA	Maringouin town	maringouin
place	2248645	LA	Marion town	marion
place	2248750	LA	Marksville city	marksville
place	2248925	LA	Martin village	martin
place	2249240	LA	Maurice village	maurice
place	2249730	LA	Melville town	melville
place	2249870	LA	Mermentau village	mermentau
place	2249905	LA	Mer Rouge village	mer rouge
place	2250010	LA	Merryville town	merryville
place	2250885	LA	Minden city	minden
place	2251410	LA	Monroe city	monroe
place	2251620	LA	Montgomery town	montgomery
place	2251690	LA	Montpelier village	montpelier
place	2251830	LA	Mooringsport town	mooringsport
place	2251970	LA	Moreauville village	moreauville
place	2252040	LA	Morgan City city	morgan
place	2252075	LA	Morganza village	morganza
place	2252320	LA	Morse village	morse
place	2252565	LA	Mound village	mound
place	2252740	LA	Mount Lebanon town	mount lebanon
place	2253370	LA	Napoleonville village	napoleonville
place	2253510	LA	Natchez village	natchez
place	2253545	LA	Natchitoches city	natchitoches
place	2253930	LA	Newellton town	newellton
place	2254035	LA	New Iberia city	new iberia
place	2254175	LA	New Llano town	new llano
place	2255000	LA	New Orleans city	new orleans
place	2255105	LA	New Roads city	new roads
place	2255420	LA	Noble village	noble
place	2255910	LA	North Hodge village	north hodge
place	2256295	LA	Norwood village	norwood
place	2256540	LA	Oakdale city	oakdale
place	2256820	LA	Oak Grove town	oak grove
place	2257205	LA	Oak Ridge village	oak ridge
place	2257450	LA	Oberlin town	oberlin
place	2257590	LA	Oil City town	oil
place	2257905	LA	Olla town	olla
place	2258045	LA	Opelousas city	opelousas
place	2258780	LA	Palmetto village	palmetto
place	2259165	LA	Parks village	parks
place	2259340	LA	Patterson city	patterson
place	2259445	LA	Pearl River town	pearl river
place	2260495	LA	Pine Prairie village	pine prairie
place	2260530	LA	Pineville city	pineville
place	2260565	LA	Pioneer village	pioneer
place	2260670	LA	Plain Dealing town	plain dealing
place	2260880	LA	Plaquemine city	plaquemine
place	2260985	LA	Plaucheville village	plaucheville
place	2261055	LA	Pleasant Hill village	pleasant hill
place	2261580	LA	Pollock town	pollock
place	2261615	LA	Ponchatoula city	ponchatoula
place	2261790	LA	Port Allen city	port allen
place	2261825	LA	Port Barre town	port barre
place	2262105	LA	Port Vincent village	port vincent
place	2262245	LA	Powhatan village	powhatan
place	2262770	LA	Provencal village	provencal
place	2263120	LA	Quitman village	quitman
place	2263645	LA	Rayne city	rayne
place	2263680	LA	Rayville town	rayville
place	2264100	LA	Reeves village	reeves
place	2264590	LA	Richmond village	richmond
place	2264660	LA	Richwood town	richwood
place	2264765	LA	Ridgecrest town	ridgecrest
place	2264905	LA	Ringgold town	ringgold
place	2265325	LA	Robeline village	robeline
place	2265710	LA	Rodessa village	rodessa
place	2266060	LA	Rosedale village	rosedale
place	2266165	LA	Roseland town	roseland
place	2266200	LA	Rosepine town	rosepine
place	2266655	LA	Ruston city	ruston
place	2267215	LA	St. Francisville town	st francisville
place	2267250	LA	St. Gabriel city	st gabriel
place	2267495	LA	St. Joseph town	st joseph
place	2267600	LA	St. Martinville city	st martinville
place	2267880	LA	Saline village	saline
place	2268125	LA	Sarepta town	sarepta
place	2268475	LA	Scott city	scott
place	2269455	LA	Shongaloo village	shongaloo
place	2270000	LA	Shreveport city	shreveport
place	2270175	LA	Sibley town	sibley
place	2270245	LA	Sicily Island village	sicily island
place	2270385	LA	Sikes village	sikes
place	2270525	LA	Simmesport town	simmesport
place	2270595	LA	Simpson village	simpson
place	2270630	LA	Simsboro village	simsboro
place	2270770	LA	Slaughter town	slaughter
place	2270805	LA	Slidell city	slidell
place	2271225	LA	Sorrento town	sorrento
place	2271820	LA	South Mansfield village	south mansfield
place	2272170	LA	Spearsville village	spearsville
place	2272415	LA	Springfield town	springfield
place	2272485	LA	Springhill city	springhill
place	2272800	LA	Stanley village	stanley
place	2273255	LA	Sterlington town	sterlington
place	2273395	LA	Stonewall town	stonewall
place	2273640	LA	Sulphur city	sulphur
place	2273955	LA	Sun village	sun
place	2274060	LA	Sunset town	sunset
place	2274690	LA	Tallulah city	tallulah
place	2274760	LA	Tangipahoa village	tangipahoa
place	2275425	LA	Thibodaux city	thibodaux
place	2275670	LA	Tickfaw village	tickfaw
place	2276615	LA	Tullos town	tullos
place	2276685	LA	Turkey Creek village	turkey creek
place	2277490	LA	Urania town	urania
place	2277910	LA	Varnado village	varnado
place	2278470	LA	Vidalia town	vidalia
place	2278540	LA	Vienna town	vienna
place	2278715	LA	Ville Platte city	ville platte
place	2278820	LA	Vinton town	vinton
place	2278890	LA	Vivian town	vivian
place	2279240	LA	Walker town	walker
place	2279870	LA	Washington town	washington
place	2279940	LA	Waterproof town	waterproof
place	2280430	LA	Welsh town	welsh
place	2280815	LA	Westlake city	westlake
place	2280955	LA	West Monroe city	west monroe
place	2281165	LA	Westwego city	westwego
place	2281375	LA	White Castle town	white castle
place	2282215	LA	Wilson village	wilson
place	2282460	LA	Winnfield city	winnfield
place	2282495	LA	Winnsboro city	winnsboro
place	2282565	LA	Wisner town	wisner
place	2283125	LA	Woodworth town	woodworth
place	2283335	LA	Youngsville city	youngsville
place	2283405	LA	Zachary city	zachary
place	2283685	LA	Zwolle town	zwolle
place	2302060	ME	Auburn city	auburn
place	2302100	ME	Augusta city	augusta
place	2302795	ME	Bangor city	bangor
place	2303355	ME	Bath city	bath
place	2303950	ME	Belfast city	belfast
place	2304860	ME	Biddeford city	biddeford
place	2306925	ME	Brewer city	brewer
place	2309585	ME	Calais city	calais
place	2310565	ME	Caribou city	caribou
place	2321730	ME	Eastport city	eastport
place	2323200	ME	Ellsworth city	ellsworth
place	2327085	ME	Gardiner city	gardiner
place	2330550	ME	Hallowell city	hallowell
place	2338740	ME	Lewiston city	lewiston
place	2355225	ME	Old Town city	old
place	2360545	ME	Portland city	portland
place	2360825	ME	Presque Isle city	presque isle
place	2363590	ME	Rockland city	rockland
place	2364675	ME	Saco city	saco
place	2365725	ME	Sanford city	sanford
place	2371990	ME	South Portland city	south portland
place	2380740	ME	Waterville city	waterville
place	2382105	ME	Westbrook city	westbrook
place	2400125	MD	Aberdeen city	aberdeen
place	2400225	MD	Accident town	accident
place	2401600	MD	Annapolis city	annapolis
place	2404000	MD	Baltimore city	baltimore
place	2404250	MD	Barclay town	barclay
place	2404475	MD	Barnesville town	barnesville
place	2404625	MD	Barton town	barton
place	2405550	MD	Bel Air town	bel air
place	2406800	MD	Berlin town	berlin
place	2406925	MD	Berwyn Heights town	berwyn heights
place	2407200	MD	Betterton town	betterton
place	2407850	MD	Bladensburg town	bladensburg
place	2408625	MD	Boonsboro town	boonsboro
place	2408775	MD	Bowie city	bowie
place	2409500	MD	Brentwood town	brentwood
place	2410225	MD	Brookeville town	brookeville
place	2410575	MD	Brookview town	brookview
place	2410900	MD	Brunswick city	brunswick
place	2411400	MD	Burkittsville town	burkittsville
place	2412400	MD	Cambridge city	cambridge
place	2413000	MD	Capitol Heights town	capitol heights
place	2414325	MD	Cecilton town	cecilton
place	2414950	MD	Centreville town	centreville
place	2415400	MD	Charlestown town	charlestown
place	2415925	MD	Chesapeake Beach town	chesapeake beach
place	2415950	MD	Chesapeake City town	chesapeake
place	2416225	MD	Chestertown town	chestertown
place	2416550	MD	Cheverly town	cheverly
place	2416620	MD	Chevy Chase town	chevy chase
place	2416720	MD	Chevy Chase Section Five village	chevy chase section five
place	2416730	MD	Chevy Chase Section Three village	chevy chase section three
place	2416775	MD	Chevy Chase View town	chevy chase view
place	2416787	MD	Chevy Chase Village town	chevy chase
place	2417050	MD	Church Creek town	church creek
place	2417100	MD	Church Hill town	church hill
place	2417600	MD	Clear Spring town	clear spring
place	2418750	MD	College Park city	college park
place	2418850	MD	Colmar Manor town	colmar manor
place	2420050	MD	Cottage City town	cottage
place	2420775	MD	Crisfield city	crisfield
place	2421325	MD	Cumberland city	cumberland
place	2422275	MD	Deer Park town	deer park
place	2422600	MD	Delmar town	delmar
place	2422725	MD	Denton town	denton
place	2423025	MD	District Heights city	district heights
place	2424200	MD	Eagle Harbor town	eagle harbor
place	2424450	MD	East New Market town	east new market
place	2424475	MD	Easton town	easton
place	2425425	MD	Edmonston town	edmonston
place	2425600	MD	Eldorado town	eldorado
place	2425800	MD	Elkton town	elkton
place	2426200	MD	Emmitsburg town	emmitsburg
place	2427400	MD	Fairmount Heights town	fairmount heights
place	2427900	MD	Federalsburg town	federalsburg
place	2428725	MD	Forest Heights town	forest heights
place	2430325	MD	Frederick city	frederick
place	2430850	MD	Friendsville town	friendsville
place	2430900	MD	Frostburg city	frostburg
place	2430950	MD	Fruitland city	fruitland
place	2431100	MD	Funkstown town	funkstown
place	2431175	MD	Gaithersburg city	gaithersburg
place	2431225	MD	Galena town	galena
place	2431250	MD	Galestown town	galestown
place	2431525	MD	Garrett Park town	garrett park
place	2432500	MD	Glenarden city	glenarden
place	2432900	MD	Glen Echo town	glen echo
place	2433950	MD	Goldsboro town	goldsboro
place	2434525	MD	Grantsville town	grantsville
place	2434775	MD	Greenbelt city	greenbelt
place	2435200	MD	Greensboro town	greensboro
place	2436075	MD	Hagerstown city	hagerstown
place	2436500	MD	Hampstead town	hampstead
place	2436600	MD	Hancock town	hancock
place	2437600	MD	Havre de Grace city	havre de grace
place	2437875	MD	Hebron town	hebron
place	2437925	MD	Henderson town	henderson
place	2438500	MD	Highland Beach town	highland beach
place	2439175	MD	Hillsboro town	hillsboro
place	2441125	MD	Hurlock town	hurlock
place	2441250	MD	Hyattsville city	hyattsville
place	2441500	MD	Indian Head town	indian head
place	2443100	MD	Keedysville town	keedysville
place	2443500	MD	Kensington town	kensington
place	2444450	MD	Kitzmiller town	kitzmiller
place	2445400	MD	Landover Hills town	landover hills
place	2445750	MD	La Plata town	la plata
place	2445900	MD	Laurel city	laurel
place	2446250	MD	Laytonsville town	laytonsville
place	2446475	MD	Leonardtown town	leonardtown
place	2447525	MD	Loch Lynn Heights town	loch lynn heights
place	2447875	MD	Lonaconing town	lonaconing
place	2448775	MD	Luke town	luke
place	2449950	MD	Manchester town	manchester
place	2450525	MD	Mardela Springs town	mardela springs
place	2450965	MD	Martin's Additions village	martins additions
place	2451025	MD	Marydel town	marydel
place	2452425	MD	Middletown town	middletown
place	2452475	MD	Midland town	midland
place	2452825	MD	Millington town	millington
place	2453625	MD	Morningside town	morningside
place	2453800	MD	Mountain Lake Park town	mountain lake park
place	2453875	MD	Mount Airy town	mount airy
place	2454275	MD	Mount Rainier city	mount rainier
place	2454875	MD	Myersville town	myersville
place	2455400	MD	New Carrollton city	new carrollton
place	2455650	MD	New Market town	new market
place	2455925	MD	New Windsor town	new windsor
place	2456300	MD	North Beach town	north beach
place	2456375	MD	North Brentwood town	north brentwood
place	2456400	MD	North Chevy Chase village	north chevy chase
place	2456450	MD	North East town	north east
place	2457650	MD	Oakland town	oakland
place	2458225	MD	Ocean City town	ocean
place	2459450	MD	Oxford town	oxford
place	2461150	MD	Perryville town	perryville
place	2462025	MD	Pittsville town	pittsville
place	2462475	MD	Pocomoke City city	pocomoke
place	2462850	MD	Poolesville town	poolesville
place	2463075	MD	Port Deposit town	port deposit
place	2463225	MD	Port Tobacco Village town	port tobacco
place	2463825	MD	Preston town	preston
place	2464000	MD	Princess Anne town	princess anne
place	2464500	MD	Queen Anne town	queen anne
place	2464600	MD	Queenstown town	queenstown
place	2466000	MD	Ridgely town	ridgely
place	2466275	MD	Rising Sun town	rising sun
place	2466635	MD	Riverdale Park town	riverdale park
place	2467400	MD	Rock Hall town	rock hall
place	2467675	MD	Rockville city	rockville
place	2468600	MD	Rosemont village	rosemont
place	2469825	MD	St. Michaels town	st michaels
place	2469925	MD	Salisbury city	salisbury
place	2470850	MD	Seat Pleasant city	seat pleasant
place	2470900	MD	Secretary town	secretary
place	2471600	MD	Sharpsburg town	sharpsburg
place	2471650	MD	Sharptown town	sharptown
place	2472900	MD	Smithsburg town	smithsburg
place	2473075	MD	Snow Hill town	snow hill
place	2473350	MD	Somerset town	somerset
place	2475650	MD	Sudlersville town	sudlersville
place	2476550	MD	Sykesville town	sykesville
place	2476650	MD	Takoma Park city	takoma park
place	2476725	MD	Taneytown city	taneytown
place	2477200	MD	Templeville town	templeville
place	2477825	MD	Thurmont town	thurmont
place	2478575	MD	Trappe town	trappe
place	2479350	MD	Union Bridge town	union bridge
place	2479675	MD	University Park town	university park
place	2479875	MD	Upper Marlboro town	upper marlboro
place	2480600	MD	Vienna town	vienna
place	2481275	MD	Walkersville town	walkersville
place	2481675	MD	Washington Grove town	washington grove
place	2482750	MD	Westernport town	westernport
place	2483100	MD	Westminster city	westminster
place	2484950	MD	Willards town	willards
place	2485100	MD	Williamsport town	williamsport
place	2486750	MD	Woodsboro town	woodsboro
place	2500840	MA	Agawam Town city	agawam
place	2501185	MA	Amesbury city	amesbury
place	2501370	MA	Amherst Town city	amherst
place	2502690	MA	Attleboro city	attleboro
place	2503690	MA	Barnstable Town city	barnstable
place	2505595	MA	Beverly city	beverly
place	2507000	MA	Boston city	boston
place	2507740	MA	Braintree Town city	braintree
place	2508130	MA	Bridgewater Town city	bridgewater
place	2509000	MA	Brockton city	brockton
place	2511000	MA	Cambridge city	cambridge
place	2513205	MA	Chelsea city	chelsea
place	2513660	MA	Chicopee city	chicopee
place	2519365	MA	Easthampton city	easthampton
place	2521990	MA	Everett city	everett
place	2523000	MA	Fall River city	fall river
place	2523875	MA	Fitchburg city	fitchburg
place	2524960	MA	Framingham city	framingham
place	2525172	MA	Franklin Town city	franklin
place	2525485	MA	Gardner city	gardner
place	2526150	MA	Gloucester city	gloucester
place	2527060	MA	Greenfield city	greenfield
place	2529405	MA	Haverhill city	haverhill
place	2530840	MA	Holyoke city	holyoke
place	2534550	MA	Lawrence city	lawrence
place	2535075	MA	Leominster city	leominster
place	2537000	MA	Lowell city	lowell
place	2537490	MA	Lynn city	lynn
place	2537875	MA	Malden city	malden
place	2538715	MA	Marlborough city	marlborough
place	2539835	MA	Medford city	medford
place	2540115	MA	Melrose city	melrose
place	2540675	MA	Methuen city	methuen
place	2545000	MA	New Bedford city	new bedford
place	2545245	MA	Newburyport city	newburyport
place	2545560	MA	Newton city	newton
place	2546225	MA	North Adams city	north adams
place	2546330	MA	Northampton city	northampton
place	2546598	MA	North Attleborough Town city	north attleborough
place	2552144	MA	Palmer Town city	palmer
place	2552490	MA	Peabody city	peabody
place	2553960	MA	Pittsfield city	pittsfield
place	2555745	MA	Quincy city	quincy
place	2556000	MA	Randolph Town city	randolph
place	2556585	MA	Revere city	revere
place	2559105	MA	Salem city	salem
place	2562535	MA	Somerville city	somerville
place	2563345	MA	Southbridge Town city	southbridge
place	2567000	MA	Springfield city	springfield
place	2569170	MA	Taunton city	taunton
place	2572600	MA	Waltham city	waltham
place	2573405	MA	Watertown city	watertown
place	2576030	MA	Westfield city	westfield
place	2577890	MA	West Springfield Town city	west springfield
place	2578972	MA	Weymouth Town city	weymouth
place	2581005	MA	Winthrop Town city	winthrop
place	2581035	MA	Woburn city	woburn
place	2582000	MA	Worcester city	worcester
place	2600380	MI	Addison village	addison
place	2600440	MI	Adrian city	adrian
place	2600620	MI	Ahmeek village	ahmeek
place	2600700	MI	Akron village	akron
place	2600860	MI	Alanson village	alanson
place	2600980	MI	Albion city	albion
place	2601180	MI	Algonac city	algonac
place	2601260	MI	Allegan city	allegan
place	2601300	MI	Allen village	allen
place	2601380	MI	Allen Park city	allen park
place	2601540	MI	Alma city	alma
place	2601660	MI	Almont village	almont
place	2601740	MI	Alpena city	alpena
place	2601800	MI	Alpha village	alpha
place	2603000	MI	Ann Arbor city	ann arbor
place	2603200	MI	Applegate village	applegate
place	2603520	MI	Armada village	armada
place	2603740	MI	Ashley village	ashley
place	2603880	MI	Athens village	athens
place	2604080	MI	Auburn city	auburn
place	2604105	MI	Auburn Hills city	auburn hills
place	2604120	MI	Au Gres city	au gres
place	2604160	MI	Augusta village	augusta
place	2604740	MI	Bad Axe city	bad axe
place	2604940	MI	Baldwin village	baldwin
place	2605080	MI	Bancroft village	bancroft
place	2605140	MI	Bangor city	bangor
place	2605320	MI	Baraga village	baraga
place	2605500	MI	Baroda village	baroda
place	2605580	MI	Barryton village	barryton
place	2605660	MI	Barton Hills village	barton hills
place	2605920	MI	Battle Creek city	battle creek
place	2606020	MI	Bay City city	bay
place	2606460	MI	Bear Lake village	bear lake
place	2606660	MI	Beaverton city	beaverton
place	2606900	MI	Belding city	belding
place	2606980	MI	Bellaire village	bellaire
place	2607020	MI	Belleville city	belleville
place	2607060	MI	Bellevue village	bellevue
place	2607520	MI	Benton Harbor city	benton harbor
place	2607580	MI	Benzonia village	benzonia
place	2607660	MI	Berkley city	berkley
place	2607860	MI	Berrien Springs village	berrien springs
place	2607960	MI	Bessemer city	bessemer
place	2608100	MI	Beulah village	beulah
place	2608160	MI	Beverly Hills village	beverly hills
place	2608300	MI	Big Rapids city	big rapids
place	2608460	MI	Bingham Farms village	bingham farms
place	2608540	MI	Birch Run village	birch run
place	2608640	MI	Birmingham city	birmingham
place	2609000	MI	Blissfield village	blissfield
place	2609180	MI	Bloomfield Hills city	bloomfield hills
place	2609220	MI	Bloomingdale village	bloomingdale
place	2609820	MI	Boyne City city	boyne
place	2609840	MI	Boyne Falls village	boyne falls
place	2610160	MI	Breckenridge village	breckenridge
place	2610180	MI	Breedsville village	breedsville
place	2610580	MI	Bridgman city	bridgman
place	2610620	MI	Brighton city	brighton
place	2610760	MI	Britton village	britton
place	2610860	MI	Bronson city	bronson
place	2611000	MI	Brooklyn village	brooklyn
place	2611180	MI	Brown City city	brown
place	2611400	MI	Buchanan city	buchanan
place	2611480	MI	Buckley village	buckley
place	2611800	MI	Burlington village	burlington
place	2611920	MI	Burr Oak village	burr oak
place	2612060	MI	Burton city	burton
place	2612260	MI	Byron village	byron
place	2612320	MI	Cadillac city	cadillac
place	2612480	MI	Caledonia village	caledonia
place	2612580	MI	Calumet village	calumet
place	2612760	MI	Camden village	camden
place	2613140	MI	Capac village	capac
place	2613220	MI	Carleton village	carleton
place	2613400	MI	Carney village	carney
place	2613420	MI	Caro city	caro
place	2613600	MI	Carson City city	carson
place	2613620	MI	Carsonville village	carsonville
place	2613760	MI	Caseville city	caseville
place	2613820	MI	Casnovia village	casnovia
place	2613860	MI	Caspian city	caspian
place	2613880	MI	Cass City village	cass
place	2613900	MI	Cassopolis village	cassopolis
place	2614200	MI	Cedar Springs city	cedar springs
place	2614260	MI	Cement City village	cement
place	2614320	MI	Center Line city	center line
place	2614400	MI	Central Lake village	central lake
place	2614460	MI	Centreville village	centreville
place	2614780	MI	Charlevoix city	charlevoix
place	2614820	MI	Charlotte city	charlotte
place	2614940	MI	Chatham village	chatham
place	2615000	MI	Cheboygan city	cheboygan
place	2615020	MI	Chelsea city	chelsea
place	2615140	MI	Chesaning village	chesaning
place	2615920	MI	Clare city	clare
place	2616140	MI	Clarksville village	clarksville
place	2616160	MI	Clawson city	clawson
place	2616280	MI	Clayton village	clayton
place	2616420	MI	Clifford village	clifford
place	2616440	MI	Climax village	climax
place	2616480	MI	Clinton village	clinton
place	2616620	MI	Clio city	clio
place	2617020	MI	Coldwater city	coldwater
place	2617100	MI	Coleman city	coleman
place	2617320	MI	Coloma city	coloma
place	2617360	MI	Colon village	colon
place	2617460	MI	Columbiaville village	columbiaville
place	2617740	MI	Concord village	concord
place	2617840	MI	Constantine village	constantine
place	2618020	MI	Coopersville city	coopersville
place	2618040	MI	Copemish village	copemish
place	2618080	MI	Copper City village	copper
place	2618300	MI	Corunna city	corunna
place	2618920	MI	Croswell city	croswell
place	2619140	MI	Crystal Falls city	crystal falls
place	2619420	MI	Custer village	custer
place	2619560	MI	Daggett village	daggett
place	2619780	MI	Dansville village	dansville
place	2619880	MI	Davison city	davison
place	2621000	MI	Dearborn city	dearborn
place	2621020	MI	Dearborn Heights city	dearborn heights
place	2621040	MI	Decatur village	decatur
place	2621100	MI	Deckerville village	deckerville
place	2621180	MI	Deerfield village	deerfield
place	2621780	MI	De Tour Village village	de tour
place	2622000	MI	Detroit city	detroit
place	2622120	MI	DeWitt city	dewitt
place	2622160	MI	Dexter city	dexter
place	2622380	MI	Dimondale village	dimondale
place	2622740	MI	Douglas city	douglas
place	2622880	MI	Dowagiac city	dowagiac
place	2623140	MI	Dryden village	dryden
place	2623380	MI	Dundee village	dundee
place	2623500	MI	Durand city	durand
place	2623560	MI	Eagle village	eagle
place	2623980	MI	East Grand Rapids city	east grand rapids
place	2624020	MI	East Jordan city	east jordan
place	2624060	MI	Eastlake village	eastlake
place	2624120	MI	East Lansing city	east lansing
place	2624290	MI	Eastpointe city	eastpointe
place	2624420	MI	East Tawas city	east tawas
place	2624540	MI	Eaton Rapids city	eaton rapids
place	2624580	MI	Eau Claire village	eau claire
place	2624740	MI	Ecorse city	ecorse
place	2625000	MI	Edmore village	edmore
place	2625040	MI	Edwardsburg village	edwardsburg
place	2625180	MI	Elberta village	elberta
place	2625320	MI	Elk Rapids village	elk rapids
place	2625360	MI	Elkton village	elkton
place	2625420	MI	Ellsworth village	ellsworth
place	2625780	MI	Elsie village	elsie
place	2625940	MI	Emmett village	emmett
place	2625980	MI	Empire village	empire
place	2626360	MI	Escanaba city	escanaba
place	2626420	MI	Essexville city	essexville
place	2626460	MI	Estral Beach village	estral beach
place	2626640	MI	Evart city	evart
place	2627080	MI	Fairgrove village	fairgrove
place	2627380	MI	Farmington city	farmington
place	2627440	MI	Farmington Hills city	farmington hills
place	2627500	MI	Farwell village	farwell
place	2627740	MI	Fennville city	fennville
place	2627760	MI	Fenton city	fenton
place	2627880	MI	Ferndale city	ferndale
place	2627960	MI	Ferrysburg city	ferrysburg
place	2628000	MI	Fife Lake village	fife lake
place	2628360	MI	Flat Rock city	flat rock
place	2629000	MI	Flint city	flint
place	2629200	MI	Flushing city	flushing
place	2629660	MI	Forestville village	forestville
place	2629940	MI	Fountain village	fountain
place	2630040	MI	Fowler village	fowler
place	2630060	MI	Fowlerville village	fowlerville
place	2630200	MI	Frankenmuth city	frankenmuth
place	2630260	MI	Frankfort city	frankfort
place	2630340	MI	Franklin village	franklin
place	2630420	MI	Fraser city	fraser
place	2630580	MI	Freeport village	freeport
place	2630600	MI	Free Soil village	free soil
place	2630700	MI	Fremont city	fremont
place	2631000	MI	Fruitport village	fruitport
place	2631160	MI	Gaastra city	gaastra
place	2631180	MI	Gagetown village	gagetown
place	2631200	MI	Gaines village	gaines
place	2631260	MI	Galesburg city	galesburg
place	2631300	MI	Galien village	galien
place	2631380	MI	Garden village	garden
place	2631420	MI	Garden City city	garden
place	2631720	MI	Gaylord city	gaylord
place	2632020	MI	Gibraltar city	gibraltar
place	2632300	MI	Gladstone city	gladstone
place	2632320	MI	Gladwin city	gladwin
place	2632640	MI	Gobles city	gobles
place	2632980	MI	Goodrich village	goodrich
place	2633260	MI	Grand Beach village	grand beach
place	2633280	MI	Grand Blanc city	grand blanc
place	2633340	MI	Grand Haven city	grand haven
place	2633420	MI	Grand Ledge city	grand ledge
place	2634000	MI	Grand Rapids city	grand rapids
place	2634160	MI	Grandville city	grandville
place	2634360	MI	Grant city	grant
place	2634480	MI	Grass Lake village	grass lake
place	2634640	MI	Grayling city	grayling
place	2635100	MI	Greenville city	greenville
place	2635480	MI	Grosse Pointe city	grosse pointe
place	2635520	MI	Grosse Pointe Farms city	grosse pointe farms
place	2635540	MI	Grosse Pointe Park city	grosse pointe park
place	2635580	MI	Grosse Pointe Woods city	grosse pointe woods
place	2636280	MI	Hamtramck city	hamtramck
place	2636300	MI	Hancock city	hancock
place	2636380	MI	Hanover village	hanover
place	2636460	MI	Harbor Beach city	harbor beach
place	2636560	MI	Harbor Springs city	harbor springs
place	2636700	MI	Harper Woods city	harper woods
place	2636720	MI	Harrietta village	harrietta
place	2636800	MI	Harrison city	harrison
place	2636860	MI	Harrisville city	harrisville
place	2636920	MI	Hart city	hart
place	2636960	MI	Hartford city	hartford
place	2637120	MI	Hastings city	hastings
place	2637420	MI	Hazel Park city	hazel park
place	2637820	MI	Hersey village	hersey
place	2637860	MI	Hesperia village	hesperia
place	2638180	MI	Highland Park city	highland park
place	2638380	MI	Hillman village	hillman
place	2638460	MI	Hillsdale city	hillsdale
place	2638640	MI	Holland city	holland
place	2638700	MI	Holly village	holly
place	2638920	MI	Homer village	homer
place	2639080	MI	Honor village	honor
place	2639180	MI	Hopkins village	hopkins
place	2639360	MI	Houghton city	houghton
place	2639500	MI	Howard City village	howard
place	2639540	MI	Howell city	howell
place	2639660	MI	Hubbardston village	hubbardston
place	2639720	MI	Hudson city	hudson
place	2639800	MI	Hudsonville city	hudsonville
place	2640000	MI	Huntington Woods city	huntington woods
place	2640320	MI	Imlay City city	imlay
place	2640680	MI	Inkster city	inkster
place	2640860	MI	Ionia city	ionia
place	2640960	MI	Iron Mountain city	iron mountain
place	2640980	MI	Iron River city	iron river
place	2641060	MI	Ironwood city	ironwood
place	2641220	MI	Ishpeming city	ishpeming
place	2641340	MI	Ithaca city	ithaca
place	2641420	MI	Jackson city	jackson
place	2641920	MI	Jonesville city	jonesville
place	2642160	MI	Kalamazoo city	kalamazoo
place	2642240	MI	Kaleva village	kaleva
place	2642260	MI	Kalkaska village	kalkaska
place	2642460	MI	Keego Harbor city	keego harbor
place	2642780	MI	Kent City village	kent
place	2642820	MI	Kentwood city	kentwood
place	2643220	MI	Kinde village	kinde
place	2643300	MI	Kingsford city	kingsford
place	2643340	MI	Kingsley village	kingsley
place	2643380	MI	Kingston village	kingston
place	2644200	MI	Laingsburg city	laingsburg
place	2644440	MI	Lake Angelus city	lake angelus
place	2644460	MI	Lake Ann village	lake ann
place	2644480	MI	Lake City city	lake
place	2644715	MI	Lake Isabella village	lake isabella
place	2644780	MI	Lake Linden village	lake linden
place	2644880	MI	Lake Odessa village	lake odessa
place	2644940	MI	Lake Orion village	lake orion
place	2645240	MI	Lakeview village	lakeview
place	2645340	MI	Lakewood Club village	lakewood club
place	2645540	MI	L'Anse village	lanse
place	2646000	MI	Lansing city	lansing
place	2646040	MI	Lapeer city	lapeer
place	2646320	MI	Lathrup Village city	lathrup
place	2646360	MI	Laurium village	laurium
place	2646440	MI	Lawrence village	lawrence
place	2646500	MI	Lawton village	lawton
place	2646880	MI	Lennon village	lennon
place	2646940	MI	Leonard village	leonard
place	2647100	MI	Le Roy village	le roy
place	2647180	MI	Leslie city	leslie
place	2647280	MI	Lexington village	lexington
place	2647560	MI	Lincoln village	lincoln
place	2647800	MI	Lincoln Park city	lincoln park
place	2647820	MI	Linden city	linden
place	2647980	MI	Litchfield city	litchfield
place	2649000	MI	Livonia city	livonia
place	2649540	MI	Lowell city	lowell
place	2649640	MI	Ludington city	ludington
place	2649700	MI	Luna Pier city	luna pier
place	2649740	MI	Luther village	luther
place	2649900	MI	Lyons village	lyons
place	2649980	MI	McBain city	mcbain
place	2650000	MI	McBride village	mcbride
place	2650280	MI	Mackinac Island city	mackinac island
place	2650320	MI	Mackinaw City village	mackinaw
place	2650560	MI	Madison Heights city	madison heights
place	2650620	MI	Mancelona village	mancelona
place	2650660	MI	Manchester village	manchester
place	2650720	MI	Manistee city	manistee
place	2650760	MI	Manistique city	manistique
place	2650880	MI	Manton city	manton
place	2651200	MI	Maple Rapids village	maple rapids
place	2651460	MI	Marcellus village	marcellus
place	2651600	MI	Marine City city	marine
place	2651660	MI	Marion village	marion
place	2651820	MI	Marlette city	marlette
place	2651900	MI	Marquette city	marquette
place	2651940	MI	Marshall city	marshall
place	2651980	MI	Martin village	martin
place	2652080	MI	Marysville city	marysville
place	2652180	MI	Mason city	mason
place	2652380	MI	Mattawan village	mattawan
place	2652440	MI	Maybee village	maybee
place	2652540	MI	Mayville village	mayville
place	2652760	MI	Mecosta village	mecosta
place	2652920	MI	Melvin village	melvin
place	2652940	MI	Melvindale city	melvindale
place	2652960	MI	Memphis city	memphis
place	2652980	MI	Mendon village	mendon
place	2653020	MI	Menominee city	menominee
place	2653180	MI	Merrill village	merrill
place	2653320	MI	Mesick village	mesick
place	2653340	MI	Metamora village	metamora
place	2653500	MI	Michiana village	michiana
place	2653760	MI	Middleville village	middleville
place	2653780	MI	Midland city	midland
place	2653920	MI	Milan city	milan
place	2653960	MI	Milford village	milford
place	2654120	MI	Millersburg village	millersburg
place	2654220	MI	Millington village	millington
place	2654560	MI	Minden City village	minden
place	2655020	MI	Monroe city	monroe
place	2655100	MI	Montague city	montague
place	2655220	MI	Montgomery village	montgomery
place	2655280	MI	Montrose city	montrose
place	2655500	MI	Morenci city	morenci
place	2655540	MI	Morley village	morley
place	2655560	MI	Morrice village	morrice
place	2655820	MI	Mount Clemens city	mount clemens
place	2655960	MI	Mount Morris city	mount morris
place	2656020	MI	Mount Pleasant city	mount pleasant
place	2656080	MI	Muir village	muir
place	2656140	MI	Mulliken village	mulliken
place	2656200	MI	Munising city	munising
place	2656320	MI	Muskegon city	muskegon
place	2656360	MI	Muskegon Heights city	muskegon heights
place	2656680	MI	Nashville village	nashville
place	2656860	MI	Negaunee city	negaunee
place	2657080	MI	Newaygo city	newaygo
place	2657100	MI	New Baltimore city	new baltimore
place	2657140	MI	Newberry village	newberry
place	2657220	MI	New Buffalo city	new buffalo
place	2657280	MI	New Era village	new era
place	2657380	MI	New Haven village	new haven
place	2657520	MI	New Lothrop village	new lothrop
place	2657760	MI	Niles city	niles
place	2657920	MI	North Adams village	north adams
place	2658080	MI	North Branch village	north branch
place	2658640	MI	North Muskegon city	north muskegon
place	2658740	MI	Northport village	northport
place	2658980	MI	Northville city	northville
place	2659140	MI	Norton Shores city	norton shores
place	2659220	MI	Norway city	norway
place	2659440	MI	Novi city	novi
place	2659860	MI	Oakley village	oakley
place	2659920	MI	Oak Park city	oak park
place	2660580	MI	Olivet city	olivet
place	2660660	MI	Omer city	omer
place	2660680	MI	Onaway city	onaway
place	2660740	MI	Onekama village	onekama
place	2660840	MI	Onsted village	onsted
place	2660860	MI	Ontonagon village	ontonagon
place	2661020	MI	Orchard Lake Village city	orchard lake
place	2661220	MI	Ortonville village	ortonville
place	2661600	MI	Otisville village	otisville
place	2661620	MI	Otsego city	otsego
place	2661760	MI	Otter Lake village	otter lake
place	2661860	MI	Ovid city	ovid
place	2661920	MI	Owendale village	owendale
place	2661940	MI	Owosso city	owosso
place	2662020	MI	Oxford village	oxford
place	2662340	MI	Parchment city	parchment
place	2662740	MI	Parma village	parma
place	2662980	MI	Paw Paw village	paw paw
place	2663260	MI	Peck village	peck
place	2663300	MI	Pellston village	pellston
place	2663540	MI	Pentwater village	pentwater
place	2663660	MI	Perrinton village	perrinton
place	2663700	MI	Perry city	perry
place	2663800	MI	Petersburg city	petersburg
place	2663820	MI	Petoskey city	petoskey
place	2663900	MI	Pewamo village	pewamo
place	2664020	MI	Pierson village	pierson
place	2664060	MI	Pigeon village	pigeon
place	2664140	MI	Pinckney village	pinckney
place	2664160	MI	Pinconning city	pinconning
place	2664740	MI	Plainwell city	plainwell
place	2664900	MI	Pleasant Ridge city	pleasant ridge
place	2665060	MI	Plymouth city	plymouth
place	2665440	MI	Pontiac city	pontiac
place	2665560	MI	Portage city	portage
place	2665680	MI	Port Austin village	port austin
place	2665800	MI	Port Hope village	port hope
place	2665820	MI	Port Huron city	port huron
place	2665860	MI	Portland city	portland
place	2665900	MI	Port Sanilac village	port sanilac
place	2666000	MI	Posen village	posen
place	2666100	MI	Potterville city	potterville
place	2666140	MI	Powers village	powers
place	2666300	MI	Prescott village	prescott
place	2666640	MI	Quincy village	quincy
place	2667280	MI	Ravenna village	ravenna
place	2667500	MI	Reading city	reading
place	2667820	MI	Reed City city	reed
place	2667900	MI	Reese village	reese
place	2668240	MI	Richland village	richland
place	2668380	MI	Richmond city	richmond
place	2668760	MI	River Rouge city	river rouge
place	2668880	MI	Riverview city	riverview
place	2669020	MI	Rochester city	rochester
place	2669035	MI	Rochester Hills city	rochester hills
place	2669080	MI	Rockford city	rockford
place	2669180	MI	Rockwood city	rockwood
place	2669260	MI	Rogers City city	rogers
place	2669400	MI	Romeo village	romeo
place	2669420	MI	Romulus city	romulus
place	2669520	MI	Roosevelt Park city	roosevelt park
place	2669540	MI	Roscommon village	roscommon
place	2669640	MI	Rosebush village	rosebush
place	2669680	MI	Rose City city	rose
place	2669800	MI	Roseville city	roseville
place	2669880	MI	Rothbury village	rothbury
place	2670040	MI	Royal Oak city	royal oak
place	2670520	MI	Saginaw city	saginaw
place	2670640	MI	St. Charles village	st charles
place	2670680	MI	St. Clair city	st clair
place	2670760	MI	St. Clair Shores city	st clair shores
place	2670840	MI	St. Ignace city	st ignace
place	2670940	MI	St. Johns city	st johns
place	2670960	MI	St. Joseph city	st joseph
place	2671000	MI	St. Louis city	st louis
place	2671140	MI	Saline city	saline
place	2671360	MI	Sand Lake village	sand lake
place	2671540	MI	Sandusky city	sandusky
place	2671560	MI	Sanford village	sanford
place	2671660	MI	Saranac village	saranac
place	2671700	MI	Saugatuck city	saugatuck
place	2671740	MI	Sault Ste. Marie city	sault ste marie
place	2671860	MI	Schoolcraft village	schoolcraft
place	2672080	MI	Scottville city	scottville
place	2672180	MI	Sebewaing village	sebewaing
place	2672840	MI	Shelby village	shelby
place	2672960	MI	Shepherd village	shepherd
place	2673100	MI	Sheridan village	sheridan
place	2673420	MI	Sherwood village	sherwood
place	2673660	MI	Shoreham village	shoreham
place	2674900	MI	Southfield city	southfield
place	2674960	MI	Southgate city	southgate
place	2674980	MI	South Haven city	south haven
place	2675100	MI	South Lyon city	south lyon
place	2675220	MI	South Range village	south range
place	2675280	MI	South Rockwood village	south rockwood
place	2675420	MI	Sparta village	sparta
place	2675700	MI	Springfield city	springfield
place	2675820	MI	Spring Lake village	spring lake
place	2675860	MI	Springport village	springport
place	2676120	MI	Standish city	standish
place	2676220	MI	Stanton city	stanton
place	2676240	MI	Stanwood village	stanwood
place	2676380	MI	Stephenson city	stephenson
place	2676420	MI	Sterling village	sterling
place	2676460	MI	Sterling Heights city	sterling heights
place	2676500	MI	Stevensville village	stevensville
place	2676560	MI	Stockbridge village	stockbridge
place	2676960	MI	Sturgis city	sturgis
place	2677420	MI	Sunfield village	sunfield
place	2677600	MI	Suttons Bay village	suttons bay
place	2677700	MI	Swartz Creek city	swartz creek
place	2677860	MI	Sylvan Lake city	sylvan lake
place	2678140	MI	Tawas City city	tawas
place	2679000	MI	Taylor city	taylor
place	2679120	MI	Tecumseh city	tecumseh
place	2679160	MI	Tekonsha village	tekonsha
place	2679600	MI	Thompsonville village	thompsonville
place	2679720	MI	Three Oaks village	three oaks
place	2679760	MI	Three Rivers city	three rivers
place	2680340	MI	Traverse City city	traverse
place	2680420	MI	Trenton city	trenton
place	2680700	MI	Troy city	troy
place	2680820	MI	Turner village	turner
place	2680960	MI	Tustin village	tustin
place	2681020	MI	Twining village	twining
place	2681200	MI	Ubly village	ubly
place	2681360	MI	Union City village	union
place	2681420	MI	Unionville village	unionville
place	2681540	MI	Utica city	utica
place	2681680	MI	Vandalia village	vandalia
place	2681700	MI	Vanderbilt village	vanderbilt
place	2681840	MI	Vassar city	vassar
place	2681960	MI	Vermontville village	vermontville
place	2682020	MI	Vernon village	vernon
place	2682300	MI	Vicksburg village	vicksburg
place	2682450	MI	Village of Clarkston city	clarkston
place	2682453	MI	Village of Grosse Pointe Shores city	grosse pointe shores
place	2682780	MI	Wakefield city	wakefield
place	2682880	MI	Waldron village	waldron
place	2682960	MI	Walker city	walker
place	2683020	MI	Walkerville village	walkerville
place	2683060	MI	Walled Lake city	walled lake
place	2684000	MI	Warren city	warren
place	2684500	MI	Watervliet city	watervliet
place	2684880	MI	Wayland city	wayland
place	2684940	MI	Wayne city	wayne
place	2685080	MI	Webberville village	webberville
place	2685580	MI	West Branch city	west branch
place	2686000	MI	Westland city	westland
place	2686120	MI	Westphalia village	westphalia
place	2686680	MI	White Cloud city	white cloud
place	2686780	MI	Whitehall city	whitehall
place	2686920	MI	White Pigeon village	white pigeon
place	2687140	MI	Whittemore city	whittemore
place	2687420	MI	Williamston city	williamston
place	2688140	MI	Wixom city	wixom
place	2688240	MI	Wolverine village	wolverine
place	2688260	MI	Wolverine Lake village	wolverine lake
place	2688380	MI	Woodhaven city	woodhaven
place	2688420	MI	Woodland village	woodland
place	2688900	MI	Wyandotte city	wyandotte
place	2688940	MI	Wyoming city	wyoming
place	2689000	MI	Yale city	yale
place	2689140	MI	Ypsilanti city	ypsilanti
place	2689260	MI	Zeeland city	zeeland
place	2689320	MI	Zilwaukee city	zilwaukee
place	2700172	MN	Ada city	ada
place	2700190	MN	Adams city	adams
place	2700262	MN	Adrian city	adrian
place	2700316	MN	Afton city	afton
place	2700460	MN	Aitkin city	aitkin
place	2700496	MN	Akeley city	akeley
place	2700622	MN	Albany city	albany
place	2700676	MN	Alberta city	alberta
place	2700694	MN	Albert Lea city	albert lea
place	2700730	MN	Albertville city	albertville
place	2700838	MN	Alden city	alden
place	2700892	MN	Aldrich city	aldrich
place	2700928	MN	Alexandria city	alexandria
place	2701162	MN	Alpha city	alpha
place	2701234	MN	Altura city	altura
place	2701252	MN	Alvarado city	alvarado
place	2701324	MN	Amboy city	amboy
place	2701486	MN	Andover city	andover
place	2701684	MN	Annandale city	annandale
place	2701720	MN	Anoka city	anoka
place	2701864	MN	Appleton city	appleton
place	2701900	MN	Apple Valley city	apple valley
place	2701972	MN	Arco city	arco
place	2702026	MN	Arden Hills city	arden hills
place	2702134	MN	Argyle city	argyle
place	2702152	MN	Arlington city	arlington
place	2702422	MN	Ashby city	ashby
place	2702548	MN	Askov city	askov
place	2702692	MN	Atwater city	atwater
place	2702728	MN	Audubon city	audubon
place	2702872	MN	Aurora city	aurora
place	2702908	MN	Austin city	austin
place	2703052	MN	Avoca city	avoca
place	2703070	MN	Avon city	avon
place	2703106	MN	Babbitt city	babbitt
place	2703124	MN	Backus city	backus
place	2703160	MN	Badger city	badger
place	2703196	MN	Bagley city	bagley
place	2703250	MN	Balaton city	balaton
place	2703574	MN	Barnesville city	barnesville
place	2703628	MN	Barnum city	barnum
place	2703682	MN	Barrett city	barrett
place	2703718	MN	Barry city	barry
place	2703970	MN	Battle Lake city	battle lake
place	2704024	MN	Baudette city	baudette
place	2704042	MN	Baxter city	baxter
place	2704114	MN	Bayport city	bayport
place	2704204	MN	Beardsley city	beardsley
place	2704456	MN	Beaver Bay city	beaver bay
place	2704492	MN	Beaver Creek city	beaver creek
place	2704618	MN	Becker city	becker
place	2704672	MN	Bejou city	bejou
place	2704762	MN	Belgrade city	belgrade
place	2704798	MN	Bellechester city	bellechester
place	2704834	MN	Belle Plaine city	belle plaine
place	2704960	MN	Bellingham city	bellingham
place	2705014	MN	Beltrami city	beltrami
place	2705050	MN	Belview city	belview
place	2705068	MN	Bemidji city	bemidji
place	2705104	MN	Bena city	bena
place	2705212	MN	Benson city	benson
place	2705482	MN	Bertha city	bertha
place	2705554	MN	Bethel city	bethel
place	2705644	MN	Bigelow city	bigelow
place	2705680	MN	Big Falls city	big falls
place	2705698	MN	Bigfork city	bigfork
place	2705752	MN	Big Lake city	big lake
place	2705896	MN	Bingham Lake city	bingham lake
place	2706058	MN	Birchwood Village city	birchwood
place	2706076	MN	Bird Island city	bird island
place	2706112	MN	Biscay city	biscay
place	2706148	MN	Biwabik city	biwabik
place	2706256	MN	Blackduck city	blackduck
place	2706382	MN	Blaine city	blaine
place	2706490	MN	Blomkest city	blomkest
place	2706580	MN	Blooming Prairie city	blooming prairie
place	2706616	MN	Bloomington city	bloomington
place	2706688	MN	Blue Earth city	blue earth
place	2706778	MN	Bluffton city	bluffton
place	2706814	MN	Bock city	bock
place	2707030	MN	Borup city	borup
place	2707048	MN	Bovey city	bovey
place	2707066	MN	Bowlus city	bowlus
place	2707138	MN	Boyd city	boyd
place	2707174	MN	Boy River city	boy river
place	2707282	MN	Braham city	braham
place	2707300	MN	Brainerd city	brainerd
place	2707336	MN	Brandon city	brandon
place	2707462	MN	Breckenridge city	breckenridge
place	2707516	MN	Breezy Point city	breezy point
place	2707660	MN	Brewster city	brewster
place	2707678	MN	Bricelyn city	bricelyn
place	2707948	MN	Brooklyn Center city	brooklyn center
place	2707966	MN	Brooklyn Park city	brooklyn park
place	2707984	MN	Brook Park city	brook park
place	2708038	MN	Brooks city	brooks
place	2708056	MN	Brookston city	brookston
place	2708092	MN	Brooten city	brooten
place	2708110	MN	Browerville city	browerville
place	2708164	MN	Brownsdale city	brownsdale
place	2708200	MN	Browns Valley city	browns valley
place	2708218	MN	Brownsville city	brownsville
place	2708254	MN	Brownton city	brownton
place	2708290	MN	Bruno city	bruno
place	2708416	MN	Buckman city	buckman
place	2708452	MN	Buffalo city	buffalo
place	2708488	MN	Buffalo Lake city	buffalo lake
place	2708524	MN	Buhl city	buhl
place	2708794	MN	Burnsville city	burnsville
place	2708902	MN	Burtrum city	burtrum
place	2708992	MN	Butterfield city	butterfield
place	2709154	MN	Byron city	byron
place	2709226	MN	Caledonia city	caledonia
place	2709280	MN	Callaway city	callaway
place	2709316	MN	Calumet city	calumet
place	2709370	MN	Cambridge city	cambridge
place	2709496	MN	Campbell city	campbell
place	2709604	MN	Canby city	canby
place	2709730	MN	Cannon Falls city	cannon falls
place	2709802	MN	Canton city	canton
place	2709964	MN	Carlos city	carlos
place	2710018	MN	Carlton city	carlton
place	2710144	MN	Carver city	carver
place	2710252	MN	Cass Lake city	cass lake
place	2710468	MN	Cedar Mills city	cedar mills
place	2710576	MN	Center City city	center
place	2710648	MN	Centerville city	centerville
place	2710792	MN	Ceylon city	ceylon
place	2710846	MN	Champlin city	champlin
place	2710900	MN	Chandler city	chandler
place	2710918	MN	Chanhassen city	chanhassen
place	2710972	MN	Chaska city	chaska
place	2711008	MN	Chatfield city	chatfield
place	2711296	MN	Chickamaw Beach city	chickamaw beach
place	2711350	MN	Chisago City city	chisago
place	2711386	MN	Chisholm city	chisholm
place	2711440	MN	Chokio city	chokio
place	2711494	MN	Circle Pines city	circle pines
place	2711548	MN	Clara City city	clara
place	2711566	MN	Claremont city	claremont
place	2711602	MN	Clarissa city	clarissa
place	2711656	MN	Clarkfield city	clarkfield
place	2711674	MN	Clarks Grove city	clarks grove
place	2711746	MN	Clearbrook city	clearbrook
place	2711764	MN	Clear Lake city	clear lake
place	2711800	MN	Clearwater city	clearwater
place	2711836	MN	Clements city	clements
place	2711872	MN	Cleveland city	cleveland
place	2711962	MN	Climax city	climax
place	2711980	MN	Clinton city	clinton
place	2712088	MN	Clitherall city	clitherall
place	2712124	MN	Clontarf city	clontarf
place	2712160	MN	Cloquet city	cloquet
place	2712376	MN	Coates city	coates
place	2712394	MN	Cobden city	cobden
place	2712412	MN	Cohasset city	cohasset
place	2712430	MN	Cokato city	cokato
place	2712484	MN	Cold Spring city	cold spring
place	2712502	MN	Coleraine city	coleraine
place	2712664	MN	Cologne city	cologne
place	2712700	MN	Columbia Heights city	columbia heights
place	2712718	MN	Columbus city	columbus
place	2712772	MN	Comfrey city	comfrey
place	2712862	MN	Comstock city	comstock
place	2712952	MN	Conger city	conger
place	2713006	MN	Cook city	cook
place	2713114	MN	Coon Rapids city	coon rapids
place	2713168	MN	Corcoran city	corcoran
place	2713384	MN	Correll city	correll
place	2713420	MN	Cosmos city	cosmos
place	2713456	MN	Cottage Grove city	cottage grove
place	2713564	MN	Cottonwood city	cottonwood
place	2713582	MN	Courtland city	courtland
place	2713708	MN	Credit River city	credit river
place	2713780	MN	Cromwell city	cromwell
place	2713870	MN	Crookston city	crookston
place	2713924	MN	Crosby city	crosby
place	2713978	MN	Crosslake city	crosslake
place	2714158	MN	Crystal city	crystal
place	2714320	MN	Currie city	currie
place	2714428	MN	Cuyuna city	cuyuna
place	2714446	MN	Cyrus city	cyrus
place	2714518	MN	Dakota city	dakota
place	2714626	MN	Dalton city	dalton
place	2714716	MN	Danube city	danube
place	2714734	MN	Danvers city	danvers
place	2714770	MN	Darfur city	darfur
place	2714842	MN	Darwin city	darwin
place	2714878	MN	Dassel city	dassel
place	2714968	MN	Dawson city	dawson
place	2715022	MN	Dayton city	dayton
place	2715148	MN	Deephaven city	deephaven
place	2715184	MN	Deer Creek city	deer creek
place	2715310	MN	Deer River city	deer river
place	2715346	MN	Deerwood city	deerwood
place	2715418	MN	De Graff city	de graff
place	2715454	MN	Delano city	delano
place	2715472	MN	Delavan city	delavan
place	2715544	MN	Delhi city	delhi
place	2715616	MN	Dellwood city	dellwood
place	2715670	MN	Denham city	denham
place	2715706	MN	Dennison city	dennison
place	2715724	MN	Dent city	dent
place	2715832	MN	Detroit Lakes city	detroit lakes
place	2715886	MN	Dexter city	dexter
place	2715976	MN	Dilworth city	dilworth
place	2715994	MN	Dodge Center city	dodge center
place	2716030	MN	Donaldson city	donaldson
place	2716084	MN	Donnelly city	donnelly
place	2716156	MN	Doran city	doran
place	2716264	MN	Dover city	dover
place	2716300	MN	Dovray city	dovray
place	2717000	MN	Duluth city	duluth
place	2717090	MN	Dumont city	dumont
place	2717126	MN	Dundas city	dundas
place	2717144	MN	Dundee city	dundee
place	2717180	MN	Dunnell city	dunnell
place	2717288	MN	Eagan city	eagan
place	2717342	MN	Eagle Bend city	eagle bend
place	2717378	MN	Eagle Lake city	eagle lake
place	2717486	MN	East Bethel city	east bethel
place	2717612	MN	East Grand Forks city	east grand forks
place	2717630	MN	East Gull Lake city	east gull lake
place	2717738	MN	Easton city	easton
place	2717900	MN	Echo city	echo
place	2718116	MN	Eden Prairie city	eden prairie
place	2718134	MN	Eden Valley city	eden valley
place	2718152	MN	Edgerton city	edgerton
place	2718188	MN	Edina city	edina
place	2718260	MN	Effie city	effie
place	2718368	MN	Eitzen city	eitzen
place	2718386	MN	Elba city	elba
place	2718458	MN	Elbow Lake city	elbow lake
place	2718530	MN	Elgin city	elgin
place	2718566	MN	Elizabeth city	elizabeth
place	2718662	MN	Elko New Market city	elko new market
place	2718674	MN	Elk River city	elk river
place	2718728	MN	Elkton city	elkton
place	2718746	MN	Ellendale city	ellendale
place	2718836	MN	Ellsworth city	ellsworth
place	2718872	MN	Elmdale city	elmdale
place	2718998	MN	Elmore city	elmore
place	2719088	MN	Elrosa city	elrosa
place	2719142	MN	Ely city	ely
place	2719160	MN	Elysian city	elysian
place	2719286	MN	Emily city	emily
place	2719340	MN	Emmons city	emmons
place	2719358	MN	Empire city	empire
place	2719556	MN	Erhard city	erhard
place	2719700	MN	Erskine city	erskine
place	2719880	MN	Evan city	evan
place	2719898	MN	Evansville city	evansville
place	2719934	MN	Eveleth city	eveleth
place	2720078	MN	Excelsior city	excelsior
place	2720114	MN	Eyota city	eyota
place	2720222	MN	Fairfax city	fairfax
place	2720330	MN	Fairmont city	fairmont
place	2720420	MN	Falcon Heights city	falcon heights
place	2720546	MN	Faribault city	faribault
place	2720618	MN	Farmington city	farmington
place	2720690	MN	Farwell city	farwell
place	2720798	MN	Federal Dam city	federal dam
place	2720834	MN	Felton city	felton
place	2720906	MN	Fergus Falls city	fergus falls
place	2720978	MN	Fertile city	fertile
place	2721032	MN	Fifty Lakes city	fifty lakes
place	2721122	MN	Finlayson city	finlayson
place	2721158	MN	Fisher city	fisher
place	2721266	MN	Flensburg city	flensburg
place	2721338	MN	Floodwood city	floodwood
place	2721410	MN	Florence city	florence
place	2721536	MN	Foley city	foley
place	2721608	MN	Forada city	forada
place	2721770	MN	Forest Lake city	forest lake
place	2721824	MN	Foreston city	foreston
place	2721932	MN	Fort Ripley city	fort ripley
place	2721986	MN	Fosston city	fosston
place	2722094	MN	Fountain city	fountain
place	2722202	MN	Foxhome city	foxhome
place	2722364	MN	Franklin city	franklin
place	2722472	MN	Frazee city	frazee
place	2722526	MN	Freeborn city	freeborn
place	2722652	MN	Freeport city	freeport
place	2722814	MN	Fridley city	fridley
place	2722940	MN	Frost city	frost
place	2722958	MN	Fulda city	fulda
place	2722976	MN	Funkley city	funkley
place	2723120	MN	Garfield city	garfield
place	2723192	MN	Garrison city	garrison
place	2723228	MN	Garvin city	garvin
place	2723246	MN	Gary city	gary
place	2723300	MN	Gaylord city	gaylord
place	2723318	MN	Gem Lake city	gem lake
place	2723354	MN	Geneva city	geneva
place	2723444	MN	Genola city	genola
place	2723498	MN	Georgetown city	georgetown
place	2723660	MN	Ghent city	ghent
place	2723678	MN	Gibbon city	gibbon
place	2723714	MN	Gilbert city	gilbert
place	2723804	MN	Gilman city	gilman
place	2723948	MN	Glencoe city	glencoe
place	2724056	MN	Glenville city	glenville
place	2724074	MN	Glenwood city	glenwood
place	2724182	MN	Glyndon city	glyndon
place	2724308	MN	Golden Valley city	golden valley
place	2724344	MN	Gonvick city	gonvick
place	2724398	MN	Goodhue city	goodhue
place	2724470	MN	Goodridge city	goodridge
place	2724506	MN	Good Thunder city	good thunder
place	2724524	MN	Goodview city	goodview
place	2724758	MN	Graceville city	graceville
place	2724884	MN	Granada city	granada
place	2724992	MN	Grand Marais city	grand marais
place	2725010	MN	Grand Meadow city	grand meadow
place	2725118	MN	Grand Rapids city	grand rapids
place	2725280	MN	Granite Falls city	granite falls
place	2725334	MN	Grant city	grant
place	2725424	MN	Grasston city	grasston
place	2725604	MN	Greenbush city	greenbush
place	2725622	MN	Greenfield city	greenfield
place	2725658	MN	Green Isle city	green isle
place	2725874	MN	Greenwald city	greenwald
place	2725918	MN	Greenwood city	greenwood
place	2726000	MN	Grey Eagle city	grey eagle
place	2726126	MN	Grove City city	grove
place	2726216	MN	Grygla city	grygla
place	2726270	MN	Gully city	gully
place	2726378	MN	Hackensack city	hackensack
place	2726450	MN	Hadley city	hadley
place	2726576	MN	Hallock city	hallock
place	2726612	MN	Halma city	halma
place	2726630	MN	Halstad city	halstad
place	2726666	MN	Hamburg city	hamburg
place	2726738	MN	Ham Lake city	ham lake
place	2726828	MN	Hammond city	hammond
place	2726864	MN	Hampton city	hampton
place	2726936	MN	Hancock city	hancock
place	2726972	MN	Hanley Falls city	hanley falls
place	2726990	MN	Hanover city	hanover
place	2727008	MN	Hanska city	hanska
place	2727098	MN	Harding city	harding
place	2727116	MN	Hardwick city	hardwick
place	2727188	MN	Harmony city	harmony
place	2727278	MN	Harris city	harris
place	2727404	MN	Hartland city	hartland
place	2727530	MN	Hastings city	hastings
place	2727566	MN	Hatfield city	hatfield
place	2727746	MN	Hawley city	hawley
place	2727872	MN	Hayfield city	hayfield
place	2727944	MN	Hayward city	hayward
place	2728016	MN	Hazel Run city	hazel run
place	2728124	MN	Hector city	hector
place	2728214	MN	Heidelberg city	heidelberg
place	2728394	MN	Henderson city	henderson
place	2728430	MN	Hendricks city	hendricks
place	2728484	MN	Hendrum city	hendrum
place	2728520	MN	Henning city	henning
place	2728574	MN	Henriette city	henriette
place	2728646	MN	Herman city	herman
place	2728682	MN	Hermantown city	hermantown
place	2728700	MN	Heron Lake city	heron lake
place	2728754	MN	Hewitt city	hewitt
place	2728790	MN	Hibbing city	hibbing
place	2729096	MN	Hill City city	hill
place	2729150	MN	Hillman city	hillman
place	2729204	MN	Hills city	hills
place	2729258	MN	Hilltop city	hilltop
place	2729294	MN	Hinckley city	hinckley
place	2729402	MN	Hitterdal city	hitterdal
place	2729474	MN	Hoffman city	hoffman
place	2729510	MN	Hokah city	hokah
place	2729582	MN	Holdingford city	holdingford
place	2729618	MN	Holland city	holland
place	2729636	MN	Hollandale city	hollandale
place	2729672	MN	Holloway city	holloway
place	2729870	MN	Holt city	holt
place	2730140	MN	Hopkins city	hopkins
place	2730230	MN	Houston city	houston
place	2730284	MN	Howard Lake city	howard lake
place	2730302	MN	Hoyt Lakes city	hoyt lakes
place	2730392	MN	Hugo city	hugo
place	2730446	MN	Humboldt city	humboldt
place	2730644	MN	Hutchinson city	hutchinson
place	2730806	MN	Ihlen city	ihlen
place	2730842	MN	Independence city	independence
place	2731040	MN	International Falls city	international falls
place	2731076	MN	Inver Grove Heights city	inver grove heights
place	2731094	MN	Iona city	iona
place	2731238	MN	Iron Junction city	iron junction
place	2731274	MN	Ironton city	ironton
place	2731328	MN	Isanti city	isanti
place	2731472	MN	Isle city	isle
place	2731526	MN	Ivanhoe city	ivanhoe
place	2731562	MN	Jackson city	jackson
place	2731706	MN	Janesville city	janesville
place	2731760	MN	Jasper city	jasper
place	2731796	MN	Jeffers city	jeffers
place	2731832	MN	Jenkins city	jenkins
place	2732012	MN	Johnson city	johnson
place	2732174	MN	Jordan city	jordan
place	2732372	MN	Kandiyohi city	kandiyohi
place	2732444	MN	Karlstad city	karlstad
place	2732462	MN	Kasota city	kasota
place	2732498	MN	Kasson city	kasson
place	2732570	MN	Keewatin city	keewatin
place	2732606	MN	Kelliher city	kelliher
place	2732642	MN	Kellogg city	kellogg
place	2732732	MN	Kennedy city	kennedy
place	2732750	MN	Kenneth city	kenneth
place	2732768	MN	Kensington city	kensington
place	2732786	MN	Kent city	kent
place	2732840	MN	Kenyon city	kenyon
place	2732876	MN	Kerkhoven city	kerkhoven
place	2732912	MN	Kerrick city	kerrick
place	2732966	MN	Kettle River city	kettle river
place	2733056	MN	Kiester city	kiester
place	2733110	MN	Kilkenny city	kilkenny
place	2733164	MN	Kimball city	kimball
place	2733236	MN	Kinbrae city	kinbrae
place	2733344	MN	Kingston city	kingston
place	2733416	MN	Kinney city	kinney
place	2733866	MN	La Crescent city	la crescent
place	2733920	MN	Lafayette city	lafayette
place	2734100	MN	Lake Benton city	lake benton
place	2734136	MN	Lake Bronson city	lake bronson
place	2734172	MN	Lake City city	lake
place	2734190	MN	Lake Crystal city	lake crystal
place	2734244	MN	Lake Elmo city	lake elmo
place	2734316	MN	Lakefield city	lakefield
place	2734478	MN	Lake Henry city	lake henry
place	2734622	MN	Lakeland city	lakeland
place	2734658	MN	Lakeland Shores city	lakeland shores
place	2734676	MN	Lake Lillian city	lake lillian
place	2734784	MN	Lake Park city	lake park
place	2734865	MN	Lake St. Croix Beach city	lake st croix beach
place	2734928	MN	Lake Shore city	lake shore
place	2735180	MN	Lakeville city	lakeville
place	2735198	MN	Lake Wilson city	lake wilson
place	2735288	MN	Lamberton city	lamberton
place	2735378	MN	Lancaster city	lancaster
place	2735414	MN	Landfall city	landfall
place	2735450	MN	Lanesboro city	lanesboro
place	2735612	MN	Laporte city	laporte
place	2735648	MN	La Prairie city	la prairie
place	2735702	MN	La Salle city	la salle
place	2735720	MN	Lastrup city	lastrup
place	2735738	MN	Lauderdale city	lauderdale
place	2736134	MN	Le Center city	le center
place	2736404	MN	Lengby city	lengby
place	2736494	MN	Leonard city	leonard
place	2736530	MN	Leonidas city	leonidas
place	2736620	MN	Le Roy city	le roy
place	2736728	MN	Lester Prairie city	lester prairie
place	2736746	MN	Le Sueur city	le sueur
place	2736800	MN	Lewiston city	lewiston
place	2736818	MN	Lewisville city	lewisville
place	2736836	MN	Lexington city	lexington
place	2737016	MN	Lilydale city	lilydale
place	2737304	MN	Lindstrom city	lindstrom
place	2737322	MN	Lino Lakes city	lino lakes
place	2737412	MN	Lismore city	lismore
place	2737448	MN	Litchfield city	litchfield
place	2737502	MN	Little Canada city	little canada
place	2737556	MN	Little Falls city	little falls
place	2737592	MN	Littlefork city	littlefork
place	2737970	MN	Long Beach city	long beach
place	2738006	MN	Long Lake city	long lake
place	2738060	MN	Long Prairie city	long prairie
place	2738114	MN	Longville city	longville
place	2738150	MN	Lonsdale city	lonsdale
place	2738222	MN	Loretto city	loretto
place	2738258	MN	Louisburg city	louisburg
place	2738366	MN	Lowry city	lowry
place	2738420	MN	Lucan city	lucan
place	2738564	MN	Luverne city	luverne
place	2738654	MN	Lyle city	lyle
place	2738708	MN	Lynd city	lynd
place	2738888	MN	Mabel city	mabel
place	2738996	MN	McGrath city	mcgrath
place	2739014	MN	McGregor city	mcgregor
place	2739050	MN	McIntosh city	mcintosh
place	2739140	MN	McKinley city	mckinley
place	2739230	MN	Madelia city	madelia
place	2739266	MN	Madison city	madison
place	2739320	MN	Madison Lake city	madison lake
place	2739338	MN	Magnolia city	magnolia
place	2739392	MN	Mahnomen city	mahnomen
place	2739428	MN	Mahtomedi city	mahtomedi
place	2739716	MN	Manchester city	manchester
place	2739806	MN	Manhattan Beach city	manhattan beach
place	2739878	MN	Mankato city	mankato
place	2739986	MN	Mantorville city	mantorville
place	2740166	MN	Maple Grove city	maple grove
place	2740220	MN	Maple Lake city	maple lake
place	2740256	MN	Maple Plain city	maple plain
place	2740310	MN	Mapleton city	mapleton
place	2740346	MN	Mapleview city	mapleview
place	2740382	MN	Maplewood city	maplewood
place	2740418	MN	Marble city	marble
place	2740526	MN	Marietta city	marietta
place	2740562	MN	Marine on St. Croix city	marine on st croix
place	2740688	MN	Marshall city	marshall
place	2741138	MN	Mayer city	mayer
place	2741210	MN	Maynard city	maynard
place	2741282	MN	Mazeppa city	mazeppa
place	2741372	MN	Meadowlands city	meadowlands
place	2741426	MN	Medford city	medford
place	2741462	MN	Medicine Lake city	medicine lake
place	2741480	MN	Medina city	medina
place	2741534	MN	Meire Grove city	meire grove
place	2741570	MN	Melrose city	melrose
place	2741660	MN	Menahga city	menahga
place	2741678	MN	Mendota city	mendota
place	2741696	MN	Mendota Heights city	mendota heights
place	2741714	MN	Mentor city	mentor
place	2741912	MN	Middle River city	middle river
place	2742092	MN	Miesville city	miesville
place	2742110	MN	Milaca city	milaca
place	2742146	MN	Milan city	milan
place	2742254	MN	Millerville city	millerville
place	2742290	MN	Millville city	millville
place	2742362	MN	Milroy city	milroy
place	2742398	MN	Miltona city	miltona
place	2743000	MN	Minneapolis city	minneapolis
place	2743036	MN	Minneiska city	minneiska
place	2743126	MN	Minneota city	minneota
place	2743144	MN	Minnesota City city	minnesota
place	2743198	MN	Minnesota Lake city	minnesota lake
place	2743252	MN	Minnetonka city	minnetonka
place	2743306	MN	Minnetrista city	minnetrista
place	2743540	MN	Mizpah city	mizpah
place	2743720	MN	Montevideo city	montevideo
place	2743738	MN	Montgomery city	montgomery
place	2743774	MN	Monticello city	monticello
place	2743810	MN	Montrose city	montrose
place	2743864	MN	Moorhead city	moorhead
place	2743954	MN	Moose Lake city	moose lake
place	2744044	MN	Mora city	mora
place	2744116	MN	Morgan city	morgan
place	2744242	MN	Morris city	morris
place	2744296	MN	Morristown city	morristown
place	2744368	MN	Morton city	morton
place	2744422	MN	Motley city	motley
place	2744476	MN	Mound city	mound
place	2744530	MN	Mounds View city	mounds view
place	2744548	MN	Mountain Iron city	mountain iron
place	2744566	MN	Mountain Lake city	mountain lake
place	2744818	MN	Murdock city	murdock
place	2744890	MN	Myrtle city	myrtle
place	2744944	MN	Nashua city	nashua
place	2744980	MN	Nashwauk city	nashwauk
place	2745016	MN	Nassau city	nassau
place	2745106	MN	Nelson city	nelson
place	2745196	MN	Nerstrand city	nerstrand
place	2745340	MN	Nevis city	nevis
place	2745376	MN	New Auburn city	new auburn
place	2745430	MN	New Brighton city	new brighton
place	2745520	MN	Newfolden city	newfolden
place	2745556	MN	New Germany city	new germany
place	2745628	MN	New Hope city	new hope
place	2745682	MN	New London city	new london
place	2745772	MN	New Munich city	new munich
place	2745790	MN	Newport city	newport
place	2745808	MN	New Prague city	new prague
place	2745862	MN	New Richland city	new richland
place	2746024	MN	New Trier city	new trier
place	2746042	MN	New Ulm city	new ulm
place	2746060	MN	New York Mills city	new york mills
place	2746150	MN	Nicollet city	nicollet
place	2746258	MN	Nielsville city	nielsville
place	2746294	MN	Nimrod city	nimrod
place	2746348	MN	Nisswa city	nisswa
place	2746492	MN	Norcross city	norcross
place	2746798	MN	North Branch city	north branch
place	2746924	MN	Northfield city	northfield
place	2747068	MN	North Mankato city	north mankato
place	2747104	MN	North Oaks city	north oaks
place	2747122	MN	Northome city	northome
place	2747212	MN	Northrop city	northrop
place	2747221	MN	North St. Paul city	north st paul
place	2747520	MN	Norwood Young America city	norwood young america
place	2747536	MN	Nowthen city	nowthen
place	2747680	MN	Oakdale city	oakdale
place	2747690	MN	Oak Grove city	oak grove
place	2747914	MN	Oak Park Heights city	oak park heights
place	2748058	MN	Odessa city	odessa
place	2748094	MN	Odin city	odin
place	2748130	MN	Ogema city	ogema
place	2748166	MN	Ogilvie city	ogilvie
place	2748184	MN	Okabena city	okabena
place	2748202	MN	Oklee city	oklee
place	2748256	MN	Olivia city	olivia
place	2748310	MN	Onamia city	onamia
place	2748562	MN	Ormsby city	ormsby
place	2748580	MN	Orono city	orono
place	2748598	MN	Oronoco city	oronoco
place	2748634	MN	Orr city	orr
place	2748706	MN	Ortonville city	ortonville
place	2748796	MN	Osakis city	osakis
place	2748976	MN	Oslo city	oslo
place	2749012	MN	Osseo city	osseo
place	2749030	MN	Ostrander city	ostrander
place	2749138	MN	Otsego city	otsego
place	2749210	MN	Ottertail city	ottertail
place	2749300	MN	Owatonna city	owatonna
place	2749498	MN	Palisade city	palisade
place	2749732	MN	Parkers Prairie city	parkers prairie
place	2749768	MN	Park Rapids city	park rapids
place	2749966	MN	Paynesville city	paynesville
place	2750056	MN	Pease city	pease
place	2750164	MN	Pelican Rapids city	pelican rapids
place	2750200	MN	Pemberton city	pemberton
place	2750344	MN	Pennock city	pennock
place	2750416	MN	Pequot Lakes city	pequot lakes
place	2750470	MN	Perham city	perham
place	2750506	MN	Perley city	perley
place	2750596	MN	Peterson city	peterson
place	2750776	MN	Pierz city	pierz
place	2750902	MN	Pillager city	pillager
place	2751064	MN	Pine City city	pine
place	2751136	MN	Pine Island city	pine island
place	2751280	MN	Pine River city	pine river
place	2751316	MN	Pine Springs city	pine springs
place	2751388	MN	Pipestone city	pipestone
place	2751424	MN	Plainview city	plainview
place	2751460	MN	Plato city	plato
place	2751712	MN	Plummer city	plummer
place	2751730	MN	Plymouth city	plymouth
place	2752144	MN	Porter city	porter
place	2752450	MN	Preston city	preston
place	2752522	MN	Princeton city	princeton
place	2752558	MN	Prinsburg city	prinsburg
place	2752594	MN	Prior Lake city	prior lake
place	2752630	MN	Proctor city	proctor
place	2752756	MN	Quamba city	quamba
place	2752882	MN	Racine city	racine
place	2753026	MN	Ramsey city	ramsey
place	2753080	MN	Randall city	randall
place	2753098	MN	Randolph city	randolph
place	2753134	MN	Ranier city	ranier
place	2753296	MN	Raymond city	raymond
place	2753476	MN	Red Lake Falls city	red lake falls
place	2753620	MN	Red Wing city	red wing
place	2753656	MN	Redwood Falls city	redwood falls
place	2753710	MN	Regal city	regal
place	2753782	MN	Remer city	remer
place	2753890	MN	Renville city	renville
place	2753908	MN	Revere city	revere
place	2753998	MN	Rice city	rice
place	2754060	MN	Rice Lake city	rice lake
place	2754214	MN	Richfield city	richfield
place	2754268	MN	Richmond city	richmond
place	2754340	MN	Richville city	richville
place	2754736	MN	Riverton city	riverton
place	2754808	MN	Robbinsdale city	robbinsdale
place	2754880	MN	Rochester city	rochester
place	2754934	MN	Rock Creek city	rock creek
place	2755006	MN	Rockford city	rockford
place	2755078	MN	Rockville city	rockville
place	2755186	MN	Rogers city	rogers
place	2755276	MN	Rollingstone city	rollingstone
place	2755438	MN	Roosevelt city	roosevelt
place	2755510	MN	Roscoe city	roscoe
place	2755546	MN	Roseau city	roseau
place	2755600	MN	Rose Creek city	rose creek
place	2755726	MN	Rosemount city	rosemount
place	2755852	MN	Roseville city	roseville
place	2756014	MN	Rothsay city	rothsay
place	2756086	MN	Round Lake city	round lake
place	2756176	MN	Royalton city	royalton
place	2756266	MN	Rush City city	rush
place	2756284	MN	Rushford city	rushford
place	2756302	MN	Rushford Village city	rushford
place	2756338	MN	Rushmore city	rushmore
place	2756428	MN	Russell city	russell
place	2756482	MN	Ruthton city	ruthton
place	2756518	MN	Rutledge city	rutledge
place	2756554	MN	Sabin city	sabin
place	2756572	MN	Sacred Heart city	sacred heart
place	2756680	MN	St. Anthony city	st anthony
place	2756698	MN	St. Anthony city	st anthony
place	2756724	MN	St. Augusta city	st augusta
place	2756770	MN	St. Bonifacius city	st bonifacius
place	2756788	MN	St. Charles city	st charles
place	2756824	MN	St. Clair city	st clair
place	2756896	MN	St. Cloud city	st cloud
place	2756950	MN	St. Francis city	st francis
place	2757022	MN	St. Hilaire city	st hilaire
place	2757040	MN	St. James city	st james
place	2757130	MN	St. Joseph city	st joseph
place	2757202	MN	St. Leo city	st leo
place	2757220	MN	St. Louis Park city	st louis park
place	2757238	MN	St. Martin city	st martin
place	2757292	MN	St. Marys Point city	st marys point
place	2757346	MN	St. Michael city	st michael
place	2758000	MN	St. Paul city	st paul
place	2758018	MN	St. Paul Park city	st paul park
place	2758036	MN	St. Peter city	st peter
place	2758072	MN	St. Rosa city	st rosa
place	2758090	MN	St. Stephen city	st stephen
place	2758144	MN	St. Vincent city	st vincent
place	2758306	MN	Sanborn city	sanborn
place	2758396	MN	Sandstone city	sandstone
place	2758576	MN	Sargeant city	sargeant
place	2758612	MN	Sartell city	sartell
place	2758648	MN	Sauk Centre city	sauk centre
place	2758684	MN	Sauk Rapids city	sauk rapids
place	2758738	MN	Savage city	savage
place	2758900	MN	Scandia city	scandia
place	2758936	MN	Scanlon city	scanlon
place	2759098	MN	Seaforth city	seaforth
place	2759152	MN	Sebeka city	sebeka
place	2759188	MN	Sedan city	sedan
place	2759314	MN	Shafer city	shafer
place	2759350	MN	Shakopee city	shakopee
place	2759566	MN	Shelly city	shelly
place	2759620	MN	Sherburn city	sherburn
place	2759782	MN	Shevlin city	shevlin
place	2759998	MN	Shoreview city	shoreview
place	2760016	MN	Shorewood city	shorewood
place	2760250	MN	Silver Bay city	silver bay
place	2760376	MN	Silver Lake city	silver lake
place	2760754	MN	Skyline city	skyline
place	2760808	MN	Slayton city	slayton
place	2760844	MN	Sleepy Eye city	sleepy eye
place	2761006	MN	Sobieski city	sobieski
place	2761114	MN	Solway city	solway
place	2761402	MN	South Haven city	south haven
place	2761492	MN	South St. Paul city	south st paul
place	2761690	MN	Spicer city	spicer
place	2761816	MN	Springfield city	springfield
place	2761852	MN	Spring Grove city	spring grove
place	2761888	MN	Spring Hill city	spring hill
place	2761996	MN	Spring Lake Park city	spring lake park
place	2762014	MN	Spring Park city	spring park
place	2762104	MN	Spring Valley city	spring valley
place	2762284	MN	Squaw Lake city	squaw lake
place	2762320	MN	Stacy city	stacy
place	2762446	MN	Staples city	staples
place	2762500	MN	Starbuck city	starbuck
place	2762662	MN	Steen city	steen
place	2762698	MN	Stephen city	stephen
place	2762788	MN	Stewart city	stewart
place	2762806	MN	Stewartville city	stewartville
place	2762824	MN	Stillwater city	stillwater
place	2762896	MN	Stockton city	stockton
place	2763022	MN	Storden city	storden
place	2763112	MN	Strandquist city	strandquist
place	2763130	MN	Strathcona city	strathcona
place	2763220	MN	Sturgeon Lake city	sturgeon lake
place	2763454	MN	Sunburg city	sunburg
place	2763544	MN	Sunfish Lake city	sunfish lake
place	2763778	MN	Swanville city	swanville
place	2764048	MN	Taconite city	taconite
place	2764156	MN	Tamarack city	tamarack
place	2764210	MN	Taopi city	taopi
place	2764264	MN	Taunton city	taunton
place	2764318	MN	Taylors Falls city	taylors falls
place	2764444	MN	Tenstrike city	tenstrike
place	2764570	MN	Thief River Falls city	thief river falls
place	2764948	MN	Tintah city	tintah
place	2765164	MN	Tonka Bay city	tonka bay
place	2765272	MN	Tower city	tower
place	2765308	MN	Tracy city	tracy
place	2765344	MN	Trail city	trail
place	2765470	MN	Trimont city	trimont
place	2765506	MN	Trommald city	trommald
place	2765542	MN	Trosky city	trosky
place	2765668	MN	Truman city	truman
place	2765794	MN	Turtle River city	turtle river
place	2765920	MN	Twin Lakes city	twin lakes
place	2765938	MN	Twin Valley city	twin valley
place	2765956	MN	Two Harbors city	two harbors
place	2766046	MN	Tyler city	tyler
place	2766136	MN	Ulen city	ulen
place	2766172	MN	Underwood city	underwood
place	2766334	MN	Upsala city	upsala
place	2766388	MN	Urbank city	urbank
place	2766424	MN	Utica city	utica
place	2766460	MN	Vadnais Heights city	vadnais heights
place	2766766	MN	Vergas city	vergas
place	2766802	MN	Vermillion city	vermillion
place	2766874	MN	Verndale city	verndale
place	2766910	MN	Vernon Center city	vernon center
place	2766982	MN	Vesta city	vesta
place	2767036	MN	Victoria city	victoria
place	2767090	MN	Viking city	viking
place	2767130	MN	Village of Minnetonka Beach city	minnetonka beach
place	2767144	MN	Villard city	villard
place	2767216	MN	Vining city	vining
place	2767288	MN	Virginia city	virginia
place	2767378	MN	Wabasha city	wabasha
place	2767396	MN	Wabasso city	wabasso
place	2767432	MN	Waconia city	waconia
place	2767504	MN	Wadena city	wadena
place	2767558	MN	Wahkon city	wahkon
place	2767612	MN	Waite Park city	waite park
place	2767756	MN	Waldorf city	waldorf
place	2767792	MN	Walker city	walker
place	2767846	MN	Walnut Grove city	walnut grove
place	2767900	MN	Walters city	walters
place	2767918	MN	Waltham city	waltham
place	2767972	MN	Wanamingo city	wanamingo
place	2768008	MN	Wanda city	wanda
place	2768080	MN	Warba city	warba
place	2768170	MN	Warren city	warren
place	2768224	MN	Warroad city	warroad
place	2768296	MN	Waseca city	waseca
place	2768548	MN	Watertown city	watertown
place	2768584	MN	Waterville city	waterville
place	2768620	MN	Watkins city	watkins
place	2768656	MN	Watson city	watson
place	2768674	MN	Waubun city	waubun
place	2768764	MN	Waverly city	waverly
place	2768818	MN	Wayzata city	wayzata
place	2769070	MN	Welcome city	welcome
place	2769106	MN	Wells city	wells
place	2769142	MN	Wendell city	wendell
place	2769250	MN	Westbrook city	westbrook
place	2769304	MN	West Concord city	west concord
place	2769628	MN	Westport city	westport
place	2769700	MN	West St. Paul city	west st paul
place	2769736	MN	West Union city	west union
place	2769808	MN	Whalan city	whalan
place	2769844	MN	Wheaton city	wheaton
place	2769970	MN	White Bear Lake city	white bear lake
place	2770258	MN	Wilder city	wilder
place	2770366	MN	Willernie city	willernie
place	2770402	MN	Williams city	williams
place	2770420	MN	Willmar city	willmar
place	2770492	MN	Willow River city	willow river
place	2770582	MN	Wilmont city	wilmont
place	2770708	MN	Wilton city	wilton
place	2770798	MN	Windom city	windom
place	2770870	MN	Winger city	winger
place	2770924	MN	Winnebago city	winnebago
place	2771032	MN	Winona city	winona
place	2771086	MN	Winsted city	winsted
place	2771122	MN	Winthrop city	winthrop
place	2771140	MN	Winton city	winton
place	2771338	MN	Wolf Lake city	wolf lake
place	2771392	MN	Wolverton city	wolverton
place	2771428	MN	Woodbury city	woodbury
place	2771446	MN	Wood Lake city	wood lake
place	2771500	MN	Woodland city	woodland
place	2771680	MN	Woodstock city	woodstock
place	2771734	MN	Worthington city	worthington
place	2771788	MN	Wrenshall city	wrenshall
place	2771824	MN	Wright city	wright
place	2771950	MN	Wykoff city	wykoff
place	2772022	MN	Wyoming city	wyoming
place	2772184	MN	Zemple city	zemple
place	2772238	MN	Zimmerman city	zimmerman
place	2772310	MN	Zumbro Falls city	zumbro falls
place	2772328	MN	Zumbrota city	zumbrota
place	2800100	MS	Abbeville town	abbeville
place	2800180	MS	Aberdeen city	aberdeen
place	2800300	MS	Ackerman town	ackerman
place	2800820	MS	Algoma town	algoma
place	2800940	MS	Alligator town	alligator
place	2801260	MS	Amory city	amory
place	2801500	MS	Anguilla town	anguilla
place	2801820	MS	Arcola town	arcola
place	2802100	MS	Artesia town	artesia
place	2802140	MS	Ashland town	ashland
place	2802700	MS	Baldwyn city	baldwyn
place	2803580	MS	Bassfield town	bassfield
place	2803620	MS	Batesville city	batesville
place	2803980	MS	Bay St. Louis city	bay st louis
place	2804060	MS	Bay Springs city	bay springs
place	2804500	MS	Beaumont town	beaumont
place	2804540	MS	Beauregard village	beauregard
place	2805100	MS	Belmont town	belmont
place	2805140	MS	Belzoni city	belzoni
place	2805220	MS	Benoit town	benoit
place	2805380	MS	Bentonia town	bentonia
place	2805820	MS	Beulah town	beulah
place	2806060	MS	Big Creek village	big creek
place	2806220	MS	Biloxi city	biloxi
place	2807060	MS	Blue Mountain town	blue mountain
place	2807100	MS	Blue Springs village	blue springs
place	2807540	MS	Bolton town	bolton
place	2807780	MS	Booneville city	booneville
place	2808180	MS	Boyle town	boyle
place	2808300	MS	Brandon city	brandon
place	2808460	MS	Braxton village	braxton
place	2808820	MS	Brookhaven city	brookhaven
place	2808980	MS	Brooksville town	brooksville
place	2809180	MS	Bruce town	bruce
place	2809460	MS	Bude town	bude
place	2809820	MS	Burnsville town	burnsville
place	2810060	MS	Byhalia town	byhalia
place	2810140	MS	Byram city	byram
place	2810460	MS	Caledonia town	caledonia
place	2810580	MS	Calhoun City town	calhoun
place	2811100	MS	Canton city	canton
place	2811580	MS	Carrollton town	carrollton
place	2811780	MS	Carthage city	carthage
place	2811820	MS	Cary town	cary
place	2812740	MS	Centreville town	centreville
place	2812900	MS	Charleston city	charleston
place	2813580	MS	Chunky town	chunky
place	2813820	MS	Clarksdale city	clarksdale
place	2814260	MS	Cleveland city	cleveland
place	2814420	MS	Clinton city	clinton
place	2814580	MS	Coahoma town	coahoma
place	2814740	MS	Coffeeville town	coffeeville
place	2814900	MS	Coldwater town	coldwater
place	2815140	MS	Collins city	collins
place	2815340	MS	Columbia city	columbia
place	2815380	MS	Columbus city	columbus
place	2815500	MS	Como town	como
place	2815700	MS	Corinth city	corinth
place	2815980	MS	Courtland town	courtland
place	2816420	MS	Crawford town	crawford
place	2816460	MS	Crenshaw town	crenshaw
place	2816620	MS	Crosby town	crosby
place	2816940	MS	Crowder town	crowder
place	2816980	MS	Cruger town	cruger
place	2817060	MS	Crystal Springs city	crystal springs
place	2818180	MS	Decatur town	decatur
place	2818340	MS	De Kalb town	de kalb
place	2818940	MS	Derma town	derma
place	2819100	MS	Diamondhead city	diamondhead
place	2819180	MS	D'Iberville city	diberville
place	2819340	MS	D'Lo town	dlo
place	2819420	MS	Doddsville town	doddsville
place	2820020	MS	Drew city	drew
place	2820260	MS	Duck Hill town	duck hill
place	2820340	MS	Dumas town	dumas
place	2820380	MS	Duncan town	duncan
place	2820500	MS	Durant city	durant
place	2821340	MS	Ecru town	ecru
place	2821420	MS	Eden village	eden
place	2821580	MS	Edwards town	edwards
place	2822020	MS	Ellisville city	ellisville
place	2822580	MS	Enterprise town	enterprise
place	2823220	MS	Ethel town	ethel
place	2823420	MS	Eupora city	eupora
place	2824180	MS	Falcon town	falcon
place	2824220	MS	Falkner town	falkner
place	2824420	MS	Farmington town	farmington
place	2824500	MS	Fayette city	fayette
place	2824940	MS	Flora town	flora
place	2824980	MS	Florence city	florence
place	2825100	MS	Flowood city	flowood
place	2825340	MS	Forest city	forest
place	2826020	MS	French Camp town	french camp
place	2826060	MS	Friars Point town	friars point
place	2826300	MS	Fulton city	fulton
place	2826780	MS	Gattman village	gattman
place	2826860	MS	Gautier city	gautier
place	2826980	MS	Georgetown town	georgetown
place	2827540	MS	Glen town	glen
place	2827660	MS	Glendora village	glendora
place	2827820	MS	Gloster town	gloster
place	2827900	MS	Gluckstadt city	gluckstadt
place	2827940	MS	Golden town	golden
place	2828220	MS	Goodman town	goodman
place	2829180	MS	Greenville city	greenville
place	2829340	MS	Greenwood city	greenwood
place	2829460	MS	Grenada city	grenada
place	2829700	MS	Gulfport city	gulfport
place	2829900	MS	Gunnison town	gunnison
place	2829940	MS	Guntown town	guntown
place	2830980	MS	Hatley town	hatley
place	2831020	MS	Hattiesburg city	hattiesburg
place	2831220	MS	Hazlehurst city	hazlehurst
place	2831420	MS	Heidelberg town	heidelberg
place	2831780	MS	Hernando city	hernando
place	2831980	MS	Hickory town	hickory
place	2832020	MS	Hickory Flat town	hickory flat
place	2832900	MS	Hollandale city	hollandale
place	2833100	MS	Holly Springs city	holly springs
place	2833700	MS	Horn Lake city	horn lake
place	2833900	MS	Houston city	houston
place	2834740	MS	Indianola city	indianola
place	2835020	MS	Inverness town	inverness
place	2835220	MS	Isola town	isola
place	2835260	MS	Itta Bena city	itta bena
place	2835300	MS	Iuka city	iuka
place	2836000	MS	Jackson city	jackson
place	2836800	MS	Jonestown town	jonestown
place	2837040	MS	Jumpertown town	jumpertown
place	2837560	MS	Kilmichael town	kilmichael
place	2838320	MS	Kosciusko city	kosciusko
place	2838360	MS	Kossuth village	kossuth
place	2838600	MS	Lake town	lake
place	2839080	MS	Lambert town	lambert
place	2839640	MS	Laurel city	laurel
place	2839840	MS	Leakesville town	leakesville
place	2839880	MS	Learned town	learned
place	2840280	MS	Leland city	leland
place	2840360	MS	Lena town	lena
place	2840600	MS	Lexington city	lexington
place	2840640	MS	Liberty town	liberty
place	2841680	MS	Long Beach city	long beach
place	2842200	MS	Louin town	louin
place	2842240	MS	Louise town	louise
place	2842280	MS	Louisville city	louisville
place	2842440	MS	Lucedale city	lucedale
place	2842600	MS	Lula town	lula
place	2842640	MS	Lumberton city	lumberton
place	2842960	MS	Lyon town	lyon
place	2842980	MS	Maben town	maben
place	2843280	MS	McComb city	mccomb
place	2843400	MS	McCool town	mccool
place	2843840	MS	McLain town	mclain
place	2844240	MS	Macon city	macon
place	2844520	MS	Madison city	madison
place	2844600	MS	Magee city	magee
place	2844680	MS	Magnolia city	magnolia
place	2844920	MS	Mantachie town	mantachie
place	2844960	MS	Mantee village	mantee
place	2845120	MS	Marietta town	marietta
place	2845160	MS	Marion town	marion
place	2845240	MS	Marks city	marks
place	2845720	MS	Mathiston town	mathiston
place	2846000	MS	Mayersville town	mayersville
place	2846200	MS	Meadville town	meadville
place	2846600	MS	Mendenhall city	mendenhall
place	2846640	MS	Meridian city	meridian
place	2846720	MS	Merigold town	merigold
place	2846880	MS	Metcalfe town	metcalfe
place	2848240	MS	Mize town	mize
place	2848560	MS	Monticello town	monticello
place	2848640	MS	Montrose town	montrose
place	2848760	MS	Moorhead city	moorhead
place	2848800	MS	Morgan City town	morgan
place	2849080	MS	Morton city	morton
place	2849240	MS	Moss Point city	moss point
place	2849320	MS	Mound Bayou city	mound bayou
place	2849520	MS	Mount Olive town	mount olive
place	2850280	MS	Myrtle town	myrtle
place	2850440	MS	Natchez city	natchez
place	2850880	MS	Nettleton city	nettleton
place	2851000	MS	New Albany city	new albany
place	2851040	MS	New Augusta town	new augusta
place	2851360	MS	New Hebron town	new hebron
place	2851420	MS	New Houlka town	new houlka
place	2851720	MS	Newton city	newton
place	2852400	MS	North Carrollton town	north carrollton
place	2852880	MS	Noxapater town	noxapater
place	2853200	MS	Oakland town	oakland
place	2853520	MS	Ocean Springs city	ocean springs
place	2853680	MS	Okolona city	okolona
place	2854040	MS	Olive Branch city	olive branch
place	2854640	MS	Osyka town	osyka
place	2854840	MS	Oxford city	oxford
place	2854920	MS	Pace town	pace
place	2854960	MS	Pachuta town	pachuta
place	2855000	MS	Paden village	paden
place	2855360	MS	Pascagoula city	pascagoula
place	2855400	MS	Pass Christian city	pass christian
place	2855760	MS	Pearl city	pearl
place	2856200	MS	Pelahatchie town	pelahatchie
place	2856800	MS	Petal city	petal
place	2856960	MS	Philadelphia city	philadelphia
place	2857160	MS	Picayune city	picayune
place	2857200	MS	Pickens town	pickens
place	2858360	MS	Pittsboro village	pittsboro
place	2858440	MS	Plantersville town	plantersville
place	2858960	MS	Polkville town	polkville
place	2859160	MS	Pontotoc city	pontotoc
place	2859240	MS	Pope village	pope
place	2859480	MS	Poplarville city	poplarville
place	2859560	MS	Port Gibson city	port gibson
place	2859720	MS	Potts Camp town	potts camp
place	2859920	MS	Prentiss town	prentiss
place	2860360	MS	Puckett village	puckett
place	2860480	MS	Purvis city	purvis
place	2860720	MS	Quitman city	quitman
place	2860840	MS	Raleigh town	raleigh
place	2861160	MS	Raymond city	raymond
place	2861890	MS	Renova town	renova
place	2862400	MS	Richland city	richland
place	2862480	MS	Richton town	richton
place	2862520	MS	Ridgeland city	ridgeland
place	2862560	MS	Rienzi town	rienzi
place	2862600	MS	Ripley city	ripley
place	2863560	MS	Rolling Fork city	rolling fork
place	2863720	MS	Rosedale city	rosedale
place	2864080	MS	Roxie town	roxie
place	2864200	MS	Ruleville city	ruleville
place	2864800	MS	Sallis town	sallis
place	2864840	MS	Saltillo city	saltillo
place	2864920	MS	Sandersville town	sandersville
place	2865560	MS	Sardis town	sardis
place	2865680	MS	Satartia village	satartia
place	2866080	MS	Schlater town	schlater
place	2866160	MS	Scooba town	scooba
place	2866280	MS	Sebastopol town	sebastopol
place	2866400	MS	Seminary town	seminary
place	2866440	MS	Senatobia city	senatobia
place	2866720	MS	Shannon town	shannon
place	2867000	MS	Shaw city	shaw
place	2867040	MS	Shelby city	shelby
place	2867200	MS	Sherman town	sherman
place	2867520	MS	Shubuta town	shubuta
place	2867640	MS	Shuqualak town	shuqualak
place	2867840	MS	Sidon town	sidon
place	2867920	MS	Silver City town	silver
place	2867960	MS	Silver Creek town	silver creek
place	2868320	MS	Slate Springs village	slate springs
place	2868400	MS	Sledge town	sledge
place	2868720	MS	Smithville town	smithville
place	2868960	MS	Snow Lake Shores town	snow lake shores
place	2869160	MS	Soso town	soso
place	2869280	MS	Southaven city	southaven
place	2870240	MS	Starkville city	starkville
place	2870320	MS	State Line town	state line
place	2870760	MS	Stonewall town	stonewall
place	2871320	MS	Sturgis town	sturgis
place	2871480	MS	Summit town	summit
place	2871520	MS	Sumner town	sumner
place	2871560	MS	Sumrall town	sumrall
place	2871600	MS	Sunflower town	sunflower
place	2872040	MS	Sylvarena village	sylvarena
place	2872360	MS	Taylor village	taylor
place	2872400	MS	Taylorsville town	taylorsville
place	2872440	MS	Tchula town	tchula
place	2872680	MS	Terry town	terry
place	2872760	MS	Thaxton town	thaxton
place	2873440	MS	Tillatoba town	tillatoba
place	2873720	MS	Tishomingo town	tishomingo
place	2873760	MS	Toccopola town	toccopola
place	2874400	MS	Tremont town	tremont
place	2874760	MS	Tunica town	tunica
place	2874840	MS	Tupelo city	tupelo
place	2875040	MS	Tutwiler town	tutwiler
place	2875160	MS	Tylertown town	tylertown
place	2875360	MS	Union town	union
place	2875760	MS	Utica town	utica
place	2875880	MS	Vaiden town	vaiden
place	2876320	MS	Vardaman town	vardaman
place	2876560	MS	Verona city	verona
place	2876720	MS	Vicksburg city	vicksburg
place	2877400	MS	Walls town	walls
place	2877480	MS	Walnut town	walnut
place	2877520	MS	Walnut Grove town	walnut grove
place	2877640	MS	Walthall village	walthall
place	2878000	MS	Water Valley city	water valley
place	2878200	MS	Waveland city	waveland
place	2878360	MS	Waynesboro city	waynesboro
place	2878480	MS	Webb town	webb
place	2878520	MS	Weir town	weir
place	2878640	MS	Wesson town	wesson
place	2878680	MS	West town	west
place	2879120	MS	West Point city	west point
place	2880160	MS	Wiggins city	wiggins
place	2880760	MS	Winona city	winona
place	2880800	MS	Winstonville town	winstonville
place	2881000	MS	Woodland village	woodland
place	2881120	MS	Woodville town	woodville
place	2881520	MS	Yazoo City city	yazoo
place	2900244	MO	Adrian city	adrian
place	2900262	MO	Advance city	advance
place	2900298	MO	Agency village	agency
place	2900424	MO	Airport Drive village	airport drive
place	2900496	MO	Alba city	alba
place	2900514	MO	Albany city	albany
place	2900568	MO	Aldrich village	aldrich
place	2900604	MO	Alexandria city	alexandria
place	2900712	MO	Allendale village	allendale
place	2900748	MO	Allenville village	allenville
place	2900802	MO	Alma city	alma
place	2900910	MO	Altamont village	altamont
place	2900928	MO	Altenburg city	altenburg
place	2900964	MO	Alton city	alton
place	2901018	MO	Amazonia village	amazonia
place	2901054	MO	Amity town	amity
place	2901072	MO	Amoret city	amoret
place	2901090	MO	Amsterdam city	amsterdam
place	2901198	MO	Anderson city	anderson
place	2901252	MO	Annada village	annada
place	2901270	MO	Annapolis city	annapolis
place	2901288	MO	Anniston town	anniston
place	2901522	MO	Appleton City city	appleton
place	2901576	MO	Arbela town	arbela
place	2901630	MO	Arbyrd city	arbyrd
place	2901648	MO	Arcadia city	arcadia
place	2901702	MO	Archie city	archie
place	2901720	MO	Arcola village	arcola
place	2901828	MO	Argyle town	argyle
place	2901864	MO	Arkoe town	arkoe
place	2901954	MO	Armstrong city	armstrong
place	2901972	MO	Arnold city	arnold
place	2902034	MO	Arrow Point village	arrow point
place	2902044	MO	Arrow Rock town	arrow rock
place	2902098	MO	Asbury city	asbury
place	2902152	MO	Ashburn town	ashburn
place	2902188	MO	Ash Grove city	ash grove
place	2902242	MO	Ashland city	ashland
place	2902422	MO	Atlanta city	atlanta
place	2902512	MO	Augusta town	augusta
place	2902530	MO	Aullville village	aullville
place	2902548	MO	Aurora city	aurora
place	2902638	MO	Auxvasse city	auxvasse
place	2902674	MO	Ava city	ava
place	2902746	MO	Avilla town	avilla
place	2902800	MO	Avondale city	avondale
place	2902962	MO	Bagnell town	bagnell
place	2903034	MO	Baker village	baker
place	2903052	MO	Bakersfield village	bakersfield
place	2903124	MO	Baldwin Park village	baldwin park
place	2903160	MO	Ballwin city	ballwin
place	2903322	MO	Baring city	baring
place	2903340	MO	Barnard city	barnard
place	2903376	MO	Barnett city	barnett
place	2903556	MO	Bates City city	bates
place	2903592	MO	Battlefield city	battlefield
place	2904114	MO	Bella Villa city	bella villa
place	2904132	MO	Bell City city	bell
place	2904150	MO	Belle city	belle
place	2904222	MO	Bellefontaine Neighbors city	bellefontaine neighbors
place	2904248	MO	Bellerive Acres city	bellerive acres
place	2904330	MO	Bellflower city	bellflower
place	2904348	MO	Bel-Nor village	bel nor
place	2904366	MO	Bel-Ridge village	bel ridge
place	2904384	MO	Belton city	belton
place	2904798	MO	Benton city	benton
place	2904834	MO	Benton City village	benton
place	2904888	MO	Berger city	berger
place	2904906	MO	Berkeley city	berkeley
place	2904960	MO	Bernie city	bernie
place	2904996	MO	Bertrand city	bertrand
place	2905068	MO	Bethany city	bethany
place	2905104	MO	Bethel village	bethel
place	2905248	MO	Beverly Hills city	beverly hills
place	2905266	MO	Bevier city	bevier
place	2905464	MO	Bigelow village	bigelow
place	2905495	MO	Big Lake village	big lake
place	2905626	MO	Billings city	billings
place	2905734	MO	Birch Tree city	birch tree
place	2905824	MO	Birmingham village	birmingham
place	2905878	MO	Bismarck city	bismarck
place	2905950	MO	Blackburn city	blackburn
place	2906004	MO	Black Jack city	black jack
place	2906148	MO	Blackwater city	blackwater
place	2906238	MO	Blairstown city	blairstown
place	2906256	MO	Bland city	bland
place	2906346	MO	Blodgett city	blodgett
place	2906382	MO	Bloomfield city	bloomfield
place	2906454	MO	Bloomsdale city	bloomsdale
place	2906526	MO	Blue Eye town	blue eye
place	2906652	MO	Blue Springs city	blue springs
place	2906742	MO	Blythedale village	blythedale
place	2906832	MO	Bogard city	bogard
place	2906922	MO	Bolckow city	bolckow
place	2906976	MO	Bolivar city	bolivar
place	2907102	MO	Bonne Terre city	bonne terre
place	2907318	MO	Boonville city	boonville
place	2907426	MO	Bosworth city	bosworth
place	2907534	MO	Bourbon city	bourbon
place	2907660	MO	Bowling Green city	bowling green
place	2907876	MO	Bragg City town	bragg
place	2907948	MO	Brandsville city	brandsville
place	2907966	MO	Branson city	branson
place	2907989	MO	Branson West city	branson west
place	2908002	MO	Brashear city	brashear
place	2908038	MO	Braymer city	braymer
place	2908128	MO	Breckenridge city	breckenridge
place	2908164	MO	Breckenridge Hills city	breckenridge hills
place	2908236	MO	Brentwood city	brentwood
place	2908398	MO	Bridgeton city	bridgeton
place	2908470	MO	Brimson village	brimson
place	2908614	MO	Bronaugh city	bronaugh
place	2908650	MO	Brookfield city	brookfield
place	2908776	MO	Brooklyn Heights town	brooklyn heights
place	2908884	MO	Browning city	browning
place	2908902	MO	Brownington town	brownington
place	2908974	MO	Brumley town	brumley
place	2909046	MO	Brunswick city	brunswick
place	2909388	MO	Bucklin city	bucklin
place	2909424	MO	Buckner city	buckner
place	2909514	MO	Buffalo city	buffalo
place	2909642	MO	Bull Creek village	bull creek
place	2909658	MO	Bunceton city	bunceton
place	2909694	MO	Bunker city	bunker
place	2909838	MO	Burlington Junction city	burlington junction
place	2910054	MO	Butler city	butler
place	2910144	MO	Butterfield city	butterfield
place	2910240	MO	Byrnes Mill city	byrnes mill
place	2910288	MO	Cabool city	cabool
place	2910342	MO	Cainsville city	cainsville
place	2910360	MO	Cairo village	cairo
place	2910432	MO	Caledonia village	caledonia
place	2910450	MO	Calhoun city	calhoun
place	2910468	MO	California city	california
place	2910486	MO	Callao city	callao
place	2910612	MO	Calverton Park city	calverton park
place	2910738	MO	Camden city	camden
place	2910792	MO	Camden Point city	camden point
place	2910810	MO	Camdenton city	camdenton
place	2910828	MO	Cameron city	cameron
place	2910864	MO	Campbell city	campbell
place	2911026	MO	Canalou city	canalou
place	2911134	MO	Canton city	canton
place	2911242	MO	Cape Girardeau city	cape girardeau
place	2911350	MO	Cardwell city	cardwell
place	2911368	MO	Carl Junction city	carl junction
place	2911566	MO	Carrollton city	carrollton
place	2911638	MO	Carterville city	carterville
place	2911656	MO	Carthage city	carthage
place	2911692	MO	Caruthersville city	caruthersville
place	2911728	MO	Carytown city	carytown
place	2911890	MO	Cassville city	cassville
place	2912052	MO	Catron town	catron
place	2912079	MO	Cave town	cave
place	2912376	MO	Cedar Hill Lakes village	cedar hill lakes
place	2912592	MO	Center city	center
place	2912664	MO	Centertown town	centertown
place	2912682	MO	Centerview city	centerview
place	2912718	MO	Centerville city	centerville
place	2912898	MO	Centralia city	centralia
place	2912988	MO	Chaffee city	chaffee
place	2913006	MO	Chain of Rocks village	chain of rocks
place	2913015	MO	Chain-O-Lakes village	chain o lakes
place	2913060	MO	Chamois city	chamois
place	2913078	MO	Champ village	champ
place	2913330	MO	Charlack city	charlack
place	2913366	MO	Charleston city	charleston
place	2913390	MO	Charmwood town	charmwood
place	2913600	MO	Chesterfield city	chesterfield
place	2913654	MO	Chilhowee town	chilhowee
place	2913690	MO	Chillicothe city	chillicothe
place	2913852	MO	Chula city	chula
place	2913978	MO	Clarence city	clarence
place	2914068	MO	Clark city	clark
place	2914140	MO	Clarksburg city	clarksburg
place	2914158	MO	Clarksdale city	clarksdale
place	2914176	MO	Clarkson Valley city	clarkson valley
place	2914194	MO	Clarksville city	clarksville
place	2914212	MO	Clarkton city	clarkton
place	2914554	MO	Claycomo village	claycomo
place	2914572	MO	Clayton city	clayton
place	2914662	MO	Clearmont city	clearmont
place	2914770	MO	Cleveland city	cleveland
place	2914788	MO	Clever city	clever
place	2914806	MO	Cliff Village village	cliff
place	2914896	MO	Clifton Hill city	clifton hill
place	2914986	MO	Clinton city	clinton
place	2915130	MO	Clyde village	clyde
place	2915220	MO	Cobalt village	cobalt
place	2915274	MO	Coffey city	coffey
place	2915436	MO	Cole Camp city	cole camp
place	2915562	MO	Collins village	collins
place	2915670	MO	Columbia city	columbia
place	2915760	MO	Commerce village	commerce
place	2915922	MO	Conception Junction town	conception junction
place	2916102	MO	Concordia city	concordia
place	2916115	MO	Coney Island village	coney island
place	2916192	MO	Conway city	conway
place	2916228	MO	Cool Valley city	cool valley
place	2916336	MO	Cooter city	cooter
place	2916408	MO	Corder city	corder
place	2916462	MO	Corning town	corning
place	2916588	MO	Cosby village	cosby
place	2916678	MO	Cottleville city	cottleville
place	2916802	MO	Country Club village	country club
place	2916822	MO	Country Club Hills city	country club hills
place	2916876	MO	Country Life Acres village	country life acres
place	2916984	MO	Cowgill city	cowgill
place	2917056	MO	Craig city	craig
place	2917074	MO	Crane city	crane
place	2917164	MO	Creighton city	creighton
place	2917218	MO	Crestwood city	crestwood
place	2917272	MO	Creve Coeur city	creve coeur
place	2917344	MO	Crocker city	crocker
place	2917524	MO	Cross Timbers city	cross timbers
place	2917632	MO	Crystal City city	crystal
place	2917650	MO	Crystal Lake Park city	crystal lake park
place	2917660	MO	Crystal Lakes city	crystal lakes
place	2917668	MO	Cuba city	cuba
place	2917902	MO	Curryville city	curryville
place	2917992	MO	Dadeville village	dadeville
place	2918118	MO	Dalton town	dalton
place	2918253	MO	Dardenne Prairie city	dardenne prairie
place	2918316	MO	Darlington village	darlington
place	2918658	MO	Dearborn city	dearborn
place	2918730	MO	Deepwater city	deepwater
place	2918802	MO	Deerfield village	deerfield
place	2918946	MO	De Kalb town	de kalb
place	2919018	MO	Dellwood city	dellwood
place	2919072	MO	Delta city	delta
place	2919090	MO	Dennis Acres village	dennis acres
place	2919162	MO	Denver village	denver
place	2919198	MO	Des Arc village	des arc
place	2919216	MO	Desloge city	desloge
place	2919252	MO	De Soto city	de soto
place	2919270	MO	Des Peres city	des peres
place	2919378	MO	De Witt city	de witt
place	2919396	MO	Dexter city	dexter
place	2919432	MO	Diamond town	diamond
place	2919486	MO	Diehlstadt village	diehlstadt
place	2919504	MO	Diggins village	diggins
place	2919630	MO	Dixon city	dixon
place	2919792	MO	Doniphan city	doniphan
place	2919828	MO	Doolittle city	doolittle
place	2919918	MO	Dover town	dover
place	2919990	MO	Downing city	downing
place	2920134	MO	Drexel city	drexel
place	2920296	MO	Dudley city	dudley
place	2920314	MO	Duenweg city	duenweg
place	2920512	MO	Duquesne village	duquesne
place	2920674	MO	Eagleville town	eagleville
place	2920980	MO	East Lynne city	east lynne
place	2921034	MO	Easton city	easton
place	2921052	MO	East Prairie city	east prairie
place	2921214	MO	Edgar Springs city	edgar springs
place	2921250	MO	Edgerton city	edgerton
place	2921322	MO	Edina city	edina
place	2921376	MO	Edmundson city	edmundson
place	2921484	MO	Eldon city	eldon
place	2921502	MO	El Dorado Springs city	el dorado springs
place	2921844	MO	Ellington city	ellington
place	2921898	MO	Ellisville city	ellisville
place	2921916	MO	Ellsinore city	ellsinore
place	2921988	MO	Elmer city	elmer
place	2922006	MO	Elmira village	elmira
place	2922024	MO	Elmo city	elmo
place	2922114	MO	Elsberry city	elsberry
place	2922250	MO	Emerald Beach village	emerald beach
place	2922276	MO	Eminence city	eminence
place	2922312	MO	Emma city	emma
place	2922474	MO	Eolia village	eolia
place	2922600	MO	Essex city	essex
place	2922672	MO	Ethel town	ethel
place	2922834	MO	Eureka city	eureka
place	2922951	MO	Evergreen village	evergreen
place	2922996	MO	Everton city	everton
place	2923032	MO	Ewing city	ewing
place	2923077	MO	Excelsior Estates village	excelsior estates
place	2923086	MO	Excelsior Springs city	excelsior springs
place	2923122	MO	Exeter city	exeter
place	2923266	MO	Fairfax city	fairfax
place	2923338	MO	Fair Grove city	fair grove
place	2923428	MO	Fair Play city	fair play
place	2923518	MO	Fairview town	fairview
place	2923662	MO	Farber city	farber
place	2923698	MO	Farley village	farley
place	2923752	MO	Farmington city	farmington
place	2923842	MO	Fayette city	fayette
place	2923950	MO	Fenton city	fenton
place	2923986	MO	Ferguson city	ferguson
place	2924058	MO	Ferrelview village	ferrelview
place	2924094	MO	Festus city	festus
place	2924120	MO	Fidelity town	fidelity
place	2924184	MO	Fillmore city	fillmore
place	2924328	MO	Fisk city	fisk
place	2924562	MO	Fleming city	fleming
place	2924580	MO	Flemington village	flemington
place	2924688	MO	Flint Hill city	flint hill
place	2924706	MO	Flordell Hills city	flordell hills
place	2924760	MO	Florida village	florida
place	2924778	MO	Florissant city	florissant
place	2924886	MO	Foley city	foley
place	2925012	MO	Fordland city	fordland
place	2925066	MO	Forest City city	forest
place	2925120	MO	Foristell city	foristell
place	2925192	MO	Forsyth city	forsyth
place	2925228	MO	Fortescue town	fortescue
place	2925372	MO	Foster village	foster
place	2925411	MO	Fountain N' Lakes village	fountain n lakes
place	2925552	MO	Frankford city	frankford
place	2925624	MO	Franklin city	franklin
place	2925768	MO	Fredericktown city	fredericktown
place	2925822	MO	Freeburg village	freeburg
place	2925894	MO	Freeman city	freeman
place	2925912	MO	Freistatt village	freistatt
place	2925957	MO	Fremont Hills city	fremont hills
place	2926000	MO	Friedenswald village	friedenswald
place	2926092	MO	Frohna city	frohna
place	2926110	MO	Frontenac city	frontenac
place	2926182	MO	Fulton city	fulton
place	2926218	MO	Gainesville city	gainesville
place	2926254	MO	Galena city	galena
place	2926308	MO	Gallatin city	gallatin
place	2926362	MO	Galt city	galt
place	2926434	MO	Garden City city	garden
place	2926578	MO	Gasconade city	gasconade
place	2926776	MO	Gentry village	gentry
place	2926866	MO	Gerald city	gerald
place	2926902	MO	Gerster town	gerster
place	2926920	MO	Gibbs village	gibbs
place	2926974	MO	Gideon city	gideon
place	2927028	MO	Gilliam city	gilliam
place	2927064	MO	Gilman City city	gilman
place	2927100	MO	Ginger Blue village	ginger blue
place	2927190	MO	Gladstone city	gladstone
place	2927208	MO	Glasgow city	glasgow
place	2927262	MO	Glenaire city	glenaire
place	2927280	MO	Glen Allen town	glen allen
place	2927334	MO	Glendale city	glendale
place	2927370	MO	Glen Echo Park village	glen echo park
place	2927514	MO	Glenwood village	glenwood
place	2927676	MO	Golden City city	golden
place	2927874	MO	Goodman city	goodman
place	2927928	MO	Gordonville village	gordonville
place	2928000	MO	Goss town	goss
place	2928036	MO	Gower city	gower
place	2928072	MO	Graham town	graham
place	2928090	MO	Grain Valley city	grain valley
place	2928108	MO	Granby city	granby
place	2928170	MO	Grand Falls Plaza town	grand falls plaza
place	2928180	MO	Grandin city	grandin
place	2928198	MO	Grand Pass village	grand pass
place	2928324	MO	Grandview city	grandview
place	2928360	MO	Granger village	granger
place	2928594	MO	Grant City town	grant
place	2928630	MO	Grantwood Village town	grantwood
place	2928828	MO	Gravois Mills town	gravois mills
place	2929116	MO	Green Castle city	green castle
place	2929134	MO	Green City city	green
place	2929152	MO	Greendale city	greendale
place	2929206	MO	Greenfield city	greenfield
place	2929324	MO	Green Park city	green park
place	2929332	MO	Green Ridge city	green ridge
place	2929422	MO	Greentop city	greentop
place	2929476	MO	Greenville city	greenville
place	2929494	MO	Greenwood city	greenwood
place	2929692	MO	Guilford town	guilford
place	2929764	MO	Gunn City village	gunn
place	2929908	MO	Hale city	hale
place	2929962	MO	Halfway village	halfway
place	2929998	MO	Hallsville city	hallsville
place	2930016	MO	Halltown village	halltown
place	2930034	MO	Hamilton city	hamilton
place	2930196	MO	Hanley Hills village	hanley hills
place	2930214	MO	Hannibal city	hannibal
place	2930322	MO	Hardin city	hardin
place	2930466	MO	Harris town	harris
place	2930484	MO	Harrisburg town	harrisburg
place	2930610	MO	Harrisonville city	harrisonville
place	2930718	MO	Hartsburg town	hartsburg
place	2930754	MO	Hartville city	hartville
place	2930862	MO	Harwood village	harwood
place	2931024	MO	Hawk Point city	hawk point
place	2931132	MO	Hayti city	hayti
place	2931168	MO	Hayti Heights city	hayti heights
place	2931204	MO	Haywood City village	haywood
place	2931276	MO	Hazelwood city	hazelwood
place	2931654	MO	Henrietta city	henrietta
place	2931708	MO	Herculaneum city	herculaneum
place	2931762	MO	Hermann city	hermann
place	2931780	MO	Hermitage city	hermitage
place	2931924	MO	Higbee city	higbee
place	2931960	MO	Higginsville city	higginsville
place	2931996	MO	High Hill city	high hill
place	2932068	MO	Highlandville city	highlandville
place	2932248	MO	Hillsboro city	hillsboro
place	2932266	MO	Hillsdale village	hillsdale
place	2932410	MO	Hoberg village	hoberg
place	2932536	MO	Holcomb city	holcomb
place	2932572	MO	Holden city	holden
place	2932590	MO	Holland town	holland
place	2932626	MO	Holliday village	holliday
place	2932662	MO	Hollister city	hollister
place	2932752	MO	Holt city	holt
place	2932770	MO	Holts Summit city	holts summit
place	2932806	MO	Homestead village	homestead
place	2932824	MO	Homestown city	homestown
place	2933004	MO	Hopkins city	hopkins
place	2933076	MO	Hornersville city	hornersville
place	2933238	MO	Houston city	houston
place	2933256	MO	Houstonia city	houstonia
place	2933292	MO	Houston Lake city	houston lake
place	2933364	MO	Howardville city	howardville
place	2933652	MO	Hughesville village	hughesville
place	2933706	MO	Humansville city	humansville
place	2933724	MO	Hume town	hume
place	2933742	MO	Humphreys village	humphreys
place	2933760	MO	Hunnewell city	hunnewell
place	2933850	MO	Huntleigh city	huntleigh
place	2933868	MO	Huntsdale town	huntsdale
place	2933886	MO	Huntsville city	huntsville
place	2933904	MO	Hurdland city	hurdland
place	2933922	MO	Hurley city	hurley
place	2934210	MO	Iatan village	iatan
place	2934228	MO	Iberia city	iberia
place	2935000	MO	Independence city	independence
place	2935186	MO	Indian Point village	indian point
place	2935240	MO	Innsbrook village	innsbrook
place	2935306	MO	Ionia town	ionia
place	2935324	MO	Irena village	irena
place	2935396	MO	Irondale city	irondale
place	2935450	MO	Iron Mountain Lake city	iron mountain lake
place	2935468	MO	Ironton city	ironton
place	2935648	MO	Jackson city	jackson
place	2936224	MO	Jacksonville village	jacksonville
place	2936314	MO	Jameson town	jameson
place	2936332	MO	Jamesport city	jamesport
place	2936368	MO	Jamestown town	jamestown
place	2936422	MO	Jane town	jane
place	2936512	MO	Jasper city	jasper
place	2937000	MO	Jefferson City city	jefferson
place	2937178	MO	Jennings city	jennings
place	2937214	MO	Jerico Springs village	jerico springs
place	2937574	MO	Jonesburg city	jonesburg
place	2937592	MO	Joplin city	joplin
place	2937700	MO	Josephville village	josephville
place	2937736	MO	Junction City village	junction
place	2937790	MO	Kahoka city	kahoka
place	2938000	MO	Kansas City city	kansas
place	2938072	MO	Kearney city	kearney
place	2938216	MO	Kelso village	kelso
place	2938306	MO	Kennett city	kennett
place	2938468	MO	Keytesville city	keytesville
place	2938522	MO	Kidder city	kidder
place	2938612	MO	Kimberling City city	kimberling
place	2938684	MO	Kimmswick city	kimmswick
place	2938774	MO	King City city	king
place	2938792	MO	Kingdom City village	kingdom
place	2938846	MO	Kingston city	kingston
place	2938918	MO	Kingsville city	kingsville
place	2938972	MO	Kinloch city	kinloch
place	2939008	MO	Kirbyville village	kirbyville
place	2939026	MO	Kirksville city	kirksville
place	2939044	MO	Kirkwood city	kirkwood
place	2939188	MO	Knob Noster city	knob noster
place	2939278	MO	Knox City city	knox
place	2939440	MO	Koshkonong town	koshkonong
place	2939512	MO	La Belle city	la belle
place	2939566	MO	Laclede city	laclede
place	2939602	MO	Laddonia city	laddonia
place	2939638	MO	La Due village	la due
place	2939656	MO	Ladue city	ladue
place	2939764	MO	La Grange city	la grange
place	2939845	MO	Lake Annette city	lake annette
place	2939952	MO	Lake Lafayette city	lake lafayette
place	2939980	MO	Lake Lotawana city	lake lotawana
place	2940034	MO	Lake Ozark city	lake ozark
place	2940043	MO	Lake St. Louis city	lake st louis
place	2940088	MO	Lakeshire city	lakeshire
place	2940142	MO	Lakeside city	lakeside
place	2940196	MO	Lake Tapawingo city	lake tapawingo
place	2940214	MO	Lake Tekakwitha village	lake tekakwitha
place	2940322	MO	Lake Waukomis city	lake waukomis
place	2940340	MO	Lake Winnebago city	lake winnebago
place	2940376	MO	Lamar city	lamar
place	2940430	MO	Lamar Heights city	lamar heights
place	2940448	MO	Lambert village	lambert
place	2940520	MO	La Monte city	la monte
place	2940592	MO	Lanagan town	lanagan
place	2940610	MO	Lancaster city	lancaster
place	2940682	MO	La Plata city	la plata
place	2940736	MO	Laredo city	laredo
place	2940790	MO	La Russell city	la russell
place	2940826	MO	Lathrop city	lathrop
place	2940916	MO	Laurie city	laurie
place	2940988	MO	Lawson city	lawson
place	2941024	MO	Leadington city	leadington
place	2941078	MO	Leadwood city	leadwood
place	2941114	MO	Leasburg village	leasburg
place	2941132	MO	Leawood village	leawood
place	2941168	MO	Lebanon city	lebanon
place	2941348	MO	Lee's Summit city	lees summit
place	2941402	MO	Leeton city	leeton
place	2941546	MO	Leonard village	leonard
place	2941690	MO	Leslie village	leslie
place	2941762	MO	Levasy city	levasy
place	2941834	MO	Lewis and Clark Village town	lewis and clark
place	2941852	MO	Lewistown town	lewistown
place	2941870	MO	Lexington city	lexington
place	2941906	MO	Liberal city	liberal
place	2942032	MO	Liberty city	liberty
place	2942464	MO	Licking city	licking
place	2942536	MO	Lilbourn city	lilbourn
place	2942608	MO	Lincoln city	lincoln
place	2943238	MO	Linn city	linn
place	2943274	MO	Linn Creek city	linn creek
place	2943292	MO	Linneus city	linneus
place	2943454	MO	Livonia village	livonia
place	2943468	MO	Loch Lloyd village	loch lloyd
place	2943472	MO	Lock Springs village	lock springs
place	2943490	MO	Lockwood city	lockwood
place	2943652	MO	Lohman city	lohman
place	2943672	MO	Loma Linda town	loma linda
place	2943760	MO	Lone Jack city	lone jack
place	2943940	MO	Longtown town	longtown
place	2944156	MO	Louisburg village	louisburg
place	2944174	MO	Louisiana city	louisiana
place	2944282	MO	Lowry City city	lowry
place	2944372	MO	Lucerne village	lucerne
place	2944390	MO	Ludlow town	ludlow
place	2944498	MO	Lupus town	lupus
place	2944516	MO	Luray village	luray
place	2944768	MO	McBaine town	mcbaine
place	2944829	MO	McCord Bend village	mccord bend
place	2945020	MO	McFall city	mcfall
place	2945200	MO	McKittrick town	mckittrick
place	2945326	MO	Macon city	macon
place	2945470	MO	Madison city	madison
place	2945596	MO	Maitland city	maitland
place	2945614	MO	Malden city	malden
place	2945632	MO	Malta Bend town	malta bend
place	2945668	MO	Manchester city	manchester
place	2945740	MO	Mansfield city	mansfield
place	2945830	MO	Maplewood city	maplewood
place	2945848	MO	Marble Hill city	marble hill
place	2945866	MO	Marceline city	marceline
place	2946172	MO	Marionville city	marionville
place	2946208	MO	Marlborough village	marlborough
place	2946244	MO	Marquand city	marquand
place	2946316	MO	Marshall city	marshall
place	2946388	MO	Marshfield city	marshfield
place	2946406	MO	Marston city	marston
place	2946424	MO	Marthasville city	marthasville
place	2946460	MO	Martinsburg town	martinsburg
place	2946586	MO	Maryland Heights city	maryland heights
place	2946640	MO	Maryville city	maryville
place	2946730	MO	Matthews city	matthews
place	2946946	MO	Maysville city	maysville
place	2946964	MO	Mayview city	mayview
place	2947036	MO	Meadville city	meadville
place	2947270	MO	Memphis city	memphis
place	2947288	MO	Mendon city	mendon
place	2947486	MO	Mercer town	mercer
place	2947520	MO	Merriam Woods city	merriam woods
place	2947540	MO	Merwin village	merwin
place	2947594	MO	Meta city	meta
place	2947612	MO	Metz town	metz
place	2947648	MO	Mexico city	mexico
place	2947684	MO	Miami city	miami
place	2947900	MO	Middletown town	middletown
place	2948062	MO	Milan city	milan
place	2948098	MO	Milford village	milford
place	2948134	MO	Millard village	millard
place	2948242	MO	Miller city	miller
place	2948386	MO	Mill Spring village	mill spring
place	2948476	MO	Milo village	milo
place	2948566	MO	Mindenmines city	mindenmines
place	2948656	MO	Miner city	miner
place	2948710	MO	Mineral Point town	mineral point
place	2948880	MO	Miramiguoa Park village	miramiguoa park
place	2948980	MO	Missouri City city	missouri
place	2949034	MO	Moberly city	moberly
place	2949070	MO	Mokane city	mokane
place	2949088	MO	Moline Acres city	moline acres
place	2949196	MO	Monett city	monett
place	2949394	MO	Monroe City city	monroe
place	2949574	MO	Montgomery City city	montgomery
place	2949592	MO	Monticello village	monticello
place	2949664	MO	Montrose city	montrose
place	2949790	MO	Mooresville village	mooresville
place	2949898	MO	Morehouse city	morehouse
place	2949988	MO	Morley city	morley
place	2950060	MO	Morrison city	morrison
place	2950078	MO	Morrisville town	morrisville
place	2950168	MO	Mosby city	mosby
place	2950204	MO	Moscow Mills city	moscow mills
place	2950312	MO	Mound City city	mound
place	2950330	MO	Moundville town	moundville
place	2950402	MO	Mountain Grove city	mountain grove
place	2950438	MO	Mountain View city	mountain view
place	2950510	MO	Mount Leonard town	mount leonard
place	2950528	MO	Mount Moriah town	mount moriah
place	2950672	MO	Mount Vernon city	mount vernon
place	2951140	MO	Napoleon city	napoleon
place	2951302	MO	Naylor city	naylor
place	2951356	MO	Neck City city	neck
place	2951446	MO	Neelyville city	neelyville
place	2951500	MO	Nelson city	nelson
place	2951572	MO	Neosho city	neosho
place	2951644	MO	Nevada city	nevada
place	2951662	MO	Newark village	newark
place	2951680	MO	New Bloomfield city	new bloomfield
place	2951716	MO	Newburg city	newburg
place	2951734	MO	New Cambria city	new cambria
place	2951770	MO	New Florence city	new florence
place	2951824	MO	New Franklin city	new franklin
place	2951860	MO	New Hampton city	new hampton
place	2951914	MO	New Haven city	new haven
place	2952058	MO	New London city	new london
place	2952076	MO	New Madrid city	new madrid
place	2952148	MO	New Melle city	new melle
place	2952292	MO	Newtonia town	newtonia
place	2952328	MO	Newtown town	newtown
place	2952418	MO	Niangua city	niangua
place	2952616	MO	Nixa city	nixa
place	2952742	MO	Noel city	noel
place	2952760	MO	Norborne city	norborne
place	2952796	MO	Normandy city	normandy
place	2953102	MO	North Kansas City city	north kansas
place	2953138	MO	North Lilbourn village	north lilbourn
place	2953174	MO	Northmoor city	northmoor
place	2953408	MO	Northwoods city	northwoods
place	2953454	MO	Norwood city	norwood
place	2953462	MO	Norwood Court town	norwood court
place	2953516	MO	Novelty village	novelty
place	2953534	MO	Novinger city	novinger
place	2953624	MO	Oak Grove city	oak grove
place	2953650	MO	Oak Grove Village village	oak grove
place	2953750	MO	Oakland city	oakland
place	2953786	MO	Oak Ridge town	oak ridge
place	2953804	MO	Oaks village	oaks
place	2953858	MO	Oakview village	oakview
place	2953894	MO	Oakwood village	oakwood
place	2953948	MO	Oakwood Park village	oakwood park
place	2954038	MO	Odessa city	odessa
place	2954074	MO	O'Fallon city	ofallon
place	2954200	MO	Old Appleton town	old appleton
place	2954416	MO	Old Monroe city	old monroe
place	2954560	MO	Olean town	olean
place	2954650	MO	Olivette city	olivette
place	2954686	MO	Olympian Village city	olympian
place	2954758	MO	Oran city	oran
place	2954848	MO	Oregon city	oregon
place	2954920	MO	Oronogo city	oronogo
place	2954938	MO	Orrick city	orrick
place	2955244	MO	Osage Beach city	osage beach
place	2955352	MO	Osborn city	osborn
place	2955388	MO	Osceola city	osceola
place	2955424	MO	Osgood village	osgood
place	2955478	MO	Otterville city	otterville
place	2955550	MO	Overland city	overland
place	2955640	MO	Owensville city	owensville
place	2955766	MO	Ozark city	ozark
place	2955910	MO	Pacific city	pacific
place	2955964	MO	Pagedale city	pagedale
place	2956036	MO	Palmyra city	palmyra
place	2956144	MO	Paris city	paris
place	2956226	MO	Parkdale village	parkdale
place	2956272	MO	Park Hills city	park hills
place	2956288	MO	Parkville city	parkville
place	2956306	MO	Parkway village	parkway
place	2956342	MO	Parma city	parma
place	2956360	MO	Parnell city	parnell
place	2956396	MO	Pasadena Hills city	pasadena hills
place	2956414	MO	Pasadena Park village	pasadena park
place	2956432	MO	Pascola village	pascola
place	2956468	MO	Passaic town	passaic
place	2956558	MO	Pattonsburg city	pattonsburg
place	2956612	MO	Paynesville village	paynesville
place	2956620	MO	Peaceful Village village	peaceful
place	2956756	MO	Peculiar city	peculiar
place	2956882	MO	Pendleton village	pendleton
place	2956900	MO	Penermon village	penermon
place	2957080	MO	Perry city	perry
place	2957116	MO	Perryville city	perryville
place	2957278	MO	Pevely city	pevely
place	2957368	MO	Phillipsburg village	phillipsburg
place	2957404	MO	Pickering city	pickering
place	2957422	MO	Piedmont city	piedmont
place	2957494	MO	Pierce City city	pierce
place	2957512	MO	Pierpont village	pierpont
place	2957602	MO	Pilot Grove city	pilot grove
place	2957656	MO	Pilot Knob city	pilot knob
place	2957800	MO	Pine Lawn city	pine lawn
place	2957818	MO	Pineville city	pineville
place	2957926	MO	Pinhook village	pinhook
place	2958088	MO	Plato village	plato
place	2958178	MO	Platte City city	platte
place	2958196	MO	Platte Woods city	platte woods
place	2958250	MO	Plattsburg city	plattsburg
place	2958394	MO	Pleasant Hill city	pleasant hill
place	2958448	MO	Pleasant Hope city	pleasant hope
place	2958520	MO	Pleasant Valley city	pleasant valley
place	2958628	MO	Pocahontas town	pocahontas
place	2958898	MO	Pollock village	pollock
place	2958916	MO	Polo city	polo
place	2959096	MO	Poplar Bluff city	poplar bluff
place	2959150	MO	Portage Des Sioux city	portage des sioux
place	2959186	MO	Portageville city	portageville
place	2959330	MO	Potosi city	potosi
place	2959420	MO	Powersville village	powersville
place	2959726	MO	Prairie Home city	prairie home
place	2959816	MO	Prathersville village	prathersville
place	2959870	MO	Preston village	preston
place	2959942	MO	Princeton city	princeton
place	2960140	MO	Purcell city	purcell
place	2960158	MO	Purdin city	purdin
place	2960176	MO	Purdy city	purdy
place	2960284	MO	Puxico city	puxico
place	2960356	MO	Queen City city	queen
place	2960428	MO	Qulin city	qulin
place	2960590	MO	Randolph village	randolph
place	2960716	MO	Ravenwood town	ravenwood
place	2960734	MO	Raymondville town	raymondville
place	2960752	MO	Raymore city	raymore
place	2960788	MO	Raytown city	raytown
place	2960842	MO	Rea city	rea
place	2960986	MO	Redings Mill village	redings mill
place	2961094	MO	Reeds town	reeds
place	2961112	MO	Reeds Spring city	reeds spring
place	2961166	MO	Renick village	renick
place	2961184	MO	Rensselaer village	rensselaer
place	2961238	MO	Republic city	republic
place	2961292	MO	Revere town	revere
place	2961328	MO	Rhineland town	rhineland
place	2961364	MO	Richards town	richards
place	2961418	MO	Rich Hill city	rich hill
place	2961562	MO	Richland city	richland
place	2961670	MO	Richmond city	richmond
place	2961706	MO	Richmond Heights city	richmond heights
place	2961886	MO	Ridgely village	ridgely
place	2961904	MO	Ridgeway city	ridgeway
place	2961994	MO	Risco city	risco
place	2962030	MO	Ritchey town	ritchey
place	2962056	MO	River Bend village	river bend
place	2962156	MO	Riverside city	riverside
place	2962192	MO	Riverview village	riverview
place	2962210	MO	Riverview Estates village	riverview estates
place	2962228	MO	Rives town	rives
place	2962498	MO	Rocheport city	rocheport
place	2962570	MO	Rockaway Beach city	rockaway beach
place	2962660	MO	Rock Hill city	rock hill
place	2962696	MO	Rock Port city	rock port
place	2962786	MO	Rockville city	rockville
place	2962894	MO	Rogersville city	rogersville
place	2962912	MO	Rolla city	rolla
place	2963074	MO	Roscoe village	roscoe
place	2963110	MO	Rosebud city	rosebud
place	2963200	MO	Rosendale city	rosendale
place	2963236	MO	Rothville village	rothville
place	2963560	MO	Rush Hill village	rush hill
place	2963596	MO	Rushville village	rushville
place	2963704	MO	Russellville city	russellville
place	2963776	MO	Rutledge town	rutledge
place	2963857	MO	Saddlebrooke village	saddlebrooke
place	2963902	MO	Saginaw village	saginaw
place	2963956	MO	St. Ann city	st ann
place	2964082	MO	St. Charles city	st charles
place	2964136	MO	St. Clair city	st clair
place	2964172	MO	St. Cloud village	st cloud
place	2964180	MO	Ste. Genevieve city	ste genevieve
place	2964190	MO	St. Elizabeth village	st elizabeth
place	2964424	MO	St. James city	st james
place	2964478	MO	St. John city	st john
place	2964550	MO	St. Joseph city	st joseph
place	2965000	MO	St. Louis city	st louis
place	2965018	MO	St. Martins city	st martins
place	2965034	MO	St. Mary city	st mary
place	2965108	MO	St. Paul city	st paul
place	2965126	MO	St. Peters city	st peters
place	2965144	MO	St. Robert city	st robert
place	2965162	MO	St. Thomas town	st thomas
place	2965234	MO	Salem city	salem
place	2965450	MO	Salisbury city	salisbury
place	2965990	MO	Sarcoxie city	sarcoxie
place	2966044	MO	Savannah city	savannah
place	2966134	MO	Schell City city	schell
place	2966337	MO	Scotsdale town	scotsdale
place	2966368	MO	Scott City city	scott
place	2966440	MO	Sedalia city	sedalia
place	2966476	MO	Sedgewickville village	sedgewickville
place	2966530	MO	Seligman city	seligman
place	2966638	MO	Senath city	senath
place	2966674	MO	Seneca city	seneca
place	2966800	MO	Seymour city	seymour
place	2967178	MO	Shelbina city	shelbina
place	2967196	MO	Shelbyville city	shelbyville
place	2967214	MO	Sheldon city	sheldon
place	2967358	MO	Sheridan town	sheridan
place	2967628	MO	Shoal Creek Drive village	shoal creek drive
place	2967632	MO	Shoal Creek Estates village	shoal creek estates
place	2967700	MO	Shrewsbury city	shrewsbury
place	2967718	MO	Sibley village	sibley
place	2967790	MO	Sikeston city	sikeston
place	2967808	MO	Silex city	silex
place	2968132	MO	Skidmore city	skidmore
place	2968204	MO	Slater city	slater
place	2968384	MO	Smithton city	smithton
place	2968420	MO	Smithville city	smithville
place	2968852	MO	South Gifford village	south gifford
place	2968870	MO	South Gorin town	south gorin
place	2968888	MO	South Greenfield village	south greenfield
place	2968942	MO	South Lineville town	south lineville
place	2969230	MO	Southwest City town	southwest
place	2969302	MO	Sparta city	sparta
place	2969464	MO	Spickard city	spickard
place	2970000	MO	Springfield city	springfield
place	2970270	MO	Stanberry city	stanberry
place	2970414	MO	Stark City town	stark
place	2970558	MO	Steele city	steele
place	2970576	MO	Steelville city	steelville
place	2970648	MO	Stella town	stella
place	2970738	MO	Stewartsville city	stewartsville
place	2970828	MO	Stockton city	stockton
place	2970954	MO	Stotesbury town	stotesbury
place	2970990	MO	Stotts City city	stotts
place	2971008	MO	Stoutland city	stoutland
place	2971026	MO	Stoutsville village	stoutsville
place	2971044	MO	Stover city	stover
place	2971062	MO	Strafford city	strafford
place	2971098	MO	Strasburg city	strasburg
place	2971224	MO	Sturgeon city	sturgeon
place	2971368	MO	Sugar Creek city	sugar creek
place	2971440	MO	Sullivan city	sullivan
place	2971512	MO	Summersville city	summersville
place	2971620	MO	Sumner town	sumner
place	2971728	MO	Sunrise Beach village	sunrise beach
place	2971746	MO	Sunset Hills city	sunset hills
place	2971890	MO	Sweet Springs city	sweet springs
place	2972034	MO	Sycamore Hills village	sycamore hills
place	2972106	MO	Syracuse city	syracuse
place	2972196	MO	Tallapoosa city	tallapoosa
place	2972232	MO	Taneyville village	taneyville
place	2972304	MO	Taos city	taos
place	2972340	MO	Tarkio city	tarkio
place	2972376	MO	Tarrants village	tarrants
place	2972826	MO	Thayer city	thayer
place	2972898	MO	Theodosia village	theodosia
place	2973127	MO	Three Creeks village	three creeks
place	2973240	MO	Tightwad village	tightwad
place	2973330	MO	Tina village	tina
place	2973348	MO	Tindall town	tindall
place	2973420	MO	Tipton city	tipton
place	2973618	MO	Town and Country city	town and country
place	2973690	MO	Tracy city	tracy
place	2973816	MO	Trenton city	trenton
place	2973852	MO	Trimble city	trimble
place	2973870	MO	Triplett city	triplett
place	2973942	MO	Troy city	troy
place	2973978	MO	Truesdale city	truesdale
place	2974014	MO	Truxton village	truxton
place	2974176	MO	Turney village	turney
place	2974194	MO	Tuscumbia town	tuscumbia
place	2974284	MO	Twin Oaks village	twin oaks
place	2974473	MO	Umber View Heights village	umber view heights
place	2974626	MO	Union city	union
place	2975130	MO	Union Star town	union star
place	2975166	MO	Unionville city	unionville
place	2975202	MO	Unity Village village	unity
place	2975220	MO	University City city	university
place	2975238	MO	Uplands Park village	uplands park
place	2975310	MO	Urbana city	urbana
place	2975346	MO	Urich city	urich
place	2975364	MO	Utica village	utica
place	2975472	MO	Valley Park city	valley park
place	2975580	MO	Van Buren town	van buren
place	2975688	MO	Vandalia city	vandalia
place	2975706	MO	Vandiver village	vandiver
place	2975724	MO	Vanduser village	vanduser
place	2975796	MO	Velda City city	velda
place	2975814	MO	Velda Village Hills city	velda village hills
place	2975886	MO	Verona town	verona
place	2975922	MO	Versailles city	versailles
place	2976012	MO	Viburnum city	viburnum
place	2976102	MO	Vienna city	vienna
place	2976157	MO	Village of Four Seasons village	four seasons
place	2976246	MO	Vinita Park city	vinita park
place	2976390	MO	Vista village	vista
place	2976444	MO	Waco city	waco
place	2976660	MO	Walker city	walker
place	2976840	MO	Walnut Grove city	walnut grove
place	2976966	MO	Wardell town	wardell
place	2977002	MO	Wardsville village	wardsville
place	2977092	MO	Warrensburg city	warrensburg
place	2977128	MO	Warrenton city	warrenton
place	2977146	MO	Warsaw city	warsaw
place	2977182	MO	Warson Woods city	warson woods
place	2977200	MO	Washburn city	washburn
place	2977416	MO	Washington city	washington
place	2977848	MO	Watson village	watson
place	2977866	MO	Waverly city	waverly
place	2977920	MO	Wayland city	wayland
place	2977992	MO	Waynesville city	waynesville
place	2978028	MO	Weatherby town	weatherby
place	2978046	MO	Weatherby Lake city	weatherby lake
place	2978064	MO	Weaubleau city	weaubleau
place	2978118	MO	Webb City city	webb
place	2978154	MO	Webster Groves city	webster groves
place	2978314	MO	Weldon Spring city	weldon spring
place	2978334	MO	Weldon Spring Heights town	weldon spring heights
place	2978352	MO	Wellington city	wellington
place	2978370	MO	Wellston city	wellston
place	2978406	MO	Wellsville city	wellsville
place	2978424	MO	Wentworth village	wentworth
place	2978442	MO	Wentzville city	wentzville
place	2978514	MO	West Alton city	west alton
place	2978622	MO	Westboro city	westboro
place	2978838	MO	West Line village	west line
place	2978856	MO	Weston city	weston
place	2978910	MO	Westphalia city	westphalia
place	2978928	MO	West Plains city	west plains
place	2979000	MO	West Sullivan town	west sullivan
place	2979054	MO	Westwood village	westwood
place	2979090	MO	Wheatland city	wheatland
place	2979126	MO	Wheaton city	wheaton
place	2979180	MO	Wheeling city	wheeling
place	2979558	MO	Whiteside village	whiteside
place	2979612	MO	Whitewater town	whitewater
place	2979756	MO	Wilbur Park village	wilbur park
place	2979820	MO	Wildwood city	wildwood
place	2979882	MO	Willard city	willard
place	2980026	MO	Williamsville city	williamsville
place	2980098	MO	Willow Springs city	willow springs
place	2980260	MO	Wilson City village	wilson
place	2980314	MO	Winchester city	winchester
place	2980350	MO	Windsor city	windsor
place	2980380	MO	Windsor Place village	windsor place
place	2980422	MO	Winfield city	winfield
place	2980512	MO	Winona city	winona
place	2980548	MO	Winston village	winston
place	2980767	MO	Wood Heights city	wood heights
place	2980962	MO	Woodson Terrace city	woodson terrace
place	2981016	MO	Wooldridge village	wooldridge
place	2981070	MO	Worth village	worth
place	2981106	MO	Worthington village	worthington
place	2981124	MO	Wright City city	wright
place	2981142	MO	Wyaconda city	wyaconda
place	2981178	MO	Wyatt city	wyatt
place	3000700	MT	Alberton town	alberton
place	3001675	MT	Anaconda-Deer Lodge County	anaconda deer lodge
place	3003400	MT	Bainville town	bainville
place	3003475	MT	Baker city	baker
place	3004300	MT	Bearcreek town	bearcreek
place	3004975	MT	Belgrade city	belgrade
place	3005275	MT	Belt town	belt
place	3006250	MT	Big Sandy town	big sandy
place	3006475	MT	Big Timber city	big timber
place	3006550	MT	Billings city	billings
place	3008575	MT	Boulder city	boulder
place	3008950	MT	Bozeman city	bozeman
place	3009475	MT	Bridger town	bridger
place	3009700	MT	Broadus town	broadus
place	3009775	MT	Broadview town	broadview
place	3011397	MT	Butte-Silver Bow (balance)	butte silver bow balance
place	3012775	MT	Cascade town	cascade
place	3014200	MT	Chester town	chester
place	3014575	MT	Chinook city	chinook
place	3014650	MT	Choteau city	choteau
place	3014950	MT	Circle town	circle
place	3015550	MT	Clyde Park town	clyde park
place	3016525	MT	Colstrip city	colstrip
place	3016600	MT	Columbia Falls city	columbia falls
place	3016825	MT	Columbus town	columbus
place	3017275	MT	Conrad city	conrad
place	3018475	MT	Culbertson town	culbertson
place	3018775	MT	Cut Bank city	cut bank
place	3019300	MT	Darby town	darby
place	3019825	MT	Deer Lodge city	deer lodge
place	3020425	MT	Denton town	denton
place	3020800	MT	Dillon city	dillon
place	3021025	MT	Dodson town	dodson
place	3021850	MT	Drummond town	drummond
place	3022600	MT	Dutton town	dutton
place	3023125	MT	East Helena city	east helena
place	3023650	MT	Ekalaka town	ekalaka
place	3024475	MT	Ennis town	ennis
place	3024850	MT	Eureka town	eureka
place	3025225	MT	Fairfield town	fairfield
place	3025300	MT	Fairview town	fairview
place	3026800	MT	Flaxville town	flaxville
place	3027700	MT	Forsyth city	forsyth
place	3028000	MT	Fort Benton city	fort benton
place	3028450	MT	Fort Peck town	fort peck
place	3029500	MT	Froid town	froid
place	3029575	MT	Fromberg town	fromberg
place	3030400	MT	Geraldine town	geraldine
place	3031075	MT	Glasgow city	glasgow
place	3031450	MT	Glendive city	glendive
place	3032575	MT	Grass Range town	grass range
place	3032800	MT	Great Falls city	great falls
place	3033775	MT	Hamilton city	hamilton
place	3034225	MT	Hardin city	hardin
place	3034375	MT	Harlem city	harlem
place	3034450	MT	Harlowton city	harlowton
place	3035050	MT	Havre city	havre
place	3035600	MT	Helena city	helena
place	3036400	MT	Hingham town	hingham
place	3036700	MT	Hobson city	hobson
place	3037825	MT	Hot Springs town	hot springs
place	3038350	MT	Hysham town	hysham
place	3038950	MT	Ismay town	ismay
place	3039700	MT	Joliet town	joliet
place	3039925	MT	Jordan town	jordan
place	3040000	MT	Judith Gap city	judith gap
place	3040075	MT	Kalispell city	kalispell
place	3040525	MT	Kevin town	kevin
place	3042700	MT	Laurel city	laurel
place	3042850	MT	Lavina town	lavina
place	3043375	MT	Lewistown city	lewistown
place	3043450	MT	Libby city	libby
place	3043525	MT	Lima town	lima
place	3043975	MT	Livingston city	livingston
place	3044275	MT	Lodge Grass town	lodge grass
place	3047425	MT	Malta city	malta
place	3047575	MT	Manhattan town	manhattan
place	3048775	MT	Medicine Lake town	medicine lake
place	3049000	MT	Melstone town	melstone
place	3049525	MT	Miles City city	miles
place	3050200	MT	Missoula city	missoula
place	3051550	MT	Moore town	moore
place	3052900	MT	Nashua town	nashua
place	3053200	MT	Neihart town	neihart
place	3055525	MT	Opheim town	opheim
place	3056050	MT	Outlook town	outlook
place	3057175	MT	Philipsburg town	philipsburg
place	3057700	MT	Pinesdale town	pinesdale
place	3058150	MT	Plains town	plains
place	3058375	MT	Plentywood city	plentywood
place	3058450	MT	Plevna town	plevna
place	3058750	MT	Polson city	polson
place	3058975	MT	Poplar city	poplar
place	3061525	MT	Red Lodge city	red lodge
place	3062200	MT	Rexford town	rexford
place	3062275	MT	Richey town	richey
place	3064150	MT	Ronan city	ronan
place	3064525	MT	Roundup city	roundup
place	3064975	MT	Ryegate town	ryegate
place	3065050	MT	Saco town	saco
place	3065275	MT	St. Ignatius town	st ignatius
place	3066925	MT	Scobey city	scobey
place	3067450	MT	Shelby city	shelby
place	3067600	MT	Sheridan town	sheridan
place	3067900	MT	Sidney city	sidney
place	3070675	MT	Stanford town	stanford
place	3071200	MT	Stevensville town	stevensville
place	3072175	MT	Sunburst town	sunburst
place	3072625	MT	Superior town	superior
place	3073675	MT	Terry town	terry
place	3073825	MT	Thompson Falls city	thompson falls
place	3073975	MT	Three Forks city	three forks
place	3074575	MT	Townsend city	townsend
place	3075025	MT	Troy city	troy
place	3075475	MT	Twin Bridges town	twin bridges
place	3076225	MT	Valier town	valier
place	3077125	MT	Virginia City town	virginia
place	3077650	MT	Walkerville town	walkerville
place	3078925	MT	Westby town	westby
place	3079525	MT	West Yellowstone town	west yellowstone
place	3079825	MT	Whitefish city	whitefish
place	3079900	MT	Whitehall town	whitehall
place	3080050	MT	White Sulphur Springs city	white sulphur springs
place	3080350	MT	Wibaux town	wibaux
place	3081025	MT	Winifred town	winifred
place	3081100	MT	Winnett town	winnett
place	3081475	MT	Wolf Point city	wolf point
place	3100205	NE	Abie village	abie
place	3100240	NE	Adams village	adams
place	3100415	NE	Ainsworth city	ainsworth
place	3100555	NE	Albion city	albion
place	3100625	NE	Alda village	alda
place	3100730	NE	Alexandria village	alexandria
place	3100870	NE	Allen village	allen
place	3100905	NE	Alliance city	alliance
place	3100975	NE	Alma city	alma
place	3101150	NE	Alvo village	alvo
place	3101290	NE	Amherst village	amherst
place	3101465	NE	Anoka village	anoka
place	3101500	NE	Anselmo village	anselmo
place	3101535	NE	Ansley village	ansley
place	3101780	NE	Arapahoe city	arapahoe
place	3101850	NE	Arcadia village	arcadia
place	3101990	NE	Arlington village	arlington
place	3102095	NE	Arnold village	arnold
place	3102200	NE	Arthur village	arthur
place	3102305	NE	Ashland city	ashland
place	3102375	NE	Ashton village	ashton
place	3102550	NE	Atkinson city	atkinson
place	3102620	NE	Atlanta village	atlanta
place	3102655	NE	Auburn city	auburn
place	3102690	NE	Aurora city	aurora
place	3102795	NE	Avoca village	avoca
place	3102830	NE	Axtell village	axtell
place	3102865	NE	Ayr village	ayr
place	3103005	NE	Bancroft village	bancroft
place	3103040	NE	Barada village	barada
place	3103075	NE	Barneston village	barneston
place	3103145	NE	Bartlett village	bartlett
place	3103180	NE	Bartley village	bartley
place	3103215	NE	Bassett city	bassett
place	3103250	NE	Battle Creek city	battle creek
place	3103285	NE	Bayard city	bayard
place	3103355	NE	Bazile Mills village	bazile mills
place	3103390	NE	Beatrice city	beatrice
place	3103495	NE	Beaver City city	beaver
place	3103530	NE	Beaver Crossing village	beaver crossing
place	3103600	NE	Bee village	bee
place	3103635	NE	Beemer village	beemer
place	3103775	NE	Belden village	belden
place	3103810	NE	Belgrade village	belgrade
place	3103950	NE	Bellevue city	bellevue
place	3104020	NE	Bellwood village	bellwood
place	3104160	NE	Belvidere village	belvidere
place	3104195	NE	Benedict village	benedict
place	3104230	NE	Benkelman city	benkelman
place	3104300	NE	Bennet village	bennet
place	3104405	NE	Bennington city	bennington
place	3104615	NE	Bertrand village	bertrand
place	3104650	NE	Berwyn village	berwyn
place	3104895	NE	Big Springs village	big springs
place	3105140	NE	Bladen village	bladen
place	3105350	NE	Blair city	blair
place	3105455	NE	Bloomfield city	bloomfield
place	3105490	NE	Bloomington village	bloomington
place	3105560	NE	Blue Hill city	blue hill
place	3105630	NE	Blue Springs city	blue springs
place	3106015	NE	Boys Town village	boys
place	3106050	NE	Bradshaw village	bradshaw
place	3106085	NE	Brady village	brady
place	3106120	NE	Brainard village	brainard
place	3106260	NE	Brewster village	brewster
place	3106295	NE	Bridgeport city	bridgeport
place	3106400	NE	Bristow village	bristow
place	3106470	NE	Broadwater village	broadwater
place	3106505	NE	Brock village	brock
place	3106610	NE	Broken Bow city	broken bow
place	3106750	NE	Brownville village	brownville
place	3106785	NE	Brule village	brule
place	3106820	NE	Bruning village	bruning
place	3106855	NE	Bruno village	bruno
place	3106890	NE	Brunswick village	brunswick
place	3107065	NE	Burchard village	burchard
place	3107205	NE	Burr village	burr
place	3107310	NE	Burton village	burton
place	3107345	NE	Burwell city	burwell
place	3107415	NE	Bushnell village	bushnell
place	3107485	NE	Butte village	butte
place	3107555	NE	Byron village	byron
place	3107625	NE	Cairo village	cairo
place	3107660	NE	Callaway village	callaway
place	3107730	NE	Cambridge city	cambridge
place	3107870	NE	Campbell village	campbell
place	3107975	NE	Carleton village	carleton
place	3108010	NE	Carroll village	carroll
place	3108150	NE	Cedar Bluffs village	cedar bluffs
place	3108185	NE	Cedar Creek village	cedar creek
place	3108220	NE	Cedar Rapids village	cedar rapids
place	3108360	NE	Center village	center
place	3108535	NE	Central City city	central
place	3108570	NE	Ceresco village	ceresco
place	3108605	NE	Chadron city	chadron
place	3108675	NE	Chambers village	chambers
place	3108780	NE	Chapman village	chapman
place	3108885	NE	Chappell city	chappell
place	3109095	NE	Chester village	chester
place	3109165	NE	Clarks village	clarks
place	3109200	NE	Clarkson city	clarkson
place	3109270	NE	Clatonia village	clatonia
place	3109375	NE	Clay Center city	clay center
place	3109445	NE	Clearwater village	clearwater
place	3109655	NE	Clinton village	clinton
place	3109760	NE	Cody village	cody
place	3109865	NE	Coleridge village	coleridge
place	3110005	NE	Colon village	colon
place	3110110	NE	Columbus city	columbus
place	3110180	NE	Comstock village	comstock
place	3110250	NE	Concord village	concord
place	3110390	NE	Cook village	cook
place	3110495	NE	Cordova village	cordova
place	3110600	NE	Cornlea village	cornlea
place	3110635	NE	Cortland village	cortland
place	3110740	NE	Cotesfield village	cotesfield
place	3110985	NE	Cowles village	cowles
place	3111020	NE	Cozad city	cozad
place	3111055	NE	Crab Orchard village	crab orchard
place	3111090	NE	Craig village	craig
place	3111195	NE	Crawford city	crawford
place	3111230	NE	Creighton city	creighton
place	3111300	NE	Creston village	creston
place	3111370	NE	Crete city	crete
place	3111440	NE	Crofton city	crofton
place	3111475	NE	Crookston village	crookston
place	3111615	NE	Culbertson village	culbertson
place	3111825	NE	Curtis city	curtis
place	3111860	NE	Cushing village	cushing
place	3112000	NE	Dakota City city	dakota
place	3112070	NE	Dalton village	dalton
place	3112105	NE	Danbury village	danbury
place	3112140	NE	Dannebrog village	dannebrog
place	3112245	NE	Davenport village	davenport
place	3112280	NE	Davey village	davey
place	3112315	NE	David City city	david
place	3112420	NE	Dawson village	dawson
place	3112455	NE	Daykin village	daykin
place	3112525	NE	Decatur village	decatur
place	3112770	NE	Denton village	denton
place	3112840	NE	Deshler city	deshler
place	3112945	NE	Deweese village	deweese
place	3113015	NE	De Witt village	de witt
place	3113085	NE	Diller village	diller
place	3113190	NE	Dix village	dix
place	3113225	NE	Dixon village	dixon
place	3113295	NE	Dodge village	dodge
place	3113365	NE	Doniphan village	doniphan
place	3113435	NE	Dorchester village	dorchester
place	3113505	NE	Douglas village	douglas
place	3113750	NE	Du Bois village	du bois
place	3113855	NE	Dunbar village	dunbar
place	3113890	NE	Duncan village	duncan
place	3113960	NE	Dunning village	dunning
place	3114065	NE	Dwight village	dwight
place	3114100	NE	Eagle village	eagle
place	3114380	NE	Eddyville village	eddyville
place	3114450	NE	Edgar city	edgar
place	3114520	NE	Edison village	edison
place	3114555	NE	Elba village	elba
place	3114730	NE	Elgin city	elgin
place	3114975	NE	Elk Creek village	elk creek
place	3115360	NE	Elm Creek village	elm creek
place	3115430	NE	Elmwood village	elmwood
place	3115500	NE	Elsie village	elsie
place	3115570	NE	Elwood village	elwood
place	3115605	NE	Elyria village	elyria
place	3115710	NE	Emerson village	emerson
place	3115815	NE	Emmet village	emmet
place	3115920	NE	Endicott village	endicott
place	3116025	NE	Ericson village	ericson
place	3116165	NE	Eustis village	eustis
place	3116270	NE	Ewing village	ewing
place	3116340	NE	Exeter village	exeter
place	3116410	NE	Fairbury city	fairbury
place	3116445	NE	Fairfield city	fairfield
place	3116550	NE	Fairmont village	fairmont
place	3116655	NE	Falls City city	falls
place	3116725	NE	Farnam village	farnam
place	3116760	NE	Farwell village	farwell
place	3116830	NE	Filley village	filley
place	3116935	NE	Firth village	firth
place	3117110	NE	Fordyce village	fordyce
place	3117145	NE	Fort Calhoun city	fort calhoun
place	3117320	NE	Foster village	foster
place	3117530	NE	Franklin city	franklin
place	3117670	NE	Fremont city	fremont
place	3117775	NE	Friend city	friend
place	3117810	NE	Fullerton city	fullerton
place	3117880	NE	Funk village	funk
place	3117950	NE	Gandy village	gandy
place	3118230	NE	Garland village	garland
place	3118300	NE	Garrison village	garrison
place	3118405	NE	Geneva city	geneva
place	3118475	NE	Genoa city	genoa
place	3118580	NE	Gering city	gering
place	3118615	NE	Gibbon city	gibbon
place	3118720	NE	Gilead village	gilead
place	3118825	NE	Giltner village	giltner
place	3119070	NE	Glenvil village	glenvil
place	3119245	NE	Goehner village	goehner
place	3119350	NE	Gordon city	gordon
place	3119385	NE	Gothenburg city	gothenburg
place	3119455	NE	Grafton village	grafton
place	3119595	NE	Grand Island city	grand island
place	3119910	NE	Grant city	grant
place	3120050	NE	Greeley Center village	greeley center
place	3120190	NE	Greenwood village	greenwood
place	3120225	NE	Gresham village	gresham
place	3120260	NE	Gretna city	gretna
place	3120295	NE	Gross village	gross
place	3120365	NE	Guide Rock village	guide rock
place	3120435	NE	Gurley village	gurley
place	3120470	NE	Hadar village	hadar
place	3120540	NE	Haigler village	haigler
place	3120610	NE	Hallam village	hallam
place	3120680	NE	Halsey village	halsey
place	3120750	NE	Hamlet village	hamlet
place	3120785	NE	Hampton village	hampton
place	3120960	NE	Harbine village	harbine
place	3120995	NE	Hardy village	hardy
place	3121240	NE	Harrison village	harrison
place	3121275	NE	Hartington city	hartington
place	3121345	NE	Harvard city	harvard
place	3121415	NE	Hastings city	hastings
place	3121660	NE	Hayes Center village	hayes center
place	3121730	NE	Hay Springs village	hay springs
place	3121765	NE	Hazard village	hazard
place	3121835	NE	Heartwell village	heartwell
place	3121905	NE	Hebron city	hebron
place	3122045	NE	Hemingford village	hemingford
place	3122080	NE	Henderson city	henderson
place	3122115	NE	Hendley village	hendley
place	3122150	NE	Henry village	henry
place	3122185	NE	Herman village	herman
place	3122290	NE	Hershey village	hershey
place	3122325	NE	Hickman city	hickman
place	3122430	NE	Hildreth village	hildreth
place	3122605	NE	Holbrook village	holbrook
place	3122640	NE	Holdrege city	holdrege
place	3122815	NE	Holstein village	holstein
place	3122920	NE	Homer village	homer
place	3123025	NE	Hooper city	hooper
place	3123200	NE	Hordville village	hordville
place	3123235	NE	Hoskins village	hoskins
place	3123270	NE	Howard City (Boelus) village	howard city boelus
place	3123340	NE	Howells village	howells
place	3123375	NE	Hubbard village	hubbard
place	3123410	NE	Hubbell village	hubbell
place	3123445	NE	Humboldt city	humboldt
place	3123480	NE	Humphrey city	humphrey
place	3123550	NE	Huntley village	huntley
place	3123655	NE	Hyannis village	hyannis
place	3123690	NE	Imperial city	imperial
place	3123830	NE	Indianola city	indianola
place	3123970	NE	Inglewood village	inglewood
place	3124075	NE	Inman village	inman
place	3124285	NE	Ithaca village	ithaca
place	3124355	NE	Jackson village	jackson
place	3124530	NE	Jansen village	jansen
place	3124670	NE	Johnson village	johnson
place	3124740	NE	Johnstown village	johnstown
place	3124915	NE	Julian village	julian
place	3124950	NE	Juniata village	juniata
place	3125055	NE	Kearney city	kearney
place	3125160	NE	Kenesaw village	kenesaw
place	3125230	NE	Kennard village	kennard
place	3125405	NE	Kilgore village	kilgore
place	3125475	NE	Kimball city	kimball
place	3126175	NE	Lamar village	lamar
place	3126350	NE	Laurel city	laurel
place	3126385	NE	La Vista city	la vista
place	3126420	NE	Lawrence village	lawrence
place	3126455	NE	Lebanon village	lebanon
place	3126560	NE	Leigh village	leigh
place	3126630	NE	Leshara village	leshara
place	3126805	NE	Lewellen village	lewellen
place	3126875	NE	Lewiston village	lewiston
place	3126910	NE	Lexington city	lexington
place	3126980	NE	Liberty village	liberty
place	3128000	NE	Lincoln city	lincoln
place	3128105	NE	Lindsay village	lindsay
place	3128245	NE	Linwood village	linwood
place	3128350	NE	Litchfield village	litchfield
place	3128420	NE	Lodgepole village	lodgepole
place	3129050	NE	Long Pine city	long pine
place	3129085	NE	Loomis village	loomis
place	3129175	NE	Lorton village	lorton
place	3129260	NE	Louisville city	louisville
place	3129470	NE	Loup City city	loup
place	3129645	NE	Lushton village	lushton
place	3129715	NE	Lyman village	lyman
place	3129750	NE	Lynch village	lynch
place	3129855	NE	Lyons city	lyons
place	3129925	NE	McCook city	mccook
place	3129960	NE	McCool Junction village	mccool junction
place	3130030	NE	McGrew village	mcgrew
place	3130065	NE	McLean village	mclean
place	3130240	NE	Madison city	madison
place	3130275	NE	Madrid village	madrid
place	3130310	NE	Magnet village	magnet
place	3130345	NE	Malcolm village	malcolm
place	3130380	NE	Malmo village	malmo
place	3130415	NE	Manley village	manley
place	3130730	NE	Marquette village	marquette
place	3130940	NE	Martinsburg village	martinsburg
place	3131045	NE	Maskell village	maskell
place	3131115	NE	Mason City village	mason
place	3131220	NE	Maxwell village	maxwell
place	3131325	NE	Maywood village	maywood
place	3131395	NE	Mead village	mead
place	3131465	NE	Meadow Grove village	meadow grove
place	3131570	NE	Melbeta village	melbeta
place	3131640	NE	Memphis village	memphis
place	3131780	NE	Merna village	merna
place	3131815	NE	Merriman village	merriman
place	3132060	NE	Milford city	milford
place	3132130	NE	Miller village	miller
place	3132200	NE	Milligan village	milligan
place	3132305	NE	Minatare city	minatare
place	3132340	NE	Minden city	minden
place	3132410	NE	Mitchell city	mitchell
place	3132550	NE	Monowi village	monowi
place	3132585	NE	Monroe village	monroe
place	3132760	NE	Moorefield village	moorefield
place	3132830	NE	Morrill village	morrill
place	3132865	NE	Morse Bluff village	morse bluff
place	3133250	NE	Mullen village	mullen
place	3133320	NE	Murdock village	murdock
place	3133425	NE	Murray village	murray
place	3133530	NE	Naper village	naper
place	3133565	NE	Naponee village	naponee
place	3133705	NE	Nebraska City city	nebraska
place	3133740	NE	Nehawka village	nehawka
place	3133775	NE	Neligh city	neligh
place	3133880	NE	Nelson city	nelson
place	3133950	NE	Nemaha village	nemaha
place	3133985	NE	Nenzel village	nenzel
place	3134090	NE	Newcastle village	newcastle
place	3134230	NE	Newman Grove city	newman grove
place	3134265	NE	Newport village	newport
place	3134300	NE	Nickerson village	nickerson
place	3134370	NE	Niobrara village	niobrara
place	3134545	NE	Nora village	nora
place	3134615	NE	Norfolk city	norfolk
place	3134650	NE	Norman village	norman
place	3134720	NE	North Bend city	north bend
place	3134825	NE	North Loup village	north loup
place	3135000	NE	North Platte city	north platte
place	3135245	NE	Oak village	oak
place	3135385	NE	Oakdale village	oakdale
place	3135490	NE	Oakland city	oakland
place	3135560	NE	Obert village	obert
place	3135665	NE	Oconto village	oconto
place	3135700	NE	Octavia village	octavia
place	3135735	NE	Odell village	odell
place	3135980	NE	Ogallala city	ogallala
place	3136015	NE	Ohiowa village	ohiowa
place	3137000	NE	Omaha city	omaha
place	3137105	NE	O'Neill city	oneill
place	3137140	NE	Ong village	ong
place	3137210	NE	Orchard village	orchard
place	3137280	NE	Ord city	ord
place	3137420	NE	Orleans village	orleans
place	3137525	NE	Osceola city	osceola
place	3137560	NE	Oshkosh city	oshkosh
place	3137595	NE	Osmond city	osmond
place	3137630	NE	Otoe village	otoe
place	3137770	NE	Overton village	overton
place	3137910	NE	Oxford village	oxford
place	3138085	NE	Page village	page
place	3138130	NE	Palisade village	palisade
place	3138160	NE	Palmer village	palmer
place	3138190	NE	Palmyra village	palmyra
place	3138225	NE	Panama village	panama
place	3138295	NE	Papillion city	papillion
place	3138575	NE	Pawnee City city	pawnee
place	3138610	NE	Paxton village	paxton
place	3138750	NE	Pender village	pender
place	3138960	NE	Peru city	peru
place	3138995	NE	Petersburg village	petersburg
place	3139030	NE	Phillips village	phillips
place	3139065	NE	Pickrell village	pickrell
place	3139100	NE	Pierce city	pierce
place	3139135	NE	Pilger village	pilger
place	3139170	NE	Plainview city	plainview
place	3139310	NE	Platte Center village	platte center
place	3139345	NE	Plattsmouth city	plattsmouth
place	3139380	NE	Pleasant Dale village	pleasant dale
place	3139450	NE	Pleasanton village	pleasanton
place	3139590	NE	Plymouth village	plymouth
place	3139660	NE	Polk village	polk
place	3139695	NE	Ponca city	ponca
place	3139870	NE	Potter village	potter
place	3139975	NE	Prague village	prague
place	3140360	NE	Primrose village	primrose
place	3140430	NE	Prosser village	prosser
place	3140570	NE	Ragan village	ragan
place	3140605	NE	Ralston city	ralston
place	3140675	NE	Randolph city	randolph
place	3140710	NE	Ravenna city	ravenna
place	3140780	NE	Raymond village	raymond
place	3140920	NE	Red Cloud city	red cloud
place	3141130	NE	Republican City village	republican
place	3141235	NE	Reynolds village	reynolds
place	3141375	NE	Richland village	richland
place	3141480	NE	Rising City village	rising
place	3141515	NE	Riverdale village	riverdale
place	3141760	NE	Riverton village	riverton
place	3141830	NE	Roca village	roca
place	3142075	NE	Rockville village	rockville
place	3142145	NE	Rogers village	rogers
place	3142250	NE	Rosalie village	rosalie
place	3142355	NE	Roseland village	roseland
place	3142495	NE	Royal village	royal
place	3142670	NE	Rulo village	rulo
place	3142775	NE	Rushville city	rushville
place	3142810	NE	Ruskin village	ruskin
place	3143055	NE	St. Edward city	st edward
place	3143090	NE	St. Helena village	st helena
place	3143265	NE	St. Paul city	st paul
place	3143370	NE	Salem village	salem
place	3143475	NE	Santee village	santee
place	3143685	NE	Sargent city	sargent
place	3143755	NE	Saronville village	saronville
place	3144035	NE	Schuyler city	schuyler
place	3144070	NE	Scotia village	scotia
place	3144245	NE	Scottsbluff city	scottsbluff
place	3144280	NE	Scribner city	scribner
place	3144420	NE	Seward city	seward
place	3144595	NE	Shelby village	shelby
place	3144700	NE	Shelton village	shelton
place	3145085	NE	Shickley village	shickley
place	3145190	NE	Sholes village	sholes
place	3145225	NE	Shubert village	shubert
place	3145295	NE	Sidney city	sidney
place	3145400	NE	Silver Creek village	silver creek
place	3145575	NE	Smithfield village	smithfield
place	3145610	NE	Snyder village	snyder
place	3145680	NE	South Bend village	south bend
place	3146030	NE	South Sioux City city	south sioux
place	3146135	NE	Spalding village	spalding
place	3146275	NE	Spencer village	spencer
place	3146380	NE	Sprague village	sprague
place	3146520	NE	Springfield city	springfield
place	3146625	NE	Springview village	springview
place	3146695	NE	Stamford village	stamford
place	3146800	NE	Stanton city	stanton
place	3146835	NE	Staplehurst village	staplehurst
place	3146870	NE	Stapleton village	stapleton
place	3147010	NE	Steele City village	steele
place	3147080	NE	Steinauer village	steinauer
place	3147115	NE	Stella village	stella
place	3147150	NE	Sterling village	sterling
place	3147220	NE	Stockham village	stockham
place	3147290	NE	Stockville village	stockville
place	3147360	NE	Strang village	strang
place	3147395	NE	Stratton village	stratton
place	3147465	NE	Stromsburg city	stromsburg
place	3147500	NE	Stuart village	stuart
place	3147675	NE	Sumner village	sumner
place	3147815	NE	Superior city	superior
place	3147850	NE	Surprise village	surprise
place	3147920	NE	Sutherland village	sutherland
place	3147955	NE	Sutton city	sutton
place	3148060	NE	Swanton village	swanton
place	3148235	NE	Syracuse city	syracuse
place	3148270	NE	Table Rock village	table rock
place	3148305	NE	Talmage village	talmage
place	3148410	NE	Tarnov village	tarnov
place	3148445	NE	Taylor village	taylor
place	3148480	NE	Tecumseh city	tecumseh
place	3148515	NE	Tekamah city	tekamah
place	3148585	NE	Terrytown city	terrytown
place	3148690	NE	Thayer village	thayer
place	3148760	NE	Thedford village	thedford
place	3148900	NE	Thurston village	thurston
place	3148935	NE	Tilden city	tilden
place	3149005	NE	Tobias village	tobias
place	3149145	NE	Trenton village	trenton
place	3149285	NE	Trumbull village	trumbull
place	3149425	NE	Uehling village	uehling
place	3149460	NE	Ulysses village	ulysses
place	3149530	NE	Unadilla village	unadilla
place	3149635	NE	Union village	union
place	3149880	NE	Upland village	upland
place	3149915	NE	Utica village	utica
place	3149950	NE	Valentine city	valentine
place	3150020	NE	Valley city	valley
place	3150125	NE	Valparaiso village	valparaiso
place	3150230	NE	Venango village	venango
place	3150335	NE	Verdel village	verdel
place	3150370	NE	Verdigre village	verdigre
place	3150510	NE	Verdon village	verdon
place	3150790	NE	Virginia village	virginia
place	3150895	NE	Waco village	waco
place	3150965	NE	Wahoo city	wahoo
place	3151070	NE	Wakefield city	wakefield
place	3151175	NE	Wallace village	wallace
place	3151245	NE	Walthill village	walthill
place	3151595	NE	Washington village	washington
place	3151630	NE	Waterbury village	waterbury
place	3151665	NE	Waterloo village	waterloo
place	3151700	NE	Wauneta village	wauneta
place	3151735	NE	Wausa village	wausa
place	3151770	NE	Waverly city	waverly
place	3151840	NE	Wayne city	wayne
place	3152015	NE	Weeping Water city	weeping water
place	3152085	NE	Wellfleet village	wellfleet
place	3152295	NE	Western village	western
place	3152540	NE	Weston village	weston
place	3152575	NE	West Point city	west point
place	3152925	NE	Whitney village	whitney
place	3152960	NE	Wilber city	wilber
place	3152995	NE	Wilcox village	wilcox
place	3153240	NE	Wilsonville village	wilsonville
place	3153275	NE	Winnebago village	winnebago
place	3153345	NE	Winnetoon village	winnetoon
place	3153380	NE	Winside village	winside
place	3153415	NE	Winslow village	winslow
place	3153450	NE	Wisner city	wisner
place	3153520	NE	Wolbach village	wolbach
place	3153555	NE	Wood Lake village	wood lake
place	3153660	NE	Wood River city	wood river
place	3153835	NE	Wymore city	wymore
place	3153905	NE	Wynot village	wynot
place	3154045	NE	York city	york
place	3154115	NE	Yutan city	yutan
place	3206500	NV	Boulder City city	boulder
place	3208500	NV	Caliente city	caliente
place	3208900	NV	Carlin city	carlin
place	3209700	NV	Carson City	carson
place	3222500	NV	Elko city	elko
place	3223500	NV	Ely city	ely
place	3224100	NV	Fallon city	fallon
place	3224900	NV	Fernley city	fernley
place	3231900	NV	Henderson city	henderson
place	3240000	NV	Las Vegas city	las vegas
place	3243000	NV	Lovelock city	lovelock
place	3246000	NV	Mesquite city	mesquite
place	3251800	NV	North Las Vegas city	north las vegas
place	3260600	NV	Reno city	reno
place	3268400	NV	Sparks city	sparks
place	3283000	NV	Wells city	wells
place	3283730	NV	West Wendover city	west wendover
place	3284800	NV	Winnemucca city	winnemucca
place	3285400	NV	Yerington city	yerington
place	3305140	NH	Berlin city	berlin
place	3312900	NH	Claremont city	claremont
place	3314200	NH	Concord city	concord
place	3318820	NH	Dover city	dover
place	3327380	NH	Franklin city	franklin
place	3339300	NH	Keene city	keene
place	3340180	NH	Laconia city	laconia
place	3341300	NH	Lebanon city	lebanon
place	3345140	NH	Manchester city	manchester
place	3350260	NH	Nashua city	nashua
place	3362900	NH	Portsmouth city	portsmouth
place	3365140	NH	Rochester city	rochester
place	3369940	NH	Somersworth city	somersworth
place	3400100	NJ	Absecon city	absecon
place	3400700	NJ	Allendale borough	allendale
place	3400730	NJ	Allenhurst borough	allenhurst
place	3400760	NJ	Allentown borough	allentown
place	3401030	NJ	Alpha borough	alpha
place	3401090	NJ	Alpine borough	alpine
place	3401330	NJ	Andover borough	andover
place	3401960	NJ	Asbury Park city	asbury park
place	3402080	NJ	Atlantic City city	atlantic
place	3402110	NJ	Atlantic Highlands borough	atlantic highlands
place	3402200	NJ	Audubon borough	audubon
place	3402230	NJ	Audubon Park borough	audubon park
place	3402320	NJ	Avalon borough	avalon
place	3402440	NJ	Avon-by-the-Sea borough	avon by the sea
place	3403130	NJ	Barnegat Light borough	barnegat light
place	3403250	NJ	Barrington borough	barrington
place	3403520	NJ	Bay Head borough	bay head
place	3403580	NJ	Bayonne city	bayonne
place	3403940	NJ	Beach Haven borough	beach haven
place	3404180	NJ	Beachwood borough	beachwood
place	3404750	NJ	Bellmawr borough	bellmawr
place	3404930	NJ	Belmar borough	belmar
place	3404990	NJ	Belvidere town	belvidere
place	3405170	NJ	Bergenfield borough	bergenfield
place	3405440	NJ	Berlin borough	berlin
place	3405590	NJ	Bernardsville borough	bernardsville
place	3405740	NJ	Beverly city	beverly
place	3406340	NJ	Bloomingdale borough	bloomingdale
place	3406370	NJ	Bloomsbury borough	bloomsbury
place	3406490	NJ	Bogota borough	bogota
place	3406610	NJ	Boonton town	boonton
place	3406670	NJ	Bordentown city	bordentown
place	3406790	NJ	Bound Brook borough	bound brook
place	3406970	NJ	Bradley Beach borough	bradley beach
place	3407300	NJ	Branchville borough	branchville
place	3407600	NJ	Bridgeton city	bridgeton
place	3407750	NJ	Brielle borough	brielle
place	3407810	NJ	Brigantine city	brigantine
place	3408170	NJ	Brooklawn borough	brooklawn
place	3408680	NJ	Buena borough	buena
place	3408920	NJ	Burlington city	burlington
place	3409040	NJ	Butler borough	butler
place	3409250	NJ	Caldwell borough	caldwell
place	3409280	NJ	Califon borough	califon
place	3410000	NJ	Camden city	camden
place	3410270	NJ	Cape May city	cape may
place	3410330	NJ	Cape May Point borough	cape may point
place	3410480	NJ	Carlstadt borough	carlstadt
place	3410750	NJ	Carteret borough	carteret
place	3412100	NJ	Chatham borough	chatham
place	3412550	NJ	Chesilhurst borough	chesilhurst
place	3412580	NJ	Chester borough	chester
place	3413360	NJ	Clayton borough	clayton
place	3413420	NJ	Clementon borough	clementon
place	3413570	NJ	Cliffside Park borough	cliffside park
place	3413690	NJ	Clifton city	clifton
place	3413720	NJ	Clinton town	clinton
place	3413810	NJ	Closter borough	closter
place	3414260	NJ	Collingswood borough	collingswood
place	3415160	NJ	Corbin City city	corbin
place	3415820	NJ	Cresskill borough	cresskill
place	3416660	NJ	Deal borough	deal
place	3417530	NJ	Demarest borough	demarest
place	3418070	NJ	Dover town	dover
place	3418400	NJ	Dumont borough	dumont
place	3418490	NJ	Dunellen borough	dunellen
place	3419360	NJ	East Newark borough	east newark
place	3419390	NJ	East Orange city	east orange
place	3419510	NJ	East Rutherford borough	east rutherford
place	3419840	NJ	Eatontown borough	eatontown
place	3420020	NJ	Edgewater borough	edgewater
place	3420350	NJ	Egg Harbor City city	egg harbor
place	3421000	NJ	Elizabeth city	elizabeth
place	3421240	NJ	Elmer borough	elmer
place	3421300	NJ	Elmwood Park borough	elmwood park
place	3421450	NJ	Emerson borough	emerson
place	3421480	NJ	Englewood city	englewood
place	3421510	NJ	Englewood Cliffs borough	englewood cliffs
place	3421570	NJ	Englishtown borough	englishtown
place	3421840	NJ	Essex Fells borough	essex fells
place	3421870	NJ	Estell Manor city	estell manor
place	3422440	NJ	Fair Haven borough	fair haven
place	3422470	NJ	Fair Lawn borough	fair lawn
place	3422560	NJ	Fairview borough	fairview
place	3422860	NJ	Fanwood borough	fanwood
place	3422890	NJ	Far Hills borough	far hills
place	3422950	NJ	Farmingdale borough	farmingdale
place	3423250	NJ	Fieldsboro borough	fieldsboro
place	3423700	NJ	Flemington borough	flemington
place	3423910	NJ	Florham Park borough	florham park
place	3423940	NJ	Folsom borough	folsom
place	3424420	NJ	Fort Lee borough	fort lee
place	3424930	NJ	Franklin borough	franklin
place	3424990	NJ	Franklin Lakes borough	franklin lakes
place	3425200	NJ	Freehold borough	freehold
place	3425350	NJ	Frenchtown borough	frenchtown
place	3425770	NJ	Garfield city	garfield
place	3425800	NJ	Garwood borough	garwood
place	3426070	NJ	Gibbsboro borough	gibbsboro
place	3426340	NJ	Glassboro borough	glassboro
place	3426550	NJ	Glen Gardner borough	glen gardner
place	3426610	NJ	Glen Ridge borough	glen ridge
place	3426640	NJ	Glen Rock borough	glen rock
place	3426820	NJ	Gloucester City city	gloucester
place	3428650	NJ	Guttenberg town	guttenberg
place	3428680	NJ	Hackensack city	hackensack
place	3428710	NJ	Hackettstown town	hackettstown
place	3428770	NJ	Haddonfield borough	haddonfield
place	3428800	NJ	Haddon Heights borough	haddon heights
place	3429070	NJ	Haledon borough	haledon
place	3429220	NJ	Hamburg borough	hamburg
place	3429430	NJ	Hammonton town	hammonton
place	3429460	NJ	Hampton borough	hampton
place	3430150	NJ	Harrington Park borough	harrington park
place	3430210	NJ	Harrison town	harrison
place	3430390	NJ	Harvey Cedars borough	harvey cedars
place	3430420	NJ	Hasbrouck Heights borough	hasbrouck heights
place	3430540	NJ	Haworth borough	haworth
place	3430570	NJ	Hawthorne borough	hawthorne
place	3430840	NJ	Helmetta borough	helmetta
place	3431320	NJ	High Bridge borough	high bridge
place	3431470	NJ	Highland Park borough	highland park
place	3431500	NJ	Highlands borough	highlands
place	3431620	NJ	Hightstown borough	hightstown
place	3431920	NJ	Hillsdale borough	hillsdale
place	3432220	NJ	Hi-Nella borough	hi nella
place	3432250	NJ	Hoboken city	hoboken
place	3432310	NJ	Ho-Ho-Kus borough	ho ho kus
place	3432910	NJ	Hopatcong borough	hopatcong
place	3433150	NJ	Hopewell borough	hopewell
place	3434200	NJ	Interlaken borough	interlaken
place	3434530	NJ	Island Heights borough	island heights
place	3434890	NJ	Jamesburg borough	jamesburg
place	3436000	NJ	Jersey City city	jersey
place	3436480	NJ	Keansburg borough	keansburg
place	3436510	NJ	Kearny town	kearny
place	3436690	NJ	Kenilworth borough	kenilworth
place	3436810	NJ	Keyport borough	keyport
place	3437110	NJ	Kinnelon borough	kinnelon
place	3437560	NJ	Lake Como borough	lake como
place	3437770	NJ	Lakehurst borough	lakehurst
place	3438610	NJ	Lambertville city	lambertville
place	3439210	NJ	Laurel Springs borough	laurel springs
place	3439390	NJ	Lavallette borough	lavallette
place	3439420	NJ	Lawnside borough	lawnside
place	3439630	NJ	Lebanon borough	lebanon
place	3440020	NJ	Leonia borough	leonia
place	3440290	NJ	Lincoln Park borough	lincoln park
place	3440350	NJ	Linden city	linden
place	3440440	NJ	Lindenwold borough	lindenwold
place	3440530	NJ	Linwood city	linwood
place	3440680	NJ	Little Ferry borough	little ferry
place	3440770	NJ	Little Silver borough	little silver
place	3441010	NJ	Loch Arbour village	loch arbour
place	3441100	NJ	Lodi borough	lodi
place	3441310	NJ	Long Branch city	long branch
place	3441370	NJ	Longport borough	longport
place	3442510	NJ	Madison borough	madison
place	3442630	NJ	Magnolia borough	magnolia
place	3443050	NJ	Manasquan borough	manasquan
place	3443380	NJ	Mantoloking borough	mantoloking
place	3443620	NJ	Manville borough	manville
place	3443890	NJ	Margate City city	margate
place	3444520	NJ	Matawan borough	matawan
place	3444880	NJ	Maywood borough	maywood
place	3445210	NJ	Medford Lakes borough	medford lakes
place	3445330	NJ	Mendham borough	mendham
place	3445510	NJ	Merchantville borough	merchantville
place	3445690	NJ	Metuchen borough	metuchen
place	3445900	NJ	Middlesex borough	middlesex
place	3446110	NJ	Midland Park borough	midland park
place	3446260	NJ	Milford borough	milford
place	3446590	NJ	Millstone borough	millstone
place	3446620	NJ	Milltown borough	milltown
place	3446680	NJ	Millville city	millville
place	3447130	NJ	Monmouth Beach borough	monmouth beach
place	3447610	NJ	Montvale borough	montvale
place	3447700	NJ	Moonachie borough	moonachie
place	3448210	NJ	Morris Plains borough	morris plains
place	3448300	NJ	Morristown town	morristown
place	3448480	NJ	Mountain Lakes borough	mountain lakes
place	3448510	NJ	Mountainside borough	mountainside
place	3448690	NJ	Mount Arlington borough	mount arlington
place	3448750	NJ	Mount Ephraim borough	mount ephraim
place	3449680	NJ	National Park borough	national park
place	3449920	NJ	Neptune City borough	neptune
place	3450130	NJ	Netcong borough	netcong
place	3451000	NJ	Newark city	newark
place	3451210	NJ	New Brunswick city	new brunswick
place	3451390	NJ	Newfield borough	newfield
place	3451660	NJ	New Milford borough	new milford
place	3451810	NJ	New Providence borough	new providence
place	3451930	NJ	Newton town	newton
place	3452320	NJ	North Arlington borough	north arlington
place	3452620	NJ	North Caldwell borough	north caldwell
place	3452950	NJ	Northfield city	northfield
place	3453040	NJ	North Haledon borough	north haledon
place	3453280	NJ	North Plainfield borough	north plainfield
place	3453430	NJ	Northvale borough	northvale
place	3453490	NJ	North Wildwood city	north wildwood
place	3453610	NJ	Norwood borough	norwood
place	3453850	NJ	Oakland borough	oakland
place	3453880	NJ	Oaklyn borough	oaklyn
place	3454360	NJ	Ocean City city	ocean
place	3454450	NJ	Ocean Gate borough	ocean gate
place	3454570	NJ	Oceanport borough	oceanport
place	3454660	NJ	Ogdensburg borough	ogdensburg
place	3454870	NJ	Old Tappan borough	old tappan
place	3454990	NJ	Oradell borough	oradell
place	3455770	NJ	Palisades Park borough	palisades park
place	3455800	NJ	Palmyra borough	palmyra
place	3455950	NJ	Paramus borough	paramus
place	3456130	NJ	Park Ridge borough	park ridge
place	3456550	NJ	Passaic city	passaic
place	3457000	NJ	Paterson city	paterson
place	3457150	NJ	Paulsboro borough	paulsboro
place	3457300	NJ	Peapack and Gladstone borough	peapack and gladstone
place	3457480	NJ	Pemberton borough	pemberton
place	3457600	NJ	Pennington borough	pennington
place	3457750	NJ	Penns Grove borough	penns grove
place	3458200	NJ	Perth Amboy city	perth amboy
place	3458350	NJ	Phillipsburg town	phillipsburg
place	3458590	NJ	Pine Beach borough	pine beach
place	3458770	NJ	Pine Hill borough	pine hill
place	3459070	NJ	Pitman borough	pitman
place	3459190	NJ	Plainfield city	plainfield
place	3459640	NJ	Pleasantville city	pleasantville
place	3459880	NJ	Point Pleasant borough	point pleasant
place	3459910	NJ	Point Pleasant Beach borough	point pleasant beach
place	3460090	NJ	Pompton Lakes borough	pompton lakes
place	3460600	NJ	Port Republic city	port republic
place	3460900	NJ	Princeton	princeton
place	3461170	NJ	Prospect Park borough	prospect park
place	3461530	NJ	Rahway city	rahway
place	3461680	NJ	Ramsey borough	ramsey
place	3461980	NJ	Raritan borough	raritan
place	3462430	NJ	Red Bank borough	red bank
place	3462910	NJ	Ridgefield borough	ridgefield
place	3462940	NJ	Ridgefield Park village	ridgefield park
place	3463000	NJ	Ridgewood village	ridgewood
place	3463150	NJ	Ringwood borough	ringwood
place	3463300	NJ	Riverdale borough	riverdale
place	3463360	NJ	River Edge borough	river edge
place	3463660	NJ	Riverton borough	riverton
place	3464050	NJ	Rockaway borough	rockaway
place	3464170	NJ	Rockleigh borough	rockleigh
place	3464320	NJ	Rocky Hill borough	rocky hill
place	3464410	NJ	Roosevelt borough	roosevelt
place	3464590	NJ	Roseland borough	roseland
place	3464620	NJ	Roselle borough	roselle
place	3464650	NJ	Roselle Park borough	roselle park
place	3465130	NJ	Rumson borough	rumson
place	3465160	NJ	Runnemede borough	runnemede
place	3465280	NJ	Rutherford borough	rutherford
place	3465400	NJ	Saddle River borough	saddle river
place	3465490	NJ	Salem city	salem
place	3465790	NJ	Sayreville borough	sayreville
place	3466240	NJ	Sea Bright borough	sea bright
place	3466330	NJ	Sea Girt borough	sea girt
place	3466390	NJ	Sea Isle City city	sea isle
place	3466450	NJ	Seaside Heights borough	seaside heights
place	3466480	NJ	Seaside Park borough	seaside park
place	3466570	NJ	Secaucus town	secaucus
place	3467020	NJ	Shiloh borough	shiloh
place	3467110	NJ	Ship Bottom borough	ship bottom
place	3467350	NJ	Shrewsbury borough	shrewsbury
place	3468340	NJ	Somerdale borough	somerdale
place	3468430	NJ	Somers Point city	somers point
place	3468460	NJ	Somerville borough	somerville
place	3468550	NJ	South Amboy city	south amboy
place	3468730	NJ	South Bound Brook borough	south bound brook
place	3469390	NJ	South Plainfield borough	south plainfield
place	3469420	NJ	South River borough	south river
place	3469510	NJ	South Toms River borough	south toms river
place	3469810	NJ	Spotswood borough	spotswood
place	3470110	NJ	Spring Lake borough	spring lake
place	3470140	NJ	Spring Lake Heights borough	spring lake heights
place	3470380	NJ	Stanhope borough	stanhope
place	3470980	NJ	Stockton borough	stockton
place	3471010	NJ	Stone Harbor borough	stone harbor
place	3471220	NJ	Stratford borough	stratford
place	3471430	NJ	Summit city	summit
place	3471640	NJ	Surf City borough	surf
place	3471670	NJ	Sussex borough	sussex
place	3471850	NJ	Swedesboro borough	swedesboro
place	3472240	NJ	Tavistock borough	tavistock
place	3472420	NJ	Tenafly borough	tenafly
place	3472480	NJ	Teterboro borough	teterboro
place	3473020	NJ	Tinton Falls borough	tinton falls
place	3473140	NJ	Totowa borough	totowa
place	3474000	NJ	Trenton city	trenton
place	3474210	NJ	Tuckerton borough	tuckerton
place	3474540	NJ	Union Beach borough	union beach
place	3474630	NJ	Union City city	union
place	3475140	NJ	Upper Saddle River borough	upper saddle river
place	3475620	NJ	Ventnor City city	ventnor
place	3475890	NJ	Victory Gardens borough	victory gardens
place	3476070	NJ	Vineland city	vineland
place	3476400	NJ	Waldwick borough	waldwick
place	3476490	NJ	Wallington borough	wallington
place	3476730	NJ	Wanaque borough	wanaque
place	3477270	NJ	Washington borough	washington
place	3477600	NJ	Watchung borough	watchung
place	3478110	NJ	Wenonah borough	wenonah
place	3478530	NJ	West Cape May borough	west cape may
place	3479040	NJ	Westfield town	westfield
place	3479310	NJ	West Long Branch borough	west long branch
place	3479610	NJ	West New York town	west new york
place	3480120	NJ	Westville borough	westville
place	3480210	NJ	West Wildwood borough	west wildwood
place	3480270	NJ	Westwood borough	westwood
place	3480390	NJ	Wharton borough	wharton
place	3481170	NJ	Wildwood city	wildwood
place	3481200	NJ	Wildwood Crest borough	wildwood crest
place	3481890	NJ	Woodbine borough	woodbine
place	3482120	NJ	Woodbury city	woodbury
place	3482180	NJ	Woodbury Heights borough	woodbury heights
place	3482300	NJ	Woodcliff Lake borough	woodcliff lake
place	3482423	NJ	Woodland Park borough	woodland park
place	3482450	NJ	Woodlynne borough	woodlynne
place	3482570	NJ	Wood-Ridge borough	wood ridge
place	3482720	NJ	Woodstown borough	woodstown
place	3482960	NJ	Wrightstown borough	wrightstown
place	3501780	NM	Alamogordo city	alamogordo
place	3502000	NM	Albuquerque city	albuquerque
place	3503400	NM	Angel Fire village	angel fire
place	3503820	NM	Anthony city	anthony
place	3505220	NM	Artesia city	artesia
place	3505780	NM	Aztec city	aztec
place	3506270	NM	Bayard city	bayard
place	3506480	NM	Belen city	belen
place	3506970	NM	Bernalillo town	bernalillo
place	3507880	NM	Bloomfield city	bloomfield
place	3508580	NM	Bosque Farms village	bosque farms
place	3511800	NM	Capitan village	capitan
place	3512150	NM	Carlsbad city	carlsbad
place	3512500	NM	Carrizozo town	carrizozo
place	3512850	NM	Causey village	causey
place	3513970	NM	Chama village	chama
place	3515440	NM	Cimarron village	cimarron
place	3515720	NM	Clayton town	clayton
place	3516280	NM	Cloudcroft village	cloudcroft
place	3516420	NM	Clovis city	clovis
place	3517050	NM	Columbus village	columbus
place	3517680	NM	Corona village	corona
place	3517960	NM	Corrales village	corrales
place	3519150	NM	Cuba village	cuba
place	3520270	NM	Deming city	deming
place	3520480	NM	Des Moines village	des moines
place	3520620	NM	Dexter town	dexter
place	3521180	NM	Dora village	dora
place	3522020	NM	Eagle Nest village	eagle nest
place	3522380	NM	Edgewood town	edgewood
place	3522720	NM	Elephant Butte city	elephant butte
place	3523000	NM	Elida town	elida
place	3524610	NM	Encino village	encino
place	3525170	NM	Española city	española
place	3525380	NM	Estancia town	estancia
place	3525450	NM	Eunice city	eunice
place	3525800	NM	Farmington city	farmington
place	3526570	NM	Floyd village	floyd
place	3526780	NM	Folsom village	folsom
place	3527340	NM	Fort Sumner village	fort sumner
place	3528460	NM	Gallup city	gallup
place	3530210	NM	Grady village	grady
place	3530490	NM	Grants city	grants
place	3530770	NM	Grenville village	grenville
place	3531330	NM	Hagerman town	hagerman
place	3531820	NM	Hatch village	hatch
place	3532520	NM	Hobbs city	hobbs
place	3533290	NM	Hope village	hope
place	3533710	NM	House village	house
place	3533850	NM	Hurley town	hurley
place	3535040	NM	Jal city	jal
place	3535320	NM	Jemez Springs village	jemez springs
place	3536230	NM	Kirtland town	kirtland
place	3537840	NM	Lake Arthur town	lake arthur
place	3539380	NM	Las Cruces city	las cruces
place	3539940	NM	Las Vegas city	las vegas
place	3542040	NM	Logan village	logan
place	3542180	NM	Lordsburg city	lordsburg
place	3543370	NM	Los Lunas village	los lunas
place	3543930	NM	Los Ranchos de Albuquerque village	los ranchos de albuquerque
place	3544420	NM	Loving village	loving
place	3544490	NM	Lovington city	lovington
place	3546310	NM	Magdalena village	magdalena
place	3547080	NM	Maxwell village	maxwell
place	3547570	NM	Melrose village	melrose
place	3548060	NM	Mesilla town	mesilla
place	3548620	NM	Milan village	milan
place	3550160	NM	Moriarty city	moriarty
place	3550300	NM	Mosquero village	mosquero
place	3550370	NM	Mountainair town	mountainair
place	3555620	NM	Pecos village	pecos
place	3556180	NM	Peralta town	peralta
place	3559260	NM	Portales city	portales
place	3560870	NM	Questa village	questa
place	3562060	NM	Raton city	raton
place	3562200	NM	Red River town	red river
place	3562620	NM	Reserve village	reserve
place	3563145	NM	Rio Communities city	rio communities
place	3563460	NM	Rio Rancho city	rio rancho
place	3564930	NM	Roswell city	roswell
place	3565070	NM	Roy village	roy
place	3565210	NM	Ruidoso village	ruidoso
place	3565280	NM	Ruidoso Downs city	ruidoso downs
place	3568150	NM	San Jon village	san jon
place	3570270	NM	Santa Clara village	santa clara
place	3570500	NM	Santa Fe city	santa fe
place	3570670	NM	Santa Rosa city	santa rosa
place	3571020	NM	San Ysidro village	san ysidro
place	3573260	NM	Silver City town	silver
place	3573540	NM	Socorro city	socorro
place	3574800	NM	Springer town	springer
place	3575640	NM	Sunland Park city	sunland park
place	3576200	NM	Taos town	taos
place	3576480	NM	Taos Ski Valley village	taos ski valley
place	3576620	NM	Tatum town	tatum
place	3577250	NM	Texico city	texico
place	3577880	NM	Tijeras village	tijeras
place	3579840	NM	Truth or Consequences city	truth or consequences
place	3579910	NM	Tucumcari city	tucumcari
place	3579980	NM	Tularosa village	tularosa
place	3582570	NM	Vaughn town	vaughn
place	3583200	NM	Virden village	virden
place	3583340	NM	Wagon Mound village	wagon mound
place	3585160	NM	Willard village	willard
place	3585300	NM	Williamsburg village	williamsburg
place	3600199	NY	Adams village	adams
place	3600276	NY	Addison village	addison
place	3600342	NY	Afton village	afton
place	3600408	NY	Airmont village	airmont
place	3600441	NY	Akron village	akron
place	3601000	NY	Albany city	albany
place	3601033	NY	Albion village	albion
place	3601088	NY	Alden village	alden
place	3601154	NY	Alexander village	alexander
place	3601187	NY	Alexandria Bay village	alexandria bay
place	3601198	NY	Alfred village	alfred
place	3601286	NY	Allegany village	allegany
place	3601440	NY	Almond village	almond
place	3601517	NY	Altamont village	altamont
place	3601737	NY	Ames village	ames
place	3602044	NY	Amityville village	amityville
place	3602066	NY	Amsterdam city	amsterdam
place	3602143	NY	Andover village	andover
place	3602176	NY	Angelica village	angelica
place	3602198	NY	Angola village	angola
place	3602286	NY	Antwerp village	antwerp
place	3602407	NY	Arcade village	arcade
place	3602506	NY	Ardsley village	ardsley
place	3602550	NY	Argyle village	argyle
place	3602583	NY	Arkport village	arkport
place	3602737	NY	Asharoken village	asharoken
place	3602902	NY	Athens village	athens
place	3602968	NY	Atlantic Beach village	atlantic beach
place	3603001	NY	Attica village	attica
place	3603078	NY	Auburn city	auburn
place	3603188	NY	Aurora village	aurora
place	3603331	NY	Avoca village	avoca
place	3603353	NY	Avon village	avon
place	3603408	NY	Babylon village	babylon
place	3604033	NY	Bainbridge village	bainbridge
place	3604198	NY	Baldwinsville village	baldwinsville
place	3604253	NY	Ballston Spa village	ballston spa
place	3604440	NY	Barker village	barker
place	3604715	NY	Batavia city	batavia
place	3604759	NY	Bath village	bath
place	3604803	NY	Baxter Estates village	baxter estates
place	3605034	NY	Bayville village	bayville
place	3605100	NY	Beacon city	beacon
place	3605639	NY	Bellerose village	bellerose
place	3605672	NY	Belle Terre village	belle terre
place	3605771	NY	Bellport village	bellport
place	3605815	NY	Belmont village	belmont
place	3605848	NY	Bemus Point village	bemus point
place	3606046	NY	Bergen village	bergen
place	3606607	NY	Binghamton city	binghamton
place	3606794	NY	Black River village	black river
place	3606849	NY	Blasdell village	blasdell
place	3606945	NY	Bloomfield village	bloomfield
place	3606959	NY	Bloomingburg village	bloomingburg
place	3607190	NY	Bolivar village	bolivar
place	3607355	NY	Boonville village	boonville
place	3608070	NY	Brewster village	brewster
place	3608103	NY	Briarcliff Manor village	briarcliff manor
place	3608323	NY	Brightwaters village	brightwaters
place	3608422	NY	Broadalbin village	broadalbin
place	3608466	NY	Brockport village	brockport
place	3608488	NY	Brocton village	brocton
place	3608532	NY	Bronxville village	bronxville
place	3610132	NY	Brookville village	brookville
place	3610231	NY	Brownville village	brownville
place	3610286	NY	Brushton village	brushton
place	3610341	NY	Buchanan village	buchanan
place	3611000	NY	Buffalo city	buffalo
place	3611132	NY	Burdett village	burdett
place	3611154	NY	Burke village	burke
place	3611704	NY	Caledonia village	caledonia
place	3611825	NY	Cambridge village	cambridge
place	3611847	NY	Camden village	camden
place	3611902	NY	Camillus village	camillus
place	3612111	NY	Canajoharie village	canajoharie
place	3612144	NY	Canandaigua city	canandaigua
place	3612177	NY	Canaseraga village	canaseraga
place	3612188	NY	Canastota village	canastota
place	3612210	NY	Candor village	candor
place	3612254	NY	Canisteo village	canisteo
place	3612331	NY	Canton village	canton
place	3612353	NY	Cape Vincent village	cape vincent
place	3612683	NY	Carthage village	carthage
place	3612749	NY	Cassadaga village	cassadaga
place	3612771	NY	Castile village	castile
place	3612870	NY	Castleton-on-Hudson village	castleton on hudson
place	3612881	NY	Castorland village	castorland
place	3612958	NY	Cato village	cato
place	3613002	NY	Catskill village	catskill
place	3613024	NY	Cattaraugus village	cattaraugus
place	3613068	NY	Cayuga village	cayuga
place	3613079	NY	Cayuga Heights village	cayuga heights
place	3613145	NY	Cazenovia village	cazenovia
place	3613233	NY	Cedarhurst village	cedarhurst
place	3613288	NY	Celoron village	celoron
place	3613585	NY	Central Square village	central square
place	3613618	NY	Centre Island village	centre island
place	3613739	NY	Champlain village	champlain
place	3613981	NY	Chateaugay village	chateaugay
place	3614003	NY	Chatham village	chatham
place	3614036	NY	Chaumont village	chaumont
place	3615242	NY	Cherry Valley village	cherry valley
place	3615297	NY	Chester village	chester
place	3615400	NY	Chestnut Ridge village	chestnut ridge
place	3615561	NY	Chittenango village	chittenango
place	3615638	NY	Churchville village	churchville
place	3616089	NY	Clayton village	clayton
place	3616111	NY	Clayville village	clayville
place	3616188	NY	Cleveland village	cleveland
place	3616375	NY	Clifton Springs village	clifton springs
place	3616419	NY	Clinton village	clinton
place	3616573	NY	Clyde village	clyde
place	3616628	NY	Cobleskill village	cobleskill
place	3616727	NY	Cohocton village	cohocton
place	3616749	NY	Cohoes city	cohoes
place	3616815	NY	Cold Brook village	cold brook
place	3616936	NY	Cold Spring village	cold spring
place	3617332	NY	Colonie village	colonie
place	3617882	NY	Constableville village	constableville
place	3618047	NY	Cooperstown village	cooperstown
place	3618135	NY	Copenhagen village	copenhagen
place	3618201	NY	Corfu village	corfu
place	3618212	NY	Corinth village	corinth
place	3618256	NY	Corning city	corning
place	3618333	NY	Cornwall-on-Hudson village	cornwall on hudson
place	3618388	NY	Cortland city	cortland
place	3618597	NY	Cove Neck village	cove neck
place	3618718	NY	Coxsackie village	coxsackie
place	3619070	NY	Croghan village	croghan
place	3619213	NY	Croton-on-Hudson village	croton on hudson
place	3619356	NY	Cuba village	cuba
place	3619642	NY	Dannemora village	dannemora
place	3619664	NY	Dansville village	dansville
place	3619994	NY	Deferiet village	deferiet
place	3620082	NY	Delanson village	delanson
place	3620115	NY	Delevan village	delevan
place	3620126	NY	Delhi village	delhi
place	3620313	NY	Depew village	depew
place	3620346	NY	Deposit village	deposit
place	3620379	NY	Dering Harbor village	dering harbor
place	3620390	NY	DeRuyter village	deruyter
place	3620500	NY	Dexter village	dexter
place	3620698	NY	Dobbs Ferry village	dobbs ferry
place	3620731	NY	Dolgeville village	dolgeville
place	3620896	NY	Dresden village	dresden
place	3620951	NY	Dryden village	dryden
place	3621050	NY	Dundee village	dundee
place	3621105	NY	Dunkirk city	dunkirk
place	3621523	NY	Earlville village	earlville
place	3621589	NY	East Aurora village	east aurora
place	3622183	NY	East Hampton village	east hampton
place	3622260	NY	East Hills village	east hills
place	3622557	NY	East Nassau village	east nassau
place	3622865	NY	East Rochester village	east rochester
place	3622876	NY	East Rockaway village	east rockaway
place	3623052	NY	East Syracuse village	east syracuse
place	3623217	NY	East Williston village	east williston
place	3623745	NY	Elba village	elba
place	3623789	NY	Elbridge village	elbridge
place	3623965	NY	Ellenville village	ellenville
place	3624020	NY	Ellicottville village	ellicottville
place	3624075	NY	Ellisburg village	ellisburg
place	3624229	NY	Elmira city	elmira
place	3624251	NY	Elmira Heights village	elmira heights
place	3624295	NY	Elmsford village	elmsford
place	3624515	NY	Endicott village	endicott
place	3624713	NY	Esperance village	esperance
place	3624823	NY	Evans Mills village	evans mills
place	3624867	NY	Fabius village	fabius
place	3624988	NY	Fair Haven village	fair haven
place	3625076	NY	Fairport village	fairport
place	3625164	NY	Falconer village	falconer
place	3625384	NY	Farmingdale village	farmingdale
place	3625428	NY	Farnham village	farnham
place	3625527	NY	Fayetteville village	fayetteville
place	3625967	NY	Fishkill village	fishkill
place	3626209	NY	Fleischmanns village	fleischmanns
place	3626264	NY	Floral Park village	floral park
place	3626319	NY	Florida village	florida
place	3626352	NY	Flower Hill village	flower hill
place	3626462	NY	Fonda village	fonda
place	3626704	NY	Fort Ann village	fort ann
place	3626770	NY	Fort Edward village	fort edward
place	3626880	NY	Fort Johnson village	fort johnson
place	3626924	NY	Fort Plain village	fort plain
place	3627188	NY	Frankfort village	frankfort
place	3627221	NY	Franklin village	franklin
place	3627331	NY	Franklinville village	franklinville
place	3627419	NY	Fredonia village	fredonia
place	3627485	NY	Freeport village	freeport
place	3627529	NY	Freeville village	freeville
place	3627815	NY	Fulton city	fulton
place	3627859	NY	Fultonville village	fultonville
place	3627969	NY	Gainesville village	gainesville
place	3628101	NY	Galway village	galway
place	3628178	NY	Garden City village	garden
place	3628618	NY	Geneseo village	geneseo
place	3628640	NY	Geneva city	geneva
place	3628959	NY	Gilbertsville village	gilbertsville
place	3629113	NY	Glen Cove city	glen cove
place	3629322	NY	Glen Park village	glen park
place	3629333	NY	Glens Falls city	glens falls
place	3629443	NY	Gloversville city	gloversville
place	3629542	NY	Goshen village	goshen
place	3629597	NY	Gouverneur village	gouverneur
place	3629630	NY	Gowanda village	gowanda
place	3629872	NY	Grand View-on-Hudson village	grand view on hudson
place	3630026	NY	Granville village	granville
place	3630169	NY	Great Neck village	great neck
place	3630191	NY	Great Neck Estates village	great neck estates
place	3630213	NY	Great Neck Plaza village	great neck plaza
place	3630411	NY	Greene village	greene
place	3630521	NY	Green Island village	green island
place	3630576	NY	Greenport village	greenport
place	3630675	NY	Greenwich village	greenwich
place	3630752	NY	Greenwood Lake village	greenwood lake
place	3630961	NY	Groton village	groton
place	3631291	NY	Hagaman village	hagaman
place	3631643	NY	Hamburg village	hamburg
place	3631709	NY	Hamilton village	hamilton
place	3631830	NY	Hammond village	hammond
place	3631852	NY	Hammondsport village	hammondsport
place	3631940	NY	Hancock village	hancock
place	3632017	NY	Hannibal village	hannibal
place	3632325	NY	Harriman village	harriman
place	3632402	NY	Harrison village	harrison
place	3632710	NY	Hastings-on-Hudson village	hastings on hudson
place	3632754	NY	Haverstraw village	haverstraw
place	3632963	NY	Head of the Harbor village	head of the harbor
place	3633139	NY	Hempstead village	hempstead
place	3634121	NY	Herkimer village	herkimer
place	3634264	NY	Heuvelton village	heuvelton
place	3634297	NY	Hewlett Bay Park village	hewlett bay park
place	3634308	NY	Hewlett Harbor village	hewlett harbor
place	3634319	NY	Hewlett Neck village	hewlett neck
place	3634495	NY	Highland Falls village	highland falls
place	3634660	NY	Hillburn village	hillburn
place	3634847	NY	Hilton village	hilton
place	3634979	NY	Hobart village	hobart
place	3635144	NY	Holland Patent village	holland patent
place	3635155	NY	Holley village	holley
place	3635276	NY	Homer village	homer
place	3635364	NY	Honeoye Falls village	honeoye falls
place	3635474	NY	Hoosick Falls village	hoosick falls
place	3635672	NY	Hornell city	hornell
place	3635694	NY	Horseheads village	horseheads
place	3635969	NY	Hudson city	hudson
place	3635980	NY	Hudson Falls village	hudson falls
place	3636167	NY	Hunter village	hunter
place	3637022	NY	Huntington Bay village	huntington bay
place	3637275	NY	Ilion village	ilion
place	3637528	NY	Interlaken village	interlaken
place	3637803	NY	Irvington village	irvington
place	3637840	NY	Islandia village	islandia
place	3637847	NY	Island Park village	island park
place	3638077	NY	Ithaca city	ithaca
place	3638264	NY	Jamestown city	jamestown
place	3638506	NY	Jeffersonville village	jeffersonville
place	3638748	NY	Johnson City village	johnson
place	3638781	NY	Johnstown city	johnstown
place	3638825	NY	Jordan village	jordan
place	3638934	NY	Kaser village	kaser
place	3639232	NY	Kenmore village	kenmore
place	3639309	NY	Kensington village	kensington
place	3639562	NY	Kinderhook village	kinderhook
place	3639694	NY	Kings Point village	kings point
place	3639727	NY	Kingston city	kingston
place	3639853	NY	Kiryas Joel village	kiryas joel
place	3640189	NY	Lackawanna city	lackawanna
place	3640200	NY	Lacona village	lacona
place	3640508	NY	Lake George village	lake george
place	3640530	NY	Lake Grove village	lake grove
place	3640761	NY	Lake Placid village	lake placid
place	3640937	NY	Lake Success village	lake success
place	3641069	NY	Lakewood village	lakewood
place	3641135	NY	Lancaster village	lancaster
place	3641223	NY	Lansing village	lansing
place	3641333	NY	Larchmont village	larchmont
place	3641432	NY	Lattingtown village	lattingtown
place	3641487	NY	Laurel Hollow village	laurel hollow
place	3641520	NY	Laurens village	laurens
place	3641553	NY	Lawrence village	lawrence
place	3641872	NY	Leicester village	leicester
place	3642026	NY	Le Roy village	le roy
place	3642147	NY	Lewiston village	lewiston
place	3642224	NY	Liberty village	liberty
place	3642323	NY	Lima village	lima
place	3642554	NY	Lindenhurst village	lindenhurst
place	3642642	NY	Lisle village	lisle
place	3642741	NY	Little Falls city	little falls
place	3642829	NY	Little Valley village	little valley
place	3642884	NY	Liverpool village	liverpool
place	3642950	NY	Livonia village	livonia
place	3643005	NY	Lloyd Harbor village	lloyd harbor
place	3643082	NY	Lockport city	lockport
place	3643214	NY	Lodi village	lodi
place	3643335	NY	Long Beach city	long beach
place	3643720	NY	Lowville village	lowville
place	3643874	NY	Lynbrook village	lynbrook
place	3643918	NY	Lyndonville village	lyndonville
place	3644006	NY	Lyons Falls village	lyons falls
place	3644193	NY	McGraw village	mcgraw
place	3644424	NY	Madison village	madison
place	3644710	NY	Malone village	malone
place	3644787	NY	Malverne village	malverne
place	3644831	NY	Mamaroneck village	mamaroneck
place	3644853	NY	Manchester village	manchester
place	3645018	NY	Manlius village	manlius
place	3645073	NY	Mannsville village	mannsville
place	3645106	NY	Manorhaven village	manorhaven
place	3645392	NY	Marathon village	marathon
place	3645480	NY	Marcellus village	marcellus
place	3645557	NY	Margaretville village	margaretville
place	3645997	NY	Massapequa Park village	massapequa park
place	3646019	NY	Massena village	massena
place	3646107	NY	Matinecock village	matinecock
place	3646162	NY	Maybrook village	maybrook
place	3646206	NY	Mayfield village	mayfield
place	3646239	NY	Mayville village	mayville
place	3646360	NY	Mechanicville city	mechanicville
place	3646415	NY	Medina village	medina
place	3646536	NY	Menands village	menands
place	3646646	NY	Meridian village	meridian
place	3646811	NY	Mexico village	mexico
place	3646866	NY	Middleburgh village	middleburgh
place	3646998	NY	Middleport village	middleport
place	3647042	NY	Middletown city	middletown
place	3647108	NY	Middleville village	middleville
place	3647229	NY	Milford village	milford
place	3647273	NY	Millbrook village	millbrook
place	3647361	NY	Millerton village	millerton
place	3647405	NY	Mill Neck village	mill neck
place	3647427	NY	Millport village	millport
place	3647636	NY	Mineola village	mineola
place	3647757	NY	Minoa village	minoa
place	3647823	NY	Mohawk village	mohawk
place	3647988	NY	Monroe village	monroe
place	3648090	NY	Montebello village	montebello
place	3648142	NY	Montgomery village	montgomery
place	3648175	NY	Monticello village	monticello
place	3648197	NY	Montour Falls village	montour falls
place	3648296	NY	Moravia village	moravia
place	3648483	NY	Morris village	morris
place	3648593	NY	Morrisville village	morrisville
place	3648890	NY	Mount Kisco village	mount kisco
place	3648945	NY	Mount Morris village	mount morris
place	3649121	NY	Mount Vernon city	mount vernon
place	3649220	NY	Munnsville village	munnsville
place	3649231	NY	Munsey Park village	munsey park
place	3649330	NY	Muttontown village	muttontown
place	3649429	NY	Naples village	naples
place	3649506	NY	Nassau village	nassau
place	3649748	NY	Nelliston village	nelliston
place	3649781	NY	Nelsonville village	nelsonville
place	3649891	NY	Newark village	newark
place	3649902	NY	Newark Valley village	newark valley
place	3649946	NY	New Berlin village	new berlin
place	3650034	NY	Newburgh city	newburgh
place	3650298	NY	New Hartford village	new hartford
place	3650353	NY	New Hempstead village	new hempstead
place	3650397	NY	New Hyde Park village	new hyde park
place	3650551	NY	New Paltz village	new paltz
place	3650573	NY	Newport village	newport
place	3650617	NY	New Rochelle city	new rochelle
place	3650705	NY	New Square village	new square
place	3651000	NY	New York city	new york
place	3651011	NY	New York Mills village	new york mills
place	3651055	NY	Niagara Falls city	niagara falls
place	3651110	NY	Nichols village	nichols
place	3651286	NY	Nissequogue village	nissequogue
place	3651792	NY	North Collins village	north collins
place	3652188	NY	North Haven village	north haven
place	3653022	NY	North Hills village	north hills
place	3653055	NY	North Hornell village	north hornell
place	3653396	NY	Northport village	northport
place	3653660	NY	North Syracuse village	north syracuse
place	3653682	NY	North Tonawanda city	north tonawanda
place	3653770	NY	Northville village	northville
place	3653979	NY	Norwich city	norwich
place	3654012	NY	Norwood village	norwood
place	3654078	NY	Nunda village	nunda
place	3654100	NY	Nyack village	nyack
place	3654155	NY	Oakfield village	oakfield
place	3654430	NY	Ocean Beach village	ocean beach
place	3654452	NY	Odessa village	odessa
place	3654485	NY	Ogdensburg city	ogdensburg
place	3654562	NY	Old Brookville village	old brookville
place	3654617	NY	Old Field village	old field
place	3654705	NY	Old Westbury village	old westbury
place	3654716	NY	Olean city	olean
place	3654837	NY	Oneida city	oneida
place	3654848	NY	Oneida Castle village	oneida castle
place	3654881	NY	Oneonta city	oneonta
place	3655266	NY	Orchard Park village	orchard park
place	3655365	NY	Oriskany village	oriskany
place	3655376	NY	Oriskany Falls village	oriskany falls
place	3655530	NY	Ossining village	ossining
place	3655574	NY	Oswego city	oswego
place	3655618	NY	Otego village	otego
place	3655673	NY	Otisville village	otisville
place	3655816	NY	Ovid village	ovid
place	3655882	NY	Owego village	owego
place	3655948	NY	Oxford village	oxford
place	3656011	NY	Oyster Bay Cove village	oyster bay cove
place	3656088	NY	Painted Post village	painted post
place	3656110	NY	Palatine Bridge village	palatine bridge
place	3656187	NY	Palmyra village	palmyra
place	3656231	NY	Panama village	panama
place	3656660	NY	Patchogue village	patchogue
place	3656814	NY	Pawling village	pawling
place	3656979	NY	Peekskill city	peekskill
place	3657001	NY	Pelham village	pelham
place	3657023	NY	Pelham Manor village	pelham manor
place	3657177	NY	Penn Yan village	penn yan
place	3657243	NY	Perry village	perry
place	3657518	NY	Phelps village	phelps
place	3657551	NY	Philadelphia village	philadelphia
place	3657639	NY	Philmont village	philmont
place	3657661	NY	Phoenix village	phoenix
place	3657749	NY	Piermont village	piermont
place	3658354	NY	Pittsford village	pittsford
place	3658475	NY	Plandome village	plandome
place	3658486	NY	Plandome Heights village	plandome heights
place	3658497	NY	Plandome Manor village	plandome manor
place	3658574	NY	Plattsburgh city	plattsburgh
place	3658728	NY	Pleasantville village	pleasantville
place	3658937	NY	Poland village	poland
place	3658992	NY	Pomona village	pomona
place	3659157	NY	Poquott village	poquott
place	3659212	NY	Port Byron village	port byron
place	3659223	NY	Port Chester village	port chester
place	3659245	NY	Port Dickinson village	port dickinson
place	3659355	NY	Port Jefferson village	port jefferson
place	3659388	NY	Port Jervis city	port jervis
place	3659454	NY	Port Leyden village	port leyden
place	3659498	NY	Portville village	portville
place	3659531	NY	Port Washington North village	port washington north
place	3659564	NY	Potsdam village	potsdam
place	3659641	NY	Poughkeepsie city	poughkeepsie
place	3659960	NY	Pulaski village	pulaski
place	3660422	NY	Quogue village	quogue
place	3660675	NY	Ravena village	ravena
place	3660829	NY	Red Creek village	red creek
place	3660895	NY	Red Hook village	red hook
place	3661115	NY	Remsen village	remsen
place	3661148	NY	Rensselaer city	rensselaer
place	3661159	NY	Rensselaer Falls village	rensselaer falls
place	3661346	NY	Rhinebeck village	rhinebeck
place	3661434	NY	Richburg village	richburg
place	3661489	NY	Richfield Springs village	richfield springs
place	3661588	NY	Richmondville village	richmondville
place	3661621	NY	Richville village	richville
place	3662061	NY	Riverside village	riverside
place	3663000	NY	Rochester city	rochester
place	3663264	NY	Rockville Centre village	rockville centre
place	3663418	NY	Rome city	rome
place	3663770	NY	Roslyn village	roslyn
place	3663792	NY	Roslyn Estates village	roslyn estates
place	3663803	NY	Roslyn Harbor village	roslyn harbor
place	3663957	NY	Round Lake village	round lake
place	3663979	NY	Rouses Point village	rouses point
place	3664199	NY	Rushville village	rushville
place	3664232	NY	Russell Gardens village	russell gardens
place	3664309	NY	Rye city	rye
place	3664325	NY	Rye Brook village	rye brook
place	3664408	NY	Sackets Harbor village	sackets harbor
place	3664430	NY	Saddle Rock village	saddle rock
place	3664452	NY	Sagaponack village	sagaponack
place	3664485	NY	Sag Harbor village	sag harbor
place	3664639	NY	St. Johnsville village	st johnsville
place	3664749	NY	Salamanca city	salamanca
place	3664881	NY	Saltaire village	saltaire
place	3665035	NY	Sands Point village	sands point
place	3665068	NY	Sandy Creek village	sandy creek
place	3665233	NY	Saranac Lake village	saranac lake
place	3665255	NY	Saratoga Springs city	saratoga springs
place	3665288	NY	Saugerties village	saugerties
place	3665354	NY	Savona village	savona
place	3665431	NY	Scarsdale village	scarsdale
place	3665475	NY	Schaghticoke village	schaghticoke
place	3665508	NY	Schenectady city	schenectady
place	3665585	NY	Schoharie village	schoharie
place	3665750	NY	Schuylerville village	schuylerville
place	3665893	NY	Scotia village	scotia
place	3665959	NY	Scottsville village	scottsville
place	3666047	NY	Sea Cliff village	sea cliff
place	3666663	NY	Sharon Springs village	sharon springs
place	3666883	NY	Sherburne village	sherburne
place	3666949	NY	Sherman village	sherman
place	3666993	NY	Sherrill city	sherrill
place	3667191	NY	Shoreham village	shoreham
place	3667257	NY	Shortsville village	shortsville
place	3667334	NY	Sidney village	sidney
place	3667411	NY	Silver Creek village	silver creek
place	3667466	NY	Silver Springs village	silver springs
place	3667488	NY	Sinclairville village	sinclairville
place	3667510	NY	Skaneateles village	skaneateles
place	3667638	NY	Sleepy Hollow village	sleepy hollow
place	3667686	NY	Sloan village	sloan
place	3667708	NY	Sloatsburg village	sloatsburg
place	3668099	NY	Smyrna village	smyrna
place	3668209	NY	Sodus village	sodus
place	3668242	NY	Sodus Point village	sodus point
place	3668286	NY	Solvay village	solvay
place	3668462	NY	Southampton village	southampton
place	3668610	NY	South Blooming Grove village	south blooming grove
place	3668847	NY	South Corning village	south corning
place	3668891	NY	South Dayton village	south dayton
place	3669023	NY	South Floral Park village	south floral park
place	3669078	NY	South Glens Falls village	south glens falls
place	3670123	NY	Speculator village	speculator
place	3670167	NY	Spencer village	spencer
place	3670189	NY	Spencerport village	spencerport
place	3670420	NY	Spring Valley village	spring valley
place	3670442	NY	Springville village	springville
place	3670618	NY	Stamford village	stamford
place	3671267	NY	Stewart Manor village	stewart manor
place	3671322	NY	Stillwater village	stillwater
place	3671894	NY	Suffern village	suffern
place	3672521	NY	Sylvan Beach village	sylvan beach
place	3673000	NY	Syracuse city	syracuse
place	3673143	NY	Tannersville village	tannersville
place	3673176	NY	Tarrytown village	tarrytown
place	3673517	NY	Theresa village	theresa
place	3673605	NY	Thomaston village	thomaston
place	3674023	NY	Tivoli village	tivoli
place	3674166	NY	Tonawanda city	tonawanda
place	3675484	NY	Troy city	troy
place	3675506	NY	Trumansburg village	trumansburg
place	3675583	NY	Tuckahoe village	tuckahoe
place	3675627	NY	Tully village	tully
place	3675671	NY	Tupper Lake village	tupper lake
place	3675682	NY	Turin village	turin
place	3675779	NY	Tuxedo village	tuxedo
place	3675803	NY	Tuxedo Park village	tuxedo park
place	3676001	NY	Unadilla village	unadilla
place	3676155	NY	Union Springs village	union springs
place	3676210	NY	Unionville village	unionville
place	3676331	NY	Upper Brookville village	upper brookville
place	3676386	NY	Upper Nyack village	upper nyack
place	3676540	NY	Utica city	utica
place	3676617	NY	Valatie village	valatie
place	3676672	NY	Valley Falls village	valley falls
place	3676705	NY	Valley Stream village	valley stream
place	3677112	NY	Vernon village	vernon
place	3677376	NY	Victor village	victor
place	3677431	NY	Victory village	victory
place	3677519	NY	Village of the Branch village	the branch
place	3677684	NY	Voorheesville village	voorheesville
place	3677728	NY	Waddington village	waddington
place	3677849	NY	Walden village	walden
place	3678036	NY	Walton village	walton
place	3678113	NY	Wampsville village	wampsville
place	3678168	NY	Wappingers Falls village	wappingers falls
place	3678333	NY	Warsaw village	warsaw
place	3678355	NY	Warwick village	warwick
place	3678465	NY	Washingtonville village	washingtonville
place	3678520	NY	Waterford village	waterford
place	3678553	NY	Waterloo village	waterloo
place	3678608	NY	Watertown city	watertown
place	3678663	NY	Waterville village	waterville
place	3678674	NY	Watervliet city	watervliet
place	3678696	NY	Watkins Glen village	watkins glen
place	3678806	NY	Waverly village	waverly
place	3678850	NY	Wayland village	wayland
place	3678960	NY	Webster village	webster
place	3679015	NY	Weedsport village	weedsport
place	3679081	NY	Wellsburg village	wellsburg
place	3679092	NY	Wellsville village	wellsville
place	3679174	NY	Wesley Hills village	wesley hills
place	3679444	NY	Westbury village	westbury
place	3679499	NY	West Carthage village	west carthage
place	3679939	NY	Westfield village	westfield
place	3680181	NY	Westhampton Beach village	westhampton beach
place	3680186	NY	West Hampton Dunes village	west hampton dunes
place	3680203	NY	West Haverstraw village	west haverstraw
place	3681292	NY	West Winfield village	west winfield
place	3681622	NY	Whitehall village	whitehall
place	3681677	NY	White Plains city	white plains
place	3681710	NY	Whitesboro village	whitesboro
place	3681831	NY	Whitney Point village	whitney point
place	3682084	NY	Williamsville village	williamsville
place	3682117	NY	Williston Park village	williston park
place	3682359	NY	Wilson village	wilson
place	3682524	NY	Windsor village	windsor
place	3682678	NY	Wolcott village	wolcott
place	3682750	NY	Woodbury village	woodbury
place	3682953	NY	Woodridge village	woodridge
place	3682986	NY	Woodsburgh village	woodsburgh
place	3683272	NY	Wurtsboro village	wurtsboro
place	3683371	NY	Wyoming village	wyoming
place	3684000	NY	Yonkers city	yonkers
place	3684099	NY	Yorkville village	yorkville
place	3684143	NY	Youngstown village	youngstown
place	3700160	NC	Aberdeen town	aberdeen
place	3700500	NC	Ahoskie town	ahoskie
place	3700640	NC	Alamance village	alamance
place	3700680	NC	Albemarle city	albemarle
place	3701000	NC	Alliance town	alliance
place	3701380	NC	Andrews town	andrews
place	3701400	NC	Angier town	angier
place	3701420	NC	Ansonville town	ansonville
place	3701520	NC	Apex town	apex
place	3701640	NC	Arapahoe town	arapahoe
place	3701720	NC	Archdale city	archdale
place	3701760	NC	Archer Lodge town	archer lodge
place	3702080	NC	Asheboro city	asheboro
place	3702140	NC	Asheville city	asheville
place	3702320	NC	Askewville town	askewville
place	3702460	NC	Atkinson town	atkinson
place	3702500	NC	Atlantic Beach town	atlantic beach
place	3702580	NC	Aulander town	aulander
place	3702620	NC	Aurora town	aurora
place	3702700	NC	Autryville town	autryville
place	3702840	NC	Ayden town	ayden
place	3702960	NC	Badin town	badin
place	3703020	NC	Bailey town	bailey
place	3703100	NC	Bakersville town	bakersville
place	3703150	NC	Bald Head Island village	bald head island
place	3703500	NC	Banner Elk town	banner elk
place	3703840	NC	Bath town	bath
place	3703960	NC	Bayboro town	bayboro
place	3704180	NC	Bear Grass town	bear grass
place	3704260	NC	Beaufort town	beaufort
place	3704510	NC	Beech Mountain town	beech mountain
place	3704640	NC	Belhaven town	belhaven
place	3704840	NC	Belmont city	belmont
place	3704950	NC	Belville town	belville
place	3704960	NC	Belwood town	belwood
place	3705040	NC	Benson town	benson
place	3705135	NC	Bermuda Run town	bermuda run
place	3705220	NC	Bessemer City city	bessemer
place	3705340	NC	Bethania town	bethania
place	3705460	NC	Bethel town	bethel
place	3705660	NC	Beulaville town	beulaville
place	3705880	NC	Biltmore Forest town	biltmore forest
place	3706000	NC	Biscoe town	biscoe
place	3706080	NC	Black Creek town	black creek
place	3706140	NC	Black Mountain town	black mountain
place	3706240	NC	Bladenboro town	bladenboro
place	3706500	NC	Blowing Rock town	blowing rock
place	3706660	NC	Boardman town	boardman
place	3706740	NC	Bogue town	bogue
place	3706760	NC	Boiling Spring Lakes city	boiling spring lakes
place	3706800	NC	Boiling Springs town	boiling springs
place	3706820	NC	Bolivia town	bolivia
place	3706860	NC	Bolton town	bolton
place	3707080	NC	Boone town	boone
place	3707140	NC	Boonville town	boonville
place	3707220	NC	Bostic town	bostic
place	3707720	NC	Brevard city	brevard
place	3707860	NC	Bridgeton town	bridgeton
place	3708080	NC	Broadway town	broadway
place	3708140	NC	Brookford town	brookford
place	3708420	NC	Brunswick town	brunswick
place	3708480	NC	Bryson City town	bryson
place	3708860	NC	Bunn town	bunn
place	3708960	NC	Burgaw town	burgaw
place	3709060	NC	Burlington city	burlington
place	3709140	NC	Burnsville town	burnsville
place	3709360	NC	Butner town	butner
place	3709530	NC	Cajah's Mountain town	cajahs mountain
place	3709540	NC	Calabash town	calabash
place	3709760	NC	Calypso town	calypso
place	3709800	NC	Cameron town	cameron
place	3710120	NC	Candor town	candor
place	3710240	NC	Canton town	canton
place	3710260	NC	Cape Carteret town	cape carteret
place	3710500	NC	Carolina Beach town	carolina beach
place	3710550	NC	Carolina Shores town	carolina shores
place	3710620	NC	Carrboro town	carrboro
place	3710680	NC	Carthage town	carthage
place	3710740	NC	Cary town	cary
place	3710760	NC	Casar town	casar
place	3710860	NC	Castalia town	castalia
place	3710960	NC	Caswell Beach town	caswell beach
place	3710980	NC	Catawba town	catawba
place	3711340	NC	Cedar Point town	cedar point
place	3711352	NC	Cedar Rock village	cedar rock
place	3711620	NC	Cerro Gordo town	cerro gordo
place	3711640	NC	Chadbourn town	chadbourn
place	3711800	NC	Chapel Hill town	chapel hill
place	3712000	NC	Charlotte city	charlotte
place	3712340	NC	Cherryville city	cherryville
place	3712460	NC	Chimney Rock Village village	chimney rock
place	3712480	NC	China Grove town	china grove
place	3712580	NC	Chocowinity town	chocowinity
place	3712720	NC	Claremont city	claremont
place	3712780	NC	Clarkton town	clarkton
place	3712860	NC	Clayton town	clayton
place	3712960	NC	Clemmons village	clemmons
place	3713000	NC	Cleveland town	cleveland
place	3713240	NC	Clinton city	clinton
place	3713280	NC	Clyde town	clyde
place	3713360	NC	Coats town	coats
place	3713460	NC	Cofield village	cofield
place	3713560	NC	Colerain town	colerain
place	3713940	NC	Columbia town	columbia
place	3713980	NC	Columbus town	columbus
place	3714060	NC	Como town	como
place	3714100	NC	Concord city	concord
place	3714200	NC	Conetoe town	conetoe
place	3714280	NC	Connelly Springs town	connelly springs
place	3714340	NC	Conover city	conover
place	3714400	NC	Conway town	conway
place	3714460	NC	Cooleemee town	cooleemee
place	3714700	NC	Cornelius town	cornelius
place	3715020	NC	Cove City town	cove
place	3715260	NC	Cramerton town	cramerton
place	3715320	NC	Creedmoor city	creedmoor
place	3715420	NC	Creswell town	creswell
place	3715580	NC	Crossnore town	crossnore
place	3716180	NC	Dallas town	dallas
place	3716240	NC	Danbury town	danbury
place	3716400	NC	Davidson town	davidson
place	3716820	NC	Dellview town	dellview
place	3716980	NC	Denton town	denton
place	3717180	NC	Dillsboro town	dillsboro
place	3717325	NC	Dobbins Heights town	dobbins heights
place	3717340	NC	Dobson town	dobson
place	3717520	NC	Dortches town	dortches
place	3717660	NC	Dover town	dover
place	3717860	NC	Drexel town	drexel
place	3718040	NC	Dublin town	dublin
place	3718060	NC	Duck town	duck
place	3718320	NC	Dunn city	dunn
place	3719000	NC	Durham city	durham
place	3719140	NC	Earl town	earl
place	3719300	NC	East Arcadia town	east arcadia
place	3719320	NC	East Bend town	east bend
place	3719740	NC	Eastover town	eastover
place	3719860	NC	East Spencer town	east spencer
place	3720080	NC	Eden city	eden
place	3720120	NC	Edenton town	edenton
place	3720580	NC	Elizabeth City city	elizabeth
place	3720600	NC	Elizabethtown town	elizabethtown
place	3720620	NC	Elkin town	elkin
place	3720700	NC	Elk Park town	elk park
place	3720780	NC	Ellenboro town	ellenboro
place	3720840	NC	Ellerbe town	ellerbe
place	3720980	NC	Elm City town	elm
place	3721095	NC	Elon town	elon
place	3721160	NC	Emerald Isle town	emerald isle
place	3721360	NC	Enfield town	enfield
place	3721740	NC	Erwin town	erwin
place	3721960	NC	Eureka town	eureka
place	3722040	NC	Everetts town	everetts
place	3722240	NC	Fair Bluff town	fair bluff
place	3722360	NC	Fairmont town	fairmont
place	3722500	NC	Fairview town	fairview
place	3722560	NC	Faison town	faison
place	3722600	NC	Faith town	faith
place	3722620	NC	Falcon town	falcon
place	3722640	NC	Falkland town	falkland
place	3722720	NC	Fallston town	fallston
place	3722820	NC	Farmville town	farmville
place	3722920	NC	Fayetteville city	fayetteville
place	3723600	NC	Flat Rock village	flat rock
place	3723760	NC	Fletcher town	fletcher
place	3723980	NC	Fontana Dam town	fontana dam
place	3724080	NC	Forest City town	forest
place	3724170	NC	Forest Hills village	forest hills
place	3724440	NC	Fountain town	fountain
place	3724520	NC	Four Oaks town	four oaks
place	3724570	NC	Foxfire village	foxfire
place	3724640	NC	Franklin town	franklin
place	3724720	NC	Franklinton town	franklinton
place	3724740	NC	Franklinville town	franklinville
place	3724900	NC	Fremont town	fremont
place	3725300	NC	Fuquay-Varina town	fuquay varina
place	3725380	NC	Gamewell town	gamewell
place	3725460	NC	Garland town	garland
place	3725480	NC	Garner town	garner
place	3725540	NC	Garysburg town	garysburg
place	3725560	NC	Gaston town	gaston
place	3725580	NC	Gastonia city	gastonia
place	3725680	NC	Gatesville town	gatesville
place	3725940	NC	Gibson town	gibson
place	3725980	NC	Gibsonville town	gibsonville
place	3726200	NC	Glen Alpine town	glen alpine
place	3726740	NC	Godwin town	godwin
place	3726880	NC	Goldsboro city	goldsboro
place	3726920	NC	Goldston town	goldston
place	3727280	NC	Graham city	graham
place	3727324	NC	Grandfather Village village	grandfather
place	3727420	NC	Granite Falls town	granite falls
place	3727440	NC	Granite Quarry town	granite quarry
place	3727520	NC	Grantsboro town	grantsboro
place	3727780	NC	Greenevers town	greenevers
place	3727870	NC	Green Level town	green level
place	3728000	NC	Greensboro city	greensboro
place	3728080	NC	Greenville city	greenville
place	3728200	NC	Grifton town	grifton
place	3728240	NC	Grimesland town	grimesland
place	3728400	NC	Grover town	grover
place	3728920	NC	Halifax town	halifax
place	3729120	NC	Hamilton town	hamilton
place	3729160	NC	Hamlet city	hamlet
place	3729640	NC	Harmony town	harmony
place	3729680	NC	Harrells town	harrells
place	3729720	NC	Harrellsville town	harrellsville
place	3729800	NC	Harrisburg town	harrisburg
place	3730040	NC	Hassell town	hassell
place	3730120	NC	Havelock city	havelock
place	3730260	NC	Haw River town	haw river
place	3730280	NC	Hayesville town	hayesville
place	3730620	NC	Hemby Bridge town	hemby bridge
place	3730660	NC	Henderson city	henderson
place	3730720	NC	Hendersonville city	hendersonville
place	3730900	NC	Hertford town	hertford
place	3731060	NC	Hickory city	hickory
place	3731360	NC	Highlands town	highlands
place	3731400	NC	High Point city	high point
place	3731440	NC	High Shoals city	high shoals
place	3731500	NC	Hildebran town	hildebran
place	3731620	NC	Hillsborough town	hillsborough
place	3731860	NC	Hobgood town	hobgood
place	3731920	NC	Hoffman town	hoffman
place	3731960	NC	Holden Beach town	holden beach
place	3732180	NC	Holly Ridge town	holly ridge
place	3732260	NC	Holly Springs town	holly springs
place	3732540	NC	Hookerton town	hookerton
place	3732640	NC	Hope Mills town	hope mills
place	3732840	NC	Hot Springs town	hot springs
place	3732980	NC	Hudson town	hudson
place	3733120	NC	Huntersville town	huntersville
place	3733460	NC	Indian Beach town	indian beach
place	3733560	NC	Indian Trail town	indian trail
place	3734000	NC	Jackson town	jackson
place	3734200	NC	Jacksonville city	jacksonville
place	3734300	NC	Jamestown town	jamestown
place	3734320	NC	Jamesville town	jamesville
place	3734440	NC	Jefferson town	jefferson
place	3734840	NC	Jonesville town	jonesville
place	3735200	NC	Kannapolis city	kannapolis
place	3735360	NC	Kelford town	kelford
place	3735460	NC	Kenansville town	kenansville
place	3735540	NC	Kenly town	kenly
place	3735600	NC	Kernersville town	kernersville
place	3735720	NC	Kill Devil Hills town	kill devil hills
place	3735760	NC	King city	king
place	3735880	NC	Kings Mountain city	kings mountain
place	3735890	NC	Kingstown town	kingstown
place	3735920	NC	Kinston city	kinston
place	3736020	NC	Kittrell town	kittrell
place	3736060	NC	Kitty Hawk town	kitty hawk
place	3736080	NC	Knightdale town	knightdale
place	3736220	NC	Kure Beach town	kure beach
place	3736400	NC	La Grange town	la grange
place	3736500	NC	Lake Lure town	lake lure
place	3736512	NC	Lake Park village	lake park
place	3736514	NC	Lake Santeetlah town	lake santeetlah
place	3736640	NC	Lake Waccamaw town	lake waccamaw
place	3736860	NC	Landis town	landis
place	3736960	NC	Lansing town	lansing
place	3737000	NC	Lasker town	lasker
place	3737040	NC	Lattimore town	lattimore
place	3737160	NC	Laurel Park town	laurel park
place	3737220	NC	Laurinburg city	laurinburg
place	3737260	NC	Lawndale town	lawndale
place	3737640	NC	Leggett town	leggett
place	3737680	NC	Leland town	leland
place	3737760	NC	Lenoir city	lenoir
place	3738030	NC	Lewiston Woodville town	lewiston woodville
place	3738040	NC	Lewisville town	lewisville
place	3738060	NC	Lexington city	lexington
place	3738100	NC	Liberty town	liberty
place	3738200	NC	Lilesville town	lilesville
place	3738220	NC	Lillington town	lillington
place	3738320	NC	Lincolnton city	lincolnton
place	3738360	NC	Linden town	linden
place	3738680	NC	Littleton town	littleton
place	3738860	NC	Locust city	locust
place	3739280	NC	Long View town	long view
place	3739360	NC	Louisburg town	louisburg
place	3739420	NC	Love Valley town	love valley
place	3739480	NC	Lowell city	lowell
place	3739600	NC	Lucama town	lucama
place	3739680	NC	Lumber Bridge town	lumber bridge
place	3739700	NC	Lumberton city	lumberton
place	3739880	NC	McAdenville town	mcadenville
place	3739960	NC	Macclesfield town	macclesfield
place	3740140	NC	McDonald town	mcdonald
place	3740240	NC	McFarlan town	mcfarlan
place	3740540	NC	Macon town	macon
place	3740560	NC	Madison town	madison
place	3740600	NC	Maggie Valley town	maggie valley
place	3740640	NC	Magnolia town	magnolia
place	3740660	NC	Maiden town	maiden
place	3741060	NC	Manteo town	manteo
place	3741380	NC	Marietta town	marietta
place	3741420	NC	Marion city	marion
place	3741580	NC	Marshall town	marshall
place	3741620	NC	Mars Hill town	mars hill
place	3741640	NC	Marshville town	marshville
place	3741720	NC	Marvin village	marvin
place	3741960	NC	Matthews town	matthews
place	3742020	NC	Maxton town	maxton
place	3742060	NC	Mayodan town	mayodan
place	3742100	NC	Maysville town	maysville
place	3742240	NC	Mebane city	mebane
place	3742480	NC	Mesic town	mesic
place	3742620	NC	Micro town	micro
place	3742640	NC	Middleburg town	middleburg
place	3742700	NC	Middlesex town	middlesex
place	3742760	NC	Midland town	midland
place	3742860	NC	Midway town	midway
place	3743260	NC	Mills River town	mills river
place	3743300	NC	Milton town	milton
place	3743360	NC	Mineral Springs town	mineral springs
place	3743440	NC	Minnesott Beach town	minnesott beach
place	3743480	NC	Mint Hill town	mint hill
place	3743580	NC	Misenheimer village	misenheimer
place	3743720	NC	Mocksville town	mocksville
place	3743860	NC	Momeyer town	momeyer
place	3743920	NC	Monroe city	monroe
place	3744100	NC	Montreat town	montreat
place	3744160	NC	Mooresboro town	mooresboro
place	3744220	NC	Mooresville town	mooresville
place	3744320	NC	Morehead City town	morehead
place	3744400	NC	Morganton city	morganton
place	3744520	NC	Morrisville town	morrisville
place	3744560	NC	Morven town	morven
place	3744800	NC	Mount Airy city	mount airy
place	3744900	NC	Mount Gilead town	mount gilead
place	3744960	NC	Mount Holly city	mount holly
place	3745100	NC	Mount Olive town	mount olive
place	3745140	NC	Mount Pleasant town	mount pleasant
place	3745640	NC	Murfreesboro town	murfreesboro
place	3745660	NC	Murphy town	murphy
place	3745880	NC	Nags Head town	nags head
place	3746000	NC	Nashville town	nashville
place	3746060	NC	Navassa town	navassa
place	3746340	NC	New Bern city	new bern
place	3746740	NC	Newland town	newland
place	3746820	NC	New London town	new london
place	3746860	NC	Newport town	newport
place	3747000	NC	Newton city	newton
place	3747020	NC	Newton Grove town	newton grove
place	3747240	NC	Norlina town	norlina
place	3747260	NC	Norman town	norman
place	3747845	NC	North Topsail Beach town	north topsail beach
place	3747860	NC	Northwest city	northwest
place	3747880	NC	North Wilkesboro town	north wilkesboro
place	3747980	NC	Norwood town	norwood
place	3748040	NC	Oakboro town	oakboro
place	3748060	NC	Oak City town	oak
place	3748345	NC	Oak Island town	oak island
place	3748480	NC	Oak Ridge town	oak ridge
place	3748700	NC	Ocean Isle Beach town	ocean isle beach
place	3748920	NC	Old Fort town	old fort
place	3749380	NC	Oriental town	oriental
place	3749460	NC	Orrum town	orrum
place	3749600	NC	Ossipee town	ossipee
place	3749800	NC	Oxford city	oxford
place	3750080	NC	Pantego town	pantego
place	3750340	NC	Parkton town	parkton
place	3750540	NC	Parmele town	parmele
place	3750700	NC	Patterson Springs town	patterson springs
place	3750820	NC	Peachland town	peachland
place	3751040	NC	Peletier town	peletier
place	3751080	NC	Pembroke town	pembroke
place	3751780	NC	Pikeville town	pikeville
place	3751820	NC	Pilot Mountain town	pilot mountain
place	3751840	NC	Pinebluff town	pinebluff
place	3751940	NC	Pinehurst village	pinehurst
place	3752000	NC	Pine Knoll Shores town	pine knoll shores
place	3752020	NC	Pine Level town	pine level
place	3752140	NC	Pinetops town	pinetops
place	3752220	NC	Pineville town	pineville
place	3752400	NC	Pink Hill town	pink hill
place	3752660	NC	Pittsboro town	pittsboro
place	3752760	NC	Pleasant Garden town	pleasant garden
place	3753040	NC	Plymouth town	plymouth
place	3753140	NC	Polkton town	polkton
place	3753160	NC	Polkville city	polkville
place	3753200	NC	Pollocksville town	pollocksville
place	3753680	NC	Powellsville town	powellsville
place	3753820	NC	Princeton town	princeton
place	3753840	NC	Princeville town	princeville
place	3753900	NC	Proctorville town	proctorville
place	3754580	NC	Raeford city	raeford
place	3755000	NC	Raleigh city	raleigh
place	3755040	NC	Ramseur town	ramseur
place	3755080	NC	Randleman city	randleman
place	3755260	NC	Ranlo town	ranlo
place	3755340	NC	Raynham town	raynham
place	3755460	NC	Red Cross town	red cross
place	3755640	NC	Red Oak town	red oak
place	3755660	NC	Red Springs town	red springs
place	3755900	NC	Reidsville city	reidsville
place	3755940	NC	Rennert town	rennert
place	3756240	NC	Rhodhiss town	rhodhiss
place	3756340	NC	Richfield town	richfield
place	3756360	NC	Richlands town	richlands
place	3756440	NC	Rich Square town	rich square
place	3756710	NC	River Bend town	river bend
place	3756900	NC	Roanoke Rapids city	roanoke rapids
place	3757000	NC	Robbins town	robbins
place	3757020	NC	Robbinsville town	robbinsville
place	3757100	NC	Robersonville town	robersonville
place	3757260	NC	Rockingham city	rockingham
place	3757340	NC	Rockwell town	rockwell
place	3757500	NC	Rocky Mount city	rocky mount
place	3757640	NC	Rolesville town	rolesville
place	3757700	NC	Ronda town	ronda
place	3757740	NC	Roper town	roper
place	3757800	NC	Roseboro town	roseboro
place	3757860	NC	Rose Hill town	rose hill
place	3758020	NC	Rosman town	rosman
place	3758140	NC	Rowland town	rowland
place	3758160	NC	Roxboro city	roxboro
place	3758180	NC	Roxobel town	roxobel
place	3758360	NC	Rural Hall town	rural hall
place	3758420	NC	Ruth town	ruth
place	3758440	NC	Rutherford College town	rutherford college
place	3758460	NC	Rutherfordton town	rutherfordton
place	3758620	NC	St. Helena village	st helena
place	3758630	NC	St. James town	st james
place	3758720	NC	St. Pauls town	st pauls
place	3758840	NC	Salemburg town	salemburg
place	3758860	NC	Salisbury city	salisbury
place	3758920	NC	Saluda city	saluda
place	3759090	NC	Sandy Creek town	sandy creek
place	3759135	NC	Sandyfield town	sandyfield
place	3759280	NC	Sanford city	sanford
place	3759340	NC	Saratoga town	saratoga
place	3759540	NC	Sawmills town	sawmills
place	3759780	NC	Scotland Neck town	scotland neck
place	3759980	NC	Seaboard town	seaboard
place	3760080	NC	Seagrove town	seagrove
place	3760180	NC	Sedalia town	sedalia
place	3760320	NC	Selma town	selma
place	3760505	NC	Seven Devils town	seven devils
place	3760540	NC	Seven Springs town	seven springs
place	3760560	NC	Severn town	severn
place	3760800	NC	Shallotte town	shallotte
place	3761060	NC	Sharpsburg town	sharpsburg
place	3761200	NC	Shelby city	shelby
place	3761860	NC	Siler City town	siler
place	3762040	NC	Simpson village	simpson
place	3762060	NC	Sims town	sims
place	3762520	NC	Smithfield town	smithfield
place	3762760	NC	Snow Hill town	snow hill
place	3763120	NC	Southern Pines town	southern pines
place	3763130	NC	Southern Shores town	southern shores
place	3763400	NC	Southport city	southport
place	3763680	NC	Sparta town	sparta
place	3763720	NC	Speed town	speed
place	3763760	NC	Spencer town	spencer
place	3763780	NC	Spencer Mountain town	spencer mountain
place	3763880	NC	Spindale town	spindale
place	3764160	NC	Spring Hope town	spring hope
place	3764180	NC	Spring Lake town	spring lake
place	3764260	NC	Spruce Pine town	spruce pine
place	3764380	NC	Staley town	staley
place	3764420	NC	Stallings town	stallings
place	3764460	NC	Stanfield town	stanfield
place	3764500	NC	Stanley town	stanley
place	3764560	NC	Stantonsburg town	stantonsburg
place	3764580	NC	Star town	star
place	3764740	NC	Statesville city	statesville
place	3764840	NC	Stedman town	stedman
place	3764940	NC	Stem town	stem
place	3765040	NC	Stokesdale town	stokesdale
place	3765100	NC	Stoneville town	stoneville
place	3765120	NC	Stonewall town	stonewall
place	3765320	NC	Stovall town	stovall
place	3765530	NC	Sugar Mountain village	sugar mountain
place	3765580	NC	Summerfield town	summerfield
place	3765900	NC	Sunset Beach town	sunset beach
place	3766040	NC	Surf City town	surf
place	3766360	NC	Swansboro town	swansboro
place	3766460	NC	Swepsonville town	swepsonville
place	3766500	NC	Sylva town	sylva
place	3766520	NC	Tabor City town	tabor
place	3766700	NC	Tarboro town	tarboro
place	3766740	NC	Tar Heel town	tar heel
place	3766960	NC	Taylorsville town	taylorsville
place	3766980	NC	Taylortown town	taylortown
place	3767000	NC	Teachey town	teachey
place	3767420	NC	Thomasville city	thomasville
place	3767720	NC	Tobaccoville village	tobaccoville
place	3768040	NC	Topsail Beach town	topsail beach
place	3768320	NC	Trenton town	trenton
place	3768340	NC	Trent Woods town	trent woods
place	3768400	NC	Trinity city	trinity
place	3768500	NC	Troutman town	troutman
place	3768520	NC	Troy town	troy
place	3768580	NC	Tryon town	tryon
place	3768740	NC	Turkey town	turkey
place	3769260	NC	Unionville town	unionville
place	3769520	NC	Valdese town	valdese
place	3769680	NC	Vanceboro town	vanceboro
place	3769720	NC	Vandemere town	vandemere
place	3769795	NC	Varnamtown town	varnamtown
place	3769840	NC	Vass town	vass
place	3770320	NC	Waco town	waco
place	3770340	NC	Wade town	wade
place	3770380	NC	Wadesboro town	wadesboro
place	3770480	NC	Wagram town	wagram
place	3770540	NC	Wake Forest town	wake forest
place	3770660	NC	Walkertown town	walkertown
place	3770720	NC	Wallace town	wallace
place	3770740	NC	Wallburg town	wallburg
place	3770780	NC	Walnut Cove town	walnut cove
place	3770820	NC	Walnut Creek village	walnut creek
place	3770860	NC	Walstonburg town	walstonburg
place	3771100	NC	Warrenton town	warrenton
place	3771160	NC	Warsaw town	warsaw
place	3771220	NC	Washington city	washington
place	3771240	NC	Washington Park town	washington park
place	3771320	NC	Watha town	watha
place	3771460	NC	Waxhaw town	waxhaw
place	3771500	NC	Waynesville town	waynesville
place	3771560	NC	Weaverville town	weaverville
place	3771600	NC	Webster town	webster
place	3771680	NC	Weddington town	weddington
place	3771780	NC	Weldon town	weldon
place	3771860	NC	Wendell town	wendell
place	3771900	NC	Wentworth town	wentworth
place	3771940	NC	Wesley Chapel village	wesley chapel
place	3772540	NC	West Jefferson town	west jefferson
place	3773140	NC	Whispering Pines village	whispering pines
place	3773160	NC	Whitakers town	whitakers
place	3773300	NC	White Lake town	white lake
place	3773660	NC	Whiteville city	whiteville
place	3773760	NC	Whitsett town	whitsett
place	3774020	NC	Wilkesboro town	wilkesboro
place	3774220	NC	Williamston town	williamston
place	3774440	NC	Wilmington city	wilmington
place	3774540	NC	Wilson city	wilson
place	3774580	NC	Wilson's Mills town	wilsons mills
place	3774680	NC	Windsor town	windsor
place	3774720	NC	Winfall town	winfall
place	3774760	NC	Wingate town	wingate
place	3775000	NC	Winston-Salem city	winston salem
place	3775060	NC	Winterville town	winterville
place	3775080	NC	Winton town	winton
place	3775280	NC	Woodfin town	woodfin
place	3775340	NC	Woodland town	woodland
place	3775820	NC	Wrightsville Beach town	wrightsville beach
place	3775960	NC	Yadkinville town	yadkinville
place	3776000	NC	Yanceyville town	yanceyville
place	3776200	NC	Youngsville town	youngsville
place	3776220	NC	Zebulon town	zebulon
place	3800100	ND	Abercrombie city	abercrombie
place	3800340	ND	Adams city	adams
place	3800940	ND	Alamo city	alamo
place	3801180	ND	Alexander city	alexander
place	3801420	ND	Alice city	alice
place	3801700	ND	Almont city	almont
place	3801740	ND	Alsen city	alsen
place	3801860	ND	Ambrose city	ambrose
place	3801940	ND	Amenia city	amenia
place	3802060	ND	Amidon city	amidon
place	3802220	ND	Anamoose city	anamoose
place	3802380	ND	Aneta city	aneta
place	3802660	ND	Antler city	antler
place	3802860	ND	Ardoch city	ardoch
place	3803020	ND	Argusville city	argusville
place	3803220	ND	Arnegard city	arnegard
place	3803300	ND	Arthur city	arthur
place	3803540	ND	Ashley city	ashley
place	3804020	ND	Ayr city	ayr
place	3804460	ND	Balfour city	balfour
place	3804580	ND	Balta city	balta
place	3804940	ND	Barney city	barney
place	3805260	ND	Bathgate city	bathgate
place	3805420	ND	Beach city	beach
place	3805820	ND	Belfield city	belfield
place	3805980	ND	Benedict city	benedict
place	3806180	ND	Bergen city	bergen
place	3806300	ND	Berlin city	berlin
place	3806460	ND	Berthold city	berthold
place	3806660	ND	Beulah city	beulah
place	3807020	ND	Binford city	binford
place	3807180	ND	Bisbee city	bisbee
place	3807200	ND	Bismarck city	bismarck
place	3808460	ND	Bottineau city	bottineau
place	3808500	ND	Bowbells city	bowbells
place	3808580	ND	Bowdon city	bowdon
place	3808700	ND	Bowman city	bowman
place	3808900	ND	Braddock city	braddock
place	3809320	ND	Briarwood city	briarwood
place	3809460	ND	Brinsmade city	brinsmade
place	3809700	ND	Brocket city	brocket
place	3810060	ND	Buchanan city	buchanan
place	3810300	ND	Bucyrus city	bucyrus
place	3810420	ND	Buffalo city	buffalo
place	3810940	ND	Burlington city	burlington
place	3811180	ND	Butte city	butte
place	3811340	ND	Buxton city	buxton
place	3811580	ND	Calio city	calio
place	3811700	ND	Calvin city	calvin
place	3811860	ND	Cando city	cando
place	3812060	ND	Canton City (Hensel) city	canton city hensel
place	3812260	ND	Carpio city	carpio
place	3812340	ND	Carrington city	carrington
place	3812460	ND	Carson city	carson
place	3812700	ND	Casselton city	casselton
place	3812820	ND	Cathay city	cathay
place	3812940	ND	Cavalier city	cavalier
place	3813020	ND	Cayuga city	cayuga
place	3813180	ND	Center city	center
place	3814100	ND	Christine city	christine
place	3814660	ND	Cleveland city	cleveland
place	3814740	ND	Clifford city	clifford
place	3815100	ND	Cogswell city	cogswell
place	3815140	ND	Coleharbor city	coleharbor
place	3815180	ND	Colfax city	colfax
place	3815460	ND	Columbus city	columbus
place	3815820	ND	Conway city	conway
place	3815900	ND	Cooperstown city	cooperstown
place	3816380	ND	Courtenay city	courtenay
place	3816580	ND	Crary city	crary
place	3816940	ND	Crosby city	crosby
place	3817060	ND	Crystal city	crystal
place	3818180	ND	Davenport city	davenport
place	3818260	ND	Dawson city	dawson
place	3818340	ND	Dazey city	dazey
place	3818620	ND	Deering city	deering
place	3819300	ND	Des Lacs city	des lacs
place	3819420	ND	Devils Lake city	devils lake
place	3819580	ND	Dickey city	dickey
place	3819620	ND	Dickinson city	dickinson
place	3819820	ND	Dodge city	dodge
place	3819900	ND	Donnybrook city	donnybrook
place	3820020	ND	Douglas city	douglas
place	3820300	ND	Drake city	drake
place	3820340	ND	Drayton city	drayton
place	3820940	ND	Dunn Center city	dunn center
place	3821020	ND	Dunseith city	dunseith
place	3821220	ND	Dwight city	dwight
place	3822140	ND	Edgeley city	edgeley
place	3822260	ND	Edinburg city	edinburg
place	3822340	ND	Edmore city	edmore
place	3822540	ND	Egeland city	egeland
place	3823020	ND	Elgin city	elgin
place	3823220	ND	Ellendale city	ellendale
place	3823340	ND	Elliott city	elliott
place	3824060	ND	Emerado city	emerado
place	3824260	ND	Enderlin city	enderlin
place	3824540	ND	Epping city	epping
place	3824780	ND	Esmond city	esmond
place	3825180	ND	Fairdale city	fairdale
place	3825300	ND	Fairmount city	fairmount
place	3825700	ND	Fargo city	fargo
place	3826180	ND	Fessenden city	fessenden
place	3826380	ND	Fingal city	fingal
place	3826420	ND	Finley city	finley
place	3826660	ND	Flasher city	flasher
place	3826700	ND	Flaxton city	flaxton
place	3826980	ND	Forbes city	forbes
place	3827060	ND	Fordville city	fordville
place	3827100	ND	Forest River city	forest river
place	3827260	ND	Forman city	forman
place	3827580	ND	Fort Ransom city	fort ransom
place	3827820	ND	Fortuna city	fortuna
place	3827860	ND	Fort Yates city	fort yates
place	3828380	ND	Fredonia city	fredonia
place	3828720	ND	Frontier city	frontier
place	3828780	ND	Fullerton city	fullerton
place	3828860	ND	Gackle city	gackle
place	3828980	ND	Galesburg city	galesburg
place	3829180	ND	Gardena city	gardena
place	3829220	ND	Gardner city	gardner
place	3829460	ND	Garrison city	garrison
place	3829540	ND	Gascoyne city	gascoyne
place	3830180	ND	Gilby city	gilby
place	3830460	ND	Gladstone city	gladstone
place	3830580	ND	Glenburn city	glenburn
place	3830660	ND	Glenfield city	glenfield
place	3830860	ND	Glen Ullin city	glen ullin
place	3831180	ND	Golden Valley city	golden valley
place	3831420	ND	Golva city	golva
place	3831500	ND	Goodrich city	goodrich
place	3831740	ND	Grace City city	grace
place	3831820	ND	Grafton city	grafton
place	3832060	ND	Grand Forks city	grand forks
place	3832300	ND	Grandin city	grandin
place	3832580	ND	Grano city	grano
place	3832660	ND	Granville city	granville
place	3832900	ND	Great Bend city	great bend
place	3833500	ND	Grenora city	grenora
place	3834020	ND	Gwinner city	gwinner
place	3834180	ND	Hague city	hague
place	3834340	ND	Halliday city	halliday
place	3834460	ND	Hamberg city	hamberg
place	3834620	ND	Hamilton city	hamilton
place	3834860	ND	Hampden city	hampden
place	3834900	ND	Hankinson city	hankinson
place	3835020	ND	Hannaford city	hannaford
place	3835060	ND	Hannah city	hannah
place	3835140	ND	Hansboro city	hansboro
place	3835900	ND	Harvey city	harvey
place	3835940	ND	Harwood city	harwood
place	3836100	ND	Hatton city	hatton
place	3836140	ND	Havana city	havana
place	3836540	ND	Haynes city	haynes
place	3836700	ND	Hazelton city	hazelton
place	3836780	ND	Hazen city	hazen
place	3836860	ND	Hebron city	hebron
place	3837700	ND	Hettinger city	hettinger
place	3838100	ND	Hillsboro city	hillsboro
place	3838780	ND	Hoople city	hoople
place	3838860	ND	Hope city	hope
place	3838900	ND	Horace city	horace
place	3839460	ND	Hunter city	hunter
place	3839580	ND	Hurdsfield city	hurdsfield
place	3839980	ND	Inkster city	inkster
place	3840580	ND	Jamestown city	jamestown
place	3841180	ND	Jud city	jud
place	3841380	ND	Karlsruhe city	karlsruhe
place	3841500	ND	Kathryn city	kathryn
place	3842020	ND	Kenmare city	kenmare
place	3842180	ND	Kensal city	kensal
place	3842660	ND	Kief city	kief
place	3842700	ND	Killdeer city	killdeer
place	3842780	ND	Kindred city	kindred
place	3843260	ND	Knox city	knox
place	3843500	ND	Kramer city	kramer
place	3843580	ND	Kulm city	kulm
place	3844300	ND	Lakota city	lakota
place	3844540	ND	LaMoure city	lamoure
place	3844700	ND	Landa city	landa
place	3844780	ND	Langdon city	langdon
place	3844860	ND	Lankin city	lankin
place	3844900	ND	Lansford city	lansford
place	3845020	ND	Larimore city	larimore
place	3845300	ND	Lawton city	lawton
place	3845460	ND	Leal city	leal
place	3845580	ND	Leeds city	leeds
place	3845740	ND	Lehr city	lehr
place	3845860	ND	Leith city	leith
place	3845980	ND	Leonard city	leonard
place	3846460	ND	Lidgerwood city	lidgerwood
place	3846540	ND	Lignite city	lignite
place	3846640	ND	Lincoln city	lincoln
place	3846980	ND	Linton city	linton
place	3847100	ND	Lisbon city	lisbon
place	3847140	ND	Litchville city	litchville
place	3847660	ND	Loma city	loma
place	3848020	ND	Loraine city	loraine
place	3848460	ND	Ludden city	ludden
place	3848580	ND	Luverne city	luverne
place	3849020	ND	McClusky city	mcclusky
place	3849260	ND	McHenry city	mchenry
place	3849580	ND	McVille city	mcville
place	3849620	ND	Maddock city	maddock
place	3849820	ND	Makoti city	makoti
place	3849900	ND	Mandan city	mandan
place	3850380	ND	Mantador city	mantador
place	3850420	ND	Manvel city	manvel
place	3850580	ND	Mapleton city	mapleton
place	3850780	ND	Marion city	marion
place	3850860	ND	Marmarth city	marmarth
place	3851060	ND	Martin city	martin
place	3851380	ND	Max city	max
place	3851420	ND	Maxbass city	maxbass
place	3851500	ND	Mayville city	mayville
place	3851860	ND	Medina city	medina
place	3851900	ND	Medora city	medora
place	3852340	ND	Mercer city	mercer
place	3852740	ND	Michigan City city	michigan
place	3852940	ND	Milnor city	milnor
place	3853020	ND	Milton city	milton
place	3853220	ND	Minnewaukan city	minnewaukan
place	3853380	ND	Minot city	minot
place	3853540	ND	Minto city	minto
place	3853780	ND	Mohall city	mohall
place	3853820	ND	Monango city	monango
place	3853980	ND	Montpelier city	montpelier
place	3854220	ND	Mooreton city	mooreton
place	3854620	ND	Mott city	mott
place	3854740	ND	Mountain city	mountain
place	3855020	ND	Munich city	munich
place	3855220	ND	Mylo city	mylo
place	3855420	ND	Napoleon city	napoleon
place	3855620	ND	Neche city	neche
place	3855740	ND	Nekoma city	nekoma
place	3856020	ND	Newburg city	newburg
place	3856180	ND	New England city	new england
place	3856420	ND	New Leipzig city	new leipzig
place	3856620	ND	New Rockford city	new rockford
place	3856700	ND	New Salem city	new salem
place	3856740	ND	New Town city	new
place	3856780	ND	Niagara city	niagara
place	3857180	ND	Nome city	nome
place	3857220	ND	Noonan city	noonan
place	3858120	ND	North River city	north river
place	3858300	ND	Northwood city	northwood
place	3858740	ND	Oakes city	oakes
place	3859020	ND	Oberon city	oberon
place	3859660	ND	Oriska city	oriska
place	3860100	ND	Osnabrock city	osnabrock
place	3860380	ND	Overly city	overly
place	3860480	ND	Oxbow city	oxbow
place	3860500	ND	Page city	page
place	3860620	ND	Palermo city	palermo
place	3860900	ND	Park River city	park river
place	3860940	ND	Parshall city	parshall
place	3861460	ND	Pekin city	pekin
place	3861580	ND	Pembina city	pembina
place	3861780	ND	Perth city	perth
place	3861860	ND	Petersburg city	petersburg
place	3862060	ND	Pettibone city	pettibone
place	3862260	ND	Pick City city	pick
place	3862540	ND	Pillsbury city	pillsbury
place	3862620	ND	Pingree city	pingree
place	3862780	ND	Pisek city	pisek
place	3862980	ND	Plaza city	plaza
place	3863740	ND	Portal city	portal
place	3863900	ND	Portland city	portland
place	3864140	ND	Powers Lake city	powers lake
place	3864320	ND	Prairie Rose city	prairie rose
place	3865580	ND	Ray city	ray
place	3865900	ND	Reeder city	reeder
place	3865980	ND	Regan city	regan
place	3866020	ND	Regent city	regent
place	3866040	ND	Reile's Acres city	reiles acres
place	3866260	ND	Reynolds city	reynolds
place	3866300	ND	Rhame city	rhame
place	3866500	ND	Richardton city	richardton
place	3866980	ND	Riverdale city	riverdale
place	3867180	ND	Robinson city	robinson
place	3867500	ND	Rocklake city	rocklake
place	3867620	ND	Rogers city	rogers
place	3867780	ND	Rolette city	rolette
place	3867820	ND	Rolla city	rolla
place	3868540	ND	Ross city	ross
place	3868860	ND	Rugby city	rugby
place	3869140	ND	Ruso city	ruso
place	3869340	ND	Rutland city	rutland
place	3869460	ND	Ryder city	ryder
place	3869980	ND	St. John city	st john
place	3870260	ND	St. Thomas city	st thomas
place	3870380	ND	Sanborn city	sanborn
place	3870780	ND	Sarles city	sarles
place	3870980	ND	Sawyer city	sawyer
place	3871500	ND	Scranton city	scranton
place	3871660	ND	Selfridge city	selfridge
place	3871780	ND	Sentinel Butte city	sentinel butte
place	3871940	ND	Sharon city	sharon
place	3872180	ND	Sheldon city	sheldon
place	3872540	ND	Sherwood city	sherwood
place	3872580	ND	Sheyenne city	sheyenne
place	3872820	ND	Sibley city	sibley
place	3873820	ND	Solen city	solen
place	3874020	ND	Souris city	souris
place	3874185	ND	South Heart city	south heart
place	3874740	ND	Spiritwood Lake city	spiritwood lake
place	3874780	ND	Springbrook city	springbrook
place	3875380	ND	Stanley city	stanley
place	3875420	ND	Stanton city	stanton
place	3875580	ND	Starkweather city	starkweather
place	3875780	ND	Steele city	steele
place	3876500	ND	Strasburg city	strasburg
place	3876620	ND	Streeter city	streeter
place	3877180	ND	Surrey city	surrey
place	3877660	ND	Sykeston city	sykeston
place	3877980	ND	Tappen city	tappen
place	3878180	ND	Taylor city	taylor
place	3878660	ND	Thompson city	thompson
place	3878940	ND	Tioga city	tioga
place	3879140	ND	Tolley city	tolley
place	3879180	ND	Tolna city	tolna
place	3879340	ND	Tower City city	tower
place	3879420	ND	Towner city	towner
place	3879940	ND	Turtle Lake city	turtle lake
place	3880140	ND	Tuttle city	tuttle
place	3880660	ND	Underwood city	underwood
place	3880860	ND	Upham city	upham
place	3881180	ND	Valley City city	valley
place	3881620	ND	Velva city	velva
place	3881700	ND	Venturia city	venturia
place	3881900	ND	Verona city	verona
place	3882380	ND	Voltaire city	voltaire
place	3882660	ND	Wahpeton city	wahpeton
place	3882780	ND	Walcott city	walcott
place	3882940	ND	Wales city	wales
place	3882980	ND	Walhalla city	walhalla
place	3883580	ND	Warwick city	warwick
place	3883700	ND	Washburn city	washburn
place	3883860	ND	Watford City city	watford
place	3884780	ND	West Fargo city	west fargo
place	3885020	ND	Westhope city	westhope
place	3885540	ND	White Earth city	white earth
place	3886020	ND	Wildrose city	wildrose
place	3886220	ND	Williston city	williston
place	3886380	ND	Willow City city	willow
place	3886580	ND	Wilton city	wilton
place	3886620	ND	Wimbledon city	wimbledon
place	3886780	ND	Wing city	wing
place	3887020	ND	Wishek city	wishek
place	3887180	ND	Wolford city	wolford
place	3887580	ND	Woodworth city	woodworth
place	3887740	ND	Wyndmere city	wyndmere
place	3887860	ND	York city	york
place	3888140	ND	Zap city	zap
place	3888180	ND	Zeeland city	zeeland
place	3900142	OH	Aberdeen village	aberdeen
place	3900198	OH	Ada village	ada
place	3900380	OH	Adamsville village	adamsville
place	3900436	OH	Addyston village	addyston
place	3900450	OH	Adelphi village	adelphi
place	3900464	OH	Adena village	adena
place	3901000	OH	Akron city	akron
place	3901042	OH	Albany village	albany
place	3901154	OH	Alexandria village	alexandria
place	3901210	OH	Alger village	alger
place	3901420	OH	Alliance city	alliance
place	3901630	OH	Amanda village	amanda
place	3901672	OH	Amberley village	amberley
place	3901784	OH	Amesville village	amesville
place	3901798	OH	Amherst city	amherst
place	3901938	OH	Amsterdam village	amsterdam
place	3902050	OH	Andover village	andover
place	3902092	OH	Anna village	anna
place	3902120	OH	Ansonia village	ansonia
place	3902148	OH	Antioch village	antioch
place	3902204	OH	Antwerp village	antwerp
place	3902232	OH	Apple Creek village	apple creek
place	3902274	OH	Aquilla village	aquilla
place	3902316	OH	Arcadia village	arcadia
place	3902330	OH	Arcanum village	arcanum
place	3902344	OH	Archbold village	archbold
place	3902400	OH	Arlington village	arlington
place	3902428	OH	Arlington Heights village	arlington heights
place	3902568	OH	Ashland city	ashland
place	3902582	OH	Ashley village	ashley
place	3902638	OH	Ashtabula city	ashtabula
place	3902680	OH	Ashville village	ashville
place	3902722	OH	Athalia village	athalia
place	3902736	OH	Athens city	athens
place	3902820	OH	Attica village	attica
place	3903086	OH	Aurora city	aurora
place	3903352	OH	Avon city	avon
place	3903464	OH	Avon Lake city	avon lake
place	3903562	OH	Bailey Lakes village	bailey lakes
place	3903604	OH	Bainbridge village	bainbridge
place	3903646	OH	Bairdstown village	bairdstown
place	3903744	OH	Baltic village	baltic
place	3903758	OH	Baltimore village	baltimore
place	3903828	OH	Barberton city	barberton
place	3903926	OH	Barnesville village	barnesville
place	3903940	OH	Barnhill village	barnhill
place	3904150	OH	Batavia village	batavia
place	3904192	OH	Batesville village	batesville
place	3904402	OH	Bay View village	bay view
place	3904416	OH	Bay Village city	bay
place	3904458	OH	Beach City village	beach
place	3904500	OH	Beachwood city	beachwood
place	3904542	OH	Beallsville village	beallsville
place	3904696	OH	Beaver village	beaver
place	3904720	OH	Beavercreek city	beavercreek
place	3904752	OH	Beaverdam village	beaverdam
place	3904878	OH	Bedford city	bedford
place	3904920	OH	Bedford Heights city	bedford heights
place	3905074	OH	Bellaire village	bellaire
place	3905102	OH	Bellbrook city	bellbrook
place	3905116	OH	Belle Center village	belle center
place	3905130	OH	Bellefontaine city	bellefontaine
place	3905158	OH	Belle Valley village	belle valley
place	3905228	OH	Bellevue city	bellevue
place	3905284	OH	Bellville village	bellville
place	3905312	OH	Belmont village	belmont
place	3905396	OH	Belmore village	belmore
place	3905410	OH	Beloit village	beloit
place	3905424	OH	Belpre city	belpre
place	3905550	OH	Bentleyville village	bentleyville
place	3905662	OH	Benton Ridge village	benton ridge
place	3905690	OH	Berea city	berea
place	3905718	OH	Bergholz village	bergholz
place	3905732	OH	Berkey village	berkey
place	3905900	OH	Berlin Heights village	berlin heights
place	3906068	OH	Bethel village	bethel
place	3906138	OH	Bethesda village	bethesda
place	3906194	OH	Bettsville village	bettsville
place	3906222	OH	Beverly village	beverly
place	3906278	OH	Bexley city	bexley
place	3906810	OH	Blakeslee village	blakeslee
place	3906908	OH	Blanchester village	blanchester
place	3907062	OH	Bloomdale village	bloomdale
place	3907188	OH	Bloomingburg village	bloomingburg
place	3907202	OH	Bloomingdale village	bloomingdale
place	3907286	OH	Bloomville village	bloomville
place	3907300	OH	Blue Ash city	blue ash
place	3907426	OH	Bluffton village	bluffton
place	3907594	OH	Bolivar village	bolivar
place	3907790	OH	Boston Heights village	boston heights
place	3907832	OH	Botkins village	botkins
place	3907916	OH	Bowerston village	bowerston
place	3907930	OH	Bowersville village	bowersville
place	3907972	OH	Bowling Green city	bowling green
place	3908084	OH	Bradford village	bradford
place	3908112	OH	Bradner village	bradner
place	3908336	OH	Bratenahl village	bratenahl
place	3908364	OH	Brecksville city	brecksville
place	3908392	OH	Bremen village	bremen
place	3908504	OH	Brewster village	brewster
place	3908532	OH	Brice village	brice
place	3908560	OH	Bridgeport village	bridgeport
place	3909064	OH	Broadview Heights city	broadview heights
place	3909246	OH	Brooklyn city	brooklyn
place	3909274	OH	Brooklyn Heights village	brooklyn heights
place	3909288	OH	Brook Park city	brook park
place	3909316	OH	Brookside village	brookside
place	3909358	OH	Brookville city	brookville
place	3909386	OH	Broughton village	broughton
place	3909680	OH	Brunswick city	brunswick
place	3909792	OH	Bryan city	bryan
place	3909834	OH	Buchtel village	buchtel
place	3909890	OH	Buckeye Lake village	buckeye lake
place	3909974	OH	Buckland village	buckland
place	3910030	OH	Bucyrus city	bucyrus
place	3910254	OH	Burbank village	burbank
place	3910282	OH	Burgoon village	burgoon
place	3910296	OH	Burkettsville village	burkettsville
place	3910436	OH	Burton village	burton
place	3910632	OH	Butler village	butler
place	3910674	OH	Butlerville village	butlerville
place	3910716	OH	Byesville village	byesville
place	3910800	OH	Cadiz village	cadiz
place	3910884	OH	Cairo village	cairo
place	3910940	OH	Caldwell village	caldwell
place	3910954	OH	Caledonia village	caledonia
place	3910996	OH	Cambridge city	cambridge
place	3911024	OH	Camden village	camden
place	3911066	OH	Campbell city	campbell
place	3911304	OH	Canal Fulton city	canal fulton
place	3911332	OH	Canal Winchester city	canal winchester
place	3911360	OH	Canfield city	canfield
place	3912000	OH	Canton city	canton
place	3912084	OH	Cardington village	cardington
place	3912112	OH	Carey village	carey
place	3912168	OH	Carlisle city	carlisle
place	3912252	OH	Carroll village	carroll
place	3912280	OH	Carrollton village	carrollton
place	3912462	OH	Casstown village	casstown
place	3912476	OH	Castalia village	castalia
place	3912504	OH	Castine village	castine
place	3912560	OH	Catawba village	catawba
place	3912700	OH	Cecil village	cecil
place	3912784	OH	Cedarville village	cedarville
place	3912868	OH	Celina city	celina
place	3913036	OH	Centerburg village	centerburg
place	3913169	OH	Centerville (Thurman) village	centerville thurman
place	3913190	OH	Centerville city	centerville
place	3913358	OH	Chagrin Falls village	chagrin falls
place	3913554	OH	Chardon city	chardon
place	3913694	OH	Chatfield village	chatfield
place	3913778	OH	Chauncey village	chauncey
place	3913904	OH	Chesapeake village	chesapeake
place	3913932	OH	Cheshire village	cheshire
place	3914086	OH	Chesterhill village	chesterhill
place	3914114	OH	Chesterville village	chesterville
place	3914128	OH	Cheviot city	cheviot
place	3914156	OH	Chickasaw village	chickasaw
place	3914184	OH	Chillicothe city	chillicothe
place	3914226	OH	Chilo village	chilo
place	3914254	OH	Chippewa Lake village	chippewa lake
place	3914296	OH	Christiansburg village	christiansburg
place	3915000	OH	Cincinnati city	cincinnati
place	3915070	OH	Circleville city	circleville
place	3915210	OH	Clarington village	clarington
place	3915336	OH	Clarksburg village	clarksburg
place	3915406	OH	Clarksville village	clarksville
place	3915588	OH	Clay Center village	clay center
place	3915644	OH	Clayton city	clayton
place	3916000	OH	Cleveland city	cleveland
place	3916014	OH	Cleveland Heights city	cleveland heights
place	3916028	OH	Cleves village	cleves
place	3916056	OH	Clifton village	clifton
place	3916182	OH	Clinton village	clinton
place	3916266	OH	Cloverdale village	cloverdale
place	3916308	OH	Clyde city	clyde
place	3916378	OH	Coal Grove village	coal grove
place	3916434	OH	Coalton village	coalton
place	3916532	OH	Coldwater village	coldwater
place	3916700	OH	College Corner village	college corner
place	3917036	OH	Columbiana city	columbiana
place	3918000	OH	Columbus city	columbus
place	3918014	OH	Columbus Grove village	columbus grove
place	3918070	OH	Commercial Point village	commercial point
place	3918266	OH	Conesville village	conesville
place	3918308	OH	Congress village	congress
place	3918350	OH	Conneaut city	conneaut
place	3918504	OH	Continental village	continental
place	3918546	OH	Convoy village	convoy
place	3918588	OH	Coolville village	coolville
place	3918770	OH	Corning village	corning
place	3918812	OH	Cortland city	cortland
place	3918840	OH	Corwin village	corwin
place	3918868	OH	Coshocton city	coshocton
place	3919050	OH	Covington village	covington
place	3919106	OH	Craig Beach village	craig beach
place	3919330	OH	Crestline village	crestline
place	3919344	OH	Creston village	creston
place	3919400	OH	Cridersville village	cridersville
place	3919456	OH	Crooksville village	crooksville
place	3919554	OH	Crown City village	crown
place	3919694	OH	Cumberland village	cumberland
place	3919750	OH	Custar village	custar
place	3919778	OH	Cuyahoga Falls city	cuyahoga falls
place	3919806	OH	Cuyahoga Heights village	cuyahoga heights
place	3919820	OH	Cygnet village	cygnet
place	3919974	OH	Dalton village	dalton
place	3920114	OH	Danville village	danville
place	3920212	OH	Darbyville village	darbyville
place	3921000	OH	Dayton city	dayton
place	3921266	OH	Deer Park city	deer park
place	3921294	OH	Deersville village	deersville
place	3921308	OH	Defiance city	defiance
place	3921378	OH	De Graff village	de graff
place	3921434	OH	Delaware city	delaware
place	3921560	OH	Dellroy village	dellroy
place	3921602	OH	Delphos city	delphos
place	3921616	OH	Delta village	delta
place	3921714	OH	Dennison village	dennison
place	3921812	OH	Deshler village	deshler
place	3921910	OH	Dexter City village	dexter
place	3922022	OH	Dillonvale village	dillonvale
place	3922288	OH	Donnelsville village	donnelsville
place	3922456	OH	Dover city	dover
place	3922568	OH	Doylestown village	doylestown
place	3922610	OH	Dresden village	dresden
place	3922694	OH	Dublin city	dublin
place	3922946	OH	Dunkirk village	dunkirk
place	3922974	OH	Dupont village	dupont
place	3923324	OH	East Canton village	east canton
place	3923380	OH	East Cleveland city	east cleveland
place	3923618	OH	Eastlake city	eastlake
place	3923730	OH	East Liverpool city	east liverpool
place	3923940	OH	East Palestine village	east palestine
place	3924052	OH	East Sparta village	east sparta
place	3924234	OH	Eaton city	eaton
place	3924486	OH	Edgerton village	edgerton
place	3924598	OH	Edison village	edison
place	3924640	OH	Edon village	edon
place	3924766	OH	Eldorado village	eldorado
place	3924794	OH	Elgin village	elgin
place	3924808	OH	Elida village	elida
place	3925144	OH	Elmore village	elmore
place	3925186	OH	Elmwood Place village	elmwood place
place	3925256	OH	Elyria city	elyria
place	3925368	OH	Empire village	empire
place	3925396	OH	Englewood city	englewood
place	3925452	OH	Enon village	enon
place	3925704	OH	Euclid city	euclid
place	3925802	OH	Evendale village	evendale
place	3925914	OH	Fairborn city	fairborn
place	3925942	OH	Fairfax village	fairfax
place	3925970	OH	Fairfield city	fairfield
place	3926166	OH	Fairlawn city	fairlawn
place	3926306	OH	Fairport Harbor village	fairport harbor
place	3926348	OH	Fairview village	fairview
place	3926446	OH	Fairview Park city	fairview park
place	3926656	OH	Farmersville village	farmersville
place	3926768	OH	Fayette village	fayette
place	3926796	OH	Fayetteville village	fayetteville
place	3926880	OH	Felicity village	felicity
place	3927048	OH	Findlay city	findlay
place	3927412	OH	Fletcher village	fletcher
place	3927538	OH	Florida village	florida
place	3927552	OH	Flushing village	flushing
place	3927636	OH	Forest village	forest
place	3927706	OH	Forest Park city	forest park
place	3927818	OH	Fort Jennings village	fort jennings
place	3927832	OH	Fort Loramie village	fort loramie
place	3927902	OH	Fort Recovery village	fort recovery
place	3928014	OH	Fostoria city	fostoria
place	3928182	OH	Frankfort village	frankfort
place	3928476	OH	Franklin city	franklin
place	3928574	OH	Frazeysburg village	frazeysburg
place	3928616	OH	Fredericksburg village	fredericksburg
place	3928658	OH	Fredericktown village	fredericktown
place	3928798	OH	Freeport village	freeport
place	3928826	OH	Fremont city	fremont
place	3929050	OH	Fulton village	fulton
place	3929064	OH	Fultonham village	fultonham
place	3929106	OH	Gahanna city	gahanna
place	3929148	OH	Galena village	galena
place	3929162	OH	Galion city	galion
place	3929204	OH	Gallipolis village	gallipolis
place	3929246	OH	Gambier village	gambier
place	3929288	OH	Gann (Brinkhaven) village	gann brinkhaven
place	3929428	OH	Garfield Heights city	garfield heights
place	3929442	OH	Garrettsville village	garrettsville
place	3929498	OH	Gates Mills village	gates mills
place	3929610	OH	Geneva city	geneva
place	3929652	OH	Geneva-on-the-Lake village	geneva on the lake
place	3929722	OH	Genoa village	genoa
place	3929778	OH	Georgetown village	georgetown
place	3929932	OH	Germantown city	germantown
place	3929974	OH	Gettysburg village	gettysburg
place	3930072	OH	Gibsonburg village	gibsonburg
place	3930114	OH	Gilboa village	gilboa
place	3930198	OH	Girard city	girard
place	3930282	OH	Glandorf village	glandorf
place	3930380	OH	Glendale village	glendale
place	3930436	OH	Glenford village	glenford
place	3930506	OH	Glenmont village	glenmont
place	3930632	OH	Glenwillow village	glenwillow
place	3930660	OH	Gloria Glens Park village	gloria glens park
place	3930674	OH	Glouster village	glouster
place	3930702	OH	Gnadenhutten village	gnadenhutten
place	3930786	OH	Golf Manor village	golf manor
place	3930912	OH	Gordon village	gordon
place	3931150	OH	Grafton village	grafton
place	3931206	OH	Grand Rapids village	grand rapids
place	3931234	OH	Grand River village	grand river
place	3931304	OH	Grandview Heights city	grandview heights
place	3931402	OH	Granville village	granville
place	3931458	OH	Gratiot village	gratiot
place	3931472	OH	Gratis village	gratis
place	3931542	OH	Graysville village	graysville
place	3931860	OH	Green city	green
place	3931948	OH	Green Camp village	green camp
place	3932088	OH	Greenfield village	greenfield
place	3932158	OH	Greenhills village	greenhills
place	3932256	OH	Green Springs village	green springs
place	3932340	OH	Greenville city	greenville
place	3932368	OH	Greenwich village	greenwich
place	3932592	OH	Grove City city	grove
place	3932606	OH	Groveport city	groveport
place	3932620	OH	Grover Hill village	grover hill
place	3932956	OH	Hamden village	hamden
place	3932984	OH	Hamersville village	hamersville
place	3933012	OH	Hamilton city	hamilton
place	3933096	OH	Hamler village	hamler
place	3933194	OH	Hanging Rock village	hanging rock
place	3933292	OH	Hanover village	hanover
place	3933306	OH	Hanoverton village	hanoverton
place	3933376	OH	Harbor View village	harbor view
place	3933656	OH	Harpster village	harpster
place	3933740	OH	Harrisburg village	harrisburg
place	3933838	OH	Harrison city	harrison
place	3934090	OH	Harrisville village	harrisville
place	3934118	OH	Harrod village	harrod
place	3934202	OH	Hartford (Croton) village	hartford croton
place	3934328	OH	Hartville village	hartville
place	3934384	OH	Harveysburg village	harveysburg
place	3934412	OH	Haskins village	haskins
place	3934552	OH	Haviland village	haviland
place	3934636	OH	Hayesville village	hayesville
place	3934748	OH	Heath city	heath
place	3934790	OH	Hebron village	hebron
place	3934860	OH	Helena village	helena
place	3934888	OH	Hemlock village	hemlock
place	3935098	OH	Hicksville village	hicksville
place	3935168	OH	Higginsport village	higginsport
place	3935210	OH	Highland village	highland
place	3935252	OH	Highland Heights city	highland heights
place	3935255	OH	Highland Hills village	highland hills
place	3935476	OH	Hilliard city	hilliard
place	3935532	OH	Hills and Dales village	hills and dales
place	3935560	OH	Hillsboro city	hillsboro
place	3935658	OH	Hiram village	hiram
place	3935854	OH	Holgate village	holgate
place	3935864	OH	Holiday City village	holiday
place	3935882	OH	Holland village	holland
place	3935896	OH	Hollansburg village	hollansburg
place	3935924	OH	Holloway village	holloway
place	3935994	OH	Holmesville village	holmesville
place	3936260	OH	Hopedale village	hopedale
place	3936568	OH	Hoytville village	hoytville
place	3936582	OH	Hubbard city	hubbard
place	3936610	OH	Huber Heights city	huber heights
place	3936651	OH	Hudson city	hudson
place	3936918	OH	Hunting Valley village	hunting valley
place	3936988	OH	Huntsville village	huntsville
place	3937016	OH	Huron city	huron
place	3937240	OH	Independence city	independence
place	3937422	OH	Irondale village	irondale
place	3937464	OH	Ironton city	ironton
place	3937604	OH	Ithaca village	ithaca
place	3937842	OH	Jackson city	jackson
place	3938192	OH	Jacksonburg village	jacksonburg
place	3938220	OH	Jackson Center village	jackson center
place	3938304	OH	Jacksonville village	jacksonville
place	3938374	OH	Jamestown village	jamestown
place	3938500	OH	Jefferson village	jefferson
place	3938920	OH	Jeffersonville village	jeffersonville
place	3938948	OH	Jenera village	jenera
place	3939060	OH	Jeromesville village	jeromesville
place	3939074	OH	Jerry City village	jerry
place	3939130	OH	Jerusalem village	jerusalem
place	3939172	OH	Jewett village	jewett
place	3939340	OH	Johnstown city	johnstown
place	3939508	OH	Junction City village	junction
place	3939536	OH	Kalida village	kalida
place	3939662	OH	Kelleys Island village	kelleys island
place	3939872	OH	Kent city	kent
place	3939886	OH	Kenton city	kenton
place	3940040	OH	Kettering city	kettering
place	3940054	OH	Kettlersville village	kettlersville
place	3940180	OH	Killbuck village	killbuck
place	3940376	OH	Kingston village	kingston
place	3940544	OH	Kipton village	kipton
place	3940558	OH	Kirby village	kirby
place	3940572	OH	Kirkersville village	kirkersville
place	3940642	OH	Kirtland city	kirtland
place	3940670	OH	Kirtland Hills village	kirtland hills
place	3941118	OH	Lafayette village	lafayette
place	3941230	OH	LaGrange village	lagrange
place	3941398	OH	Lakeline village	lakeline
place	3941454	OH	Lakemore village	lakemore
place	3941608	OH	Lakeview village	lakeview
place	3941664	OH	Lakewood city	lakewood
place	3941720	OH	Lancaster city	lancaster
place	3941902	OH	La Rue village	la rue
place	3941986	OH	Latty village	latty
place	3942028	OH	Laura village	laura
place	3942084	OH	Laurelville village	laurelville
place	3942364	OH	Lebanon city	lebanon
place	3942476	OH	Leesburg village	leesburg
place	3942518	OH	Leesville village	leesville
place	3942560	OH	Leetonia village	leetonia
place	3942602	OH	Leipsic village	leipsic
place	3942938	OH	Lewisburg village	lewisburg
place	3942980	OH	Lewisville village	lewisville
place	3942994	OH	Lexington village	lexington
place	3943414	OH	Liberty Center village	liberty center
place	3943554	OH	Lima city	lima
place	3943722	OH	Lincoln Heights village	lincoln heights
place	3943904	OH	Lindsey village	lindsey
place	3943918	OH	Linndale village	linndale
place	3944030	OH	Lisbon village	lisbon
place	3944086	OH	Lithopolis village	lithopolis
place	3944310	OH	Lockbourne village	lockbourne
place	3944352	OH	Lockington village	lockington
place	3944366	OH	Lockland village	lockland
place	3944604	OH	Lodi village	lodi
place	3944632	OH	Logan city	logan
place	3944674	OH	London city	london
place	3944856	OH	Lorain city	lorain
place	3944912	OH	Lordstown village	lordstown
place	3944954	OH	Lore City village	lore
place	3945066	OH	Loudonville village	loudonville
place	3945094	OH	Louisville city	louisville
place	3945108	OH	Loveland city	loveland
place	3945164	OH	Lowell village	lowell
place	3945178	OH	Lowellville village	lowellville
place	3945220	OH	Lower Salem village	lower salem
place	3945276	OH	Lucas village	lucas
place	3945332	OH	Luckey village	luckey
place	3945374	OH	Ludlow Falls village	ludlow falls
place	3945542	OH	Lynchburg village	lynchburg
place	3945556	OH	Lyndhurst city	lyndhurst
place	3945626	OH	Lyons village	lyons
place	3945696	OH	McArthur village	mcarthur
place	3945794	OH	McClure village	mcclure
place	3945808	OH	McComb village	mccomb
place	3945822	OH	McConnelsville village	mcconnelsville
place	3945934	OH	McDonald village	mcdonald
place	3945976	OH	Macedonia city	macedonia
place	3946046	OH	McGuffey village	mcguffey
place	3946158	OH	Macksburg village	macksburg
place	3946312	OH	Madeira city	madeira
place	3946480	OH	Madison village	madison
place	3946830	OH	Magnetic Springs village	magnetic springs
place	3946844	OH	Magnolia village	magnolia
place	3946872	OH	Maineville village	maineville
place	3946942	OH	Malinta village	malinta
place	3946970	OH	Malta village	malta
place	3946998	OH	Malvern village	malvern
place	3947012	OH	Manchester village	manchester
place	3947138	OH	Mansfield city	mansfield
place	3947180	OH	Mantua village	mantua
place	3947306	OH	Maple Heights city	maple heights
place	3947474	OH	Marble Cliff village	marble cliff
place	3947502	OH	Marblehead village	marblehead
place	3947558	OH	Marengo village	marengo
place	3947600	OH	Mariemont village	mariemont
place	3947628	OH	Marietta city	marietta
place	3947754	OH	Marion city	marion
place	3947992	OH	Marseilles village	marseilles
place	3948048	OH	Marshallville village	marshallville
place	3948090	OH	Martinsburg village	martinsburg
place	3948104	OH	Martins Ferry city	martins ferry
place	3948118	OH	Martinsville village	martinsville
place	3948160	OH	Marysville city	marysville
place	3948188	OH	Mason city	mason
place	3948244	OH	Massillon city	massillon
place	3948286	OH	Matamoras (New Matamoras) village	matamoras new matamoras
place	3948342	OH	Maumee city	maumee
place	3948468	OH	Mayfield village	mayfield
place	3948482	OH	Mayfield Heights city	mayfield heights
place	3948706	OH	Mechanicsburg village	mechanicsburg
place	3948790	OH	Medina city	medina
place	3949000	OH	Melrose village	melrose
place	3949042	OH	Mendon village	mendon
place	3949056	OH	Mentor city	mentor
place	3949098	OH	Mentor-on-the-Lake city	mentor on the lake
place	3949238	OH	Metamora village	metamora
place	3949294	OH	Meyers Lake village	meyers lake
place	3949434	OH	Miamisburg city	miamisburg
place	3949644	OH	Middleburg Heights city	middleburg heights
place	3949700	OH	Middlefield village	middlefield
place	3949728	OH	Middle Point village	middle point
place	3949756	OH	Middleport village	middleport
place	3949840	OH	Middletown city	middletown
place	3949896	OH	Midland village	midland
place	3949966	OH	Midvale village	midvale
place	3950008	OH	Midway village	midway
place	3950036	OH	Mifflin village	mifflin
place	3950134	OH	Milan village	milan
place	3950176	OH	Milford city	milford
place	3950218	OH	Milford Center village	milford center
place	3950260	OH	Millbury village	millbury
place	3950316	OH	Milledgeville village	milledgeville
place	3950358	OH	Miller City village	miller
place	3950372	OH	Millersburg village	millersburg
place	3950400	OH	Millersport village	millersport
place	3950540	OH	Millville village	millville
place	3950708	OH	Milton Center village	milton center
place	3950722	OH	Miltonsburg village	miltonsburg
place	3950764	OH	Mineral City village	mineral
place	3950834	OH	Minerva village	minerva
place	3950862	OH	Minerva Park village	minerva park
place	3950904	OH	Mingo Junction village	mingo junction
place	3950918	OH	Minster village	minster
place	3951058	OH	Mogadore village	mogadore
place	3951310	OH	Monroe city	monroe
place	3951618	OH	Monroeville village	monroeville
place	3951674	OH	Montezuma village	montezuma
place	3951716	OH	Montgomery city	montgomery
place	3951772	OH	Montpelier village	montpelier
place	3952010	OH	Moraine city	moraine
place	3952052	OH	Moreland Hills village	moreland hills
place	3952276	OH	Morral village	morral
place	3952346	OH	Morristown village	morristown
place	3952374	OH	Morrow village	morrow
place	3952416	OH	Moscow village	moscow
place	3952598	OH	Mount Blanchard village	mount blanchard
place	3952668	OH	Mount Cory village	mount cory
place	3952682	OH	Mount Eaton village	mount eaton
place	3952738	OH	Mount Gilead village	mount gilead
place	3952752	OH	Mount Healthy city	mount healthy
place	3952906	OH	Mount Orab village	mount orab
place	3952976	OH	Mount Pleasant village	mount pleasant
place	3953046	OH	Mount Sterling village	mount sterling
place	3953102	OH	Mount Vernon city	mount vernon
place	3953144	OH	Mount Victory village	mount victory
place	3953186	OH	Mowrystown village	mowrystown
place	3953312	OH	Munroe Falls city	munroe falls
place	3953410	OH	Murray City village	murray
place	3953480	OH	Mutual village	mutual
place	3953550	OH	Napoleon city	napoleon
place	3953634	OH	Nashville village	nashville
place	3953690	OH	Navarre village	navarre
place	3953816	OH	Nellie village	nellie
place	3953886	OH	Nelsonville city	nelsonville
place	3953942	OH	Nevada village	nevada
place	3953956	OH	Neville village	neville
place	3953970	OH	New Albany city	new albany
place	3954012	OH	New Alexandria village	new alexandria
place	3954040	OH	Newark city	newark
place	3954068	OH	New Athens village	new athens
place	3954110	OH	New Bavaria village	new bavaria
place	3954152	OH	New Bloomington village	new bloomington
place	3954166	OH	New Boston village	new boston
place	3954194	OH	New Bremen village	new bremen
place	3954250	OH	Newburgh Heights village	newburgh heights
place	3954334	OH	New Carlisle city	new carlisle
place	3954432	OH	Newcomerstown village	newcomerstown
place	3954446	OH	New Concord village	new concord
place	3954562	OH	New Franklin city	new franklin
place	3954726	OH	New Holland village	new holland
place	3954838	OH	New Knoxville village	new knoxville
place	3954852	OH	New Lebanon village	new lebanon
place	3954866	OH	New Lexington village	new lexington
place	3954908	OH	New London village	new london
place	3954978	OH	New Madison village	new madison
place	3955104	OH	New Miami village	new miami
place	3955118	OH	New Middletown village	new middletown
place	3955188	OH	New Paris village	new paris
place	3955216	OH	New Philadelphia city	new philadelphia
place	3955384	OH	New Richmond village	new richmond
place	3955398	OH	New Riegel village	new riegel
place	3955552	OH	New Straitsville village	new straitsville
place	3955650	OH	Newton Falls village	newton falls
place	3955678	OH	Newtown village	newtown
place	3955748	OH	New Vienna village	new vienna
place	3955776	OH	New Washington village	new washington
place	3955790	OH	New Waterford village	new waterford
place	3955818	OH	New Weston village	new weston
place	3955874	OH	Ney village	ney
place	3955916	OH	Niles city	niles
place	3956154	OH	North Baltimore village	north baltimore
place	3956182	OH	North Bend village	north bend
place	3956294	OH	North Canton city	north canton
place	3956322	OH	North College Hill city	north college hill
place	3956420	OH	North Fairfield village	north fairfield
place	3956448	OH	Northfield village	northfield
place	3956588	OH	North Hampton village	north hampton
place	3956700	OH	North Kingsville village	north kingsville
place	3956770	OH	North Lewisburg village	north lewisburg
place	3956882	OH	North Olmsted city	north olmsted
place	3956910	OH	North Perry village	north perry
place	3956924	OH	North Randall village	north randall
place	3956966	OH	North Ridgeville city	north ridgeville
place	3956994	OH	North Robinson village	north robinson
place	3957008	OH	North Royalton city	north royalton
place	3957064	OH	North Star village	north star
place	3957190	OH	Northwood city	northwood
place	3957260	OH	Norton city	norton
place	3957302	OH	Norwalk city	norwalk
place	3957372	OH	Norwich village	norwich
place	3957386	OH	Norwood city	norwood
place	3957582	OH	Oak Harbor village	oak harbor
place	3957596	OH	Oak Hill village	oak hill
place	3957750	OH	Oakwood village	oakwood
place	3957764	OH	Oakwood city	oakwood
place	3957792	OH	Oakwood village	oakwood
place	3957834	OH	Oberlin city	oberlin
place	3957862	OH	Obetz city	obetz
place	3957918	OH	Octa village	octa
place	3958002	OH	Ohio City village	ohio
place	3958226	OH	Old Washington village	old washington
place	3958422	OH	Olmsted Falls city	olmsted falls
place	3958520	OH	Ontario city	ontario
place	3958604	OH	Orange village	orange
place	3958674	OH	Orangeville village	orangeville
place	3958730	OH	Oregon city	oregon
place	3958828	OH	Orrville city	orrville
place	3958856	OH	Orwell village	orwell
place	3958912	OH	Osgood village	osgood
place	3958940	OH	Ostrander village	ostrander
place	3958982	OH	Ottawa village	ottawa
place	3959010	OH	Ottawa Hills village	ottawa hills
place	3959052	OH	Ottoville village	ottoville
place	3959066	OH	Otway village	otway
place	3959220	OH	Owensville village	owensville
place	3959234	OH	Oxford city	oxford
place	3959416	OH	Painesville city	painesville
place	3959598	OH	Palestine village	palestine
place	3959738	OH	Pandora village	pandora
place	3961000	OH	Parma city	parma
place	3961028	OH	Parma Heights city	parma heights
place	3961056	OH	Parral village	parral
place	3961112	OH	Pataskala city	pataskala
place	3961182	OH	Patterson village	patterson
place	3961252	OH	Paulding village	paulding
place	3961322	OH	Payne village	payne
place	3961420	OH	Peebles village	peebles
place	3961504	OH	Pemberville village	pemberville
place	3961574	OH	Peninsula village	peninsula
place	3961686	OH	Pepper Pike city	pepper pike
place	3961882	OH	Perry village	perry
place	3962148	OH	Perrysburg city	perrysburg
place	3962190	OH	Perrysville village	perrysville
place	3962414	OH	Phillipsburg village	phillipsburg
place	3962442	OH	Philo village	philo
place	3962498	OH	Pickerington city	pickerington
place	3962708	OH	Piketon village	piketon
place	3962834	OH	Pioneer village	pioneer
place	3962848	OH	Piqua city	piqua
place	3962890	OH	Pitsburg village	pitsburg
place	3963030	OH	Plain City village	plain
place	3963044	OH	Plainfield village	plainfield
place	3963436	OH	Pleasant City village	pleasant
place	3963534	OH	Pleasant Hill village	pleasant hill
place	3963576	OH	Pleasant Plain village	pleasant plain
place	3963716	OH	Pleasantville village	pleasantville
place	3963800	OH	Plymouth village	plymouth
place	3963954	OH	Poland village	poland
place	3963996	OH	Polk village	polk
place	3964024	OH	Pomeroy village	pomeroy
place	3964108	OH	Portage village	portage
place	3964150	OH	Port Clinton city	port clinton
place	3964262	OH	Port Jefferson village	port jefferson
place	3964304	OH	Portsmouth city	portsmouth
place	3964346	OH	Port Washington village	port washington
place	3964360	OH	Port William village	port william
place	3964430	OH	Potsdam village	potsdam
place	3964486	OH	Powell city	powell
place	3964542	OH	Powhatan Point village	powhatan point
place	3964766	OH	Proctorville village	proctorville
place	3964780	OH	Prospect village	prospect
place	3965032	OH	Put-in-Bay village	put in bay
place	3965116	OH	Quaker City village	quaker
place	3965200	OH	Quincy village	quincy
place	3965256	OH	Racine village	racine
place	3965508	OH	Rarden village	rarden
place	3965592	OH	Ravenna city	ravenna
place	3965634	OH	Rawson village	rawson
place	3965662	OH	Rayland village	rayland
place	3965732	OH	Reading city	reading
place	3966152	OH	Reminderville city	reminderville
place	3966222	OH	Rendville village	rendville
place	3966320	OH	Republic village	republic
place	3966390	OH	Reynoldsburg city	reynoldsburg
place	3966530	OH	Richfield village	richfield
place	3966824	OH	Richmond village	richmond
place	3966894	OH	Richmond Heights city	richmond heights
place	3966936	OH	Richwood village	richwood
place	3967118	OH	Ridgeway village	ridgeway
place	3967258	OH	Rio Grande village	rio grande
place	3967272	OH	Ripley village	ripley
place	3967314	OH	Risingsun village	risingsun
place	3967356	OH	Rittman city	rittman
place	3967440	OH	Riverlea village	riverlea
place	3967468	OH	Riverside city	riverside
place	3967600	OH	Roaming Shores village	roaming shores
place	3967762	OH	Rochester village	rochester
place	3967846	OH	Rock Creek village	rock creek
place	3967874	OH	Rockford village	rockford
place	3968042	OH	Rocky Ridge village	rocky ridge
place	3968056	OH	Rocky River city	rocky river
place	3968084	OH	Rogers village	rogers
place	3968560	OH	Roseville village	roseville
place	3968672	OH	Rossburg village	rossburg
place	3968686	OH	Rossford city	rossford
place	3968742	OH	Roswell village	roswell
place	3969176	OH	Rushsylvania village	rushsylvania
place	3969204	OH	Rushville village	rushville
place	3969302	OH	Russells Point village	russells point
place	3969316	OH	Russellville village	russellville
place	3969344	OH	Russia village	russia
place	3969358	OH	Rutland village	rutland
place	3969400	OH	Sabina village	sabina
place	3969470	OH	St. Bernard village	st bernard
place	3969526	OH	St. Clairsville city	st clairsville
place	3969540	OH	St. Henry village	st henry
place	3969652	OH	St. Louisville village	st louisville
place	3969680	OH	St. Marys city	st marys
place	3969708	OH	St. Paris village	st paris
place	3969834	OH	Salem city	salem
place	3970100	OH	Salineville village	salineville
place	3970380	OH	Sandusky city	sandusky
place	3970520	OH	Sarahsville village	sarahsville
place	3970534	OH	Sardinia village	sardinia
place	3970576	OH	Savannah village	savannah
place	3970814	OH	Scio village	scio
place	3971080	OH	Scott village	scott
place	3971206	OH	Seaman village	seaman
place	3971220	OH	Sebring village	sebring
place	3971360	OH	Senecaville village	senecaville
place	3971416	OH	Seven Hills city	seven hills
place	3971444	OH	Seven Mile village	seven mile
place	3971486	OH	Seville village	seville
place	3971640	OH	Shadyside village	shadyside
place	3971682	OH	Shaker Heights city	shaker heights
place	3971892	OH	Sharonville city	sharonville
place	3971962	OH	Shawnee village	shawnee
place	3971976	OH	Shawnee Hills village	shawnee hills
place	3972060	OH	Sheffield village	sheffield
place	3972088	OH	Sheffield Lake city	sheffield lake
place	3972102	OH	Shelby city	shelby
place	3972242	OH	Sherrodsville village	sherrodsville
place	3972256	OH	Sherwood village	sherwood
place	3972298	OH	Shiloh village	shiloh
place	3972396	OH	Shreve village	shreve
place	3972424	OH	Sidney city	sidney
place	3972494	OH	Silver Lake village	silver lake
place	3972522	OH	Silverton village	silverton
place	3972578	OH	Sinking Spring village	sinking spring
place	3972788	OH	Smithville village	smithville
place	3972928	OH	Solon city	solon
place	3972977	OH	Somerset village	somerset
place	3973040	OH	South Amherst village	south amherst
place	3973068	OH	South Bloomfield village	south bloomfield
place	3973124	OH	South Charleston village	south charleston
place	3973264	OH	South Euclid city	south euclid
place	3973446	OH	South Lebanon village	south lebanon
place	3973670	OH	South Point village	south point
place	3973684	OH	South Russell village	south russell
place	3973698	OH	South Salem village	south salem
place	3973768	OH	South Solon village	south solon
place	3973796	OH	South Vienna village	south vienna
place	3973824	OH	South Webster village	south webster
place	3973894	OH	South Zanesville village	south zanesville
place	3973950	OH	Sparta village	sparta
place	3973992	OH	Spencer village	spencer
place	3974034	OH	Spencerville village	spencerville
place	3974076	OH	Springboro city	springboro
place	3974104	OH	Springdale city	springdale
place	3974118	OH	Springfield city	springfield
place	3974216	OH	Spring Valley village	spring valley
place	3974300	OH	Stafford village	stafford
place	3974608	OH	Steubenville city	steubenville
place	3974748	OH	Stockport village	stockport
place	3974804	OH	Stone Creek village	stone creek
place	3974916	OH	Stoutsville village	stoutsville
place	3974944	OH	Stow city	stow
place	3974958	OH	Strasburg village	strasburg
place	3975000	OH	Stratton village	stratton
place	3975014	OH	Streetsboro city	streetsboro
place	3975098	OH	Strongsville city	strongsville
place	3975126	OH	Struthers city	struthers
place	3975140	OH	Stryker village	stryker
place	3975196	OH	Sugar Bush Knolls village	sugar bush knolls
place	3975210	OH	Sugarcreek village	sugarcreek
place	3975252	OH	Sugar Grove village	sugar grove
place	3975406	OH	Summerfield village	summerfield
place	3975574	OH	Summitville village	summitville
place	3975602	OH	Sunbury city	sunbury
place	3975896	OH	Swanton village	swanton
place	3975980	OH	Sycamore village	sycamore
place	3976022	OH	Sylvania city	sylvania
place	3976050	OH	Syracuse village	syracuse
place	3976106	OH	Tallmadge city	tallmadge
place	3976148	OH	Tarlton village	tarlton
place	3976428	OH	Terrace Park village	terrace park
place	3976582	OH	The Village of Indian Hill city	the village of indian hill
place	3976680	OH	Thornville village	thornville
place	3976764	OH	Thurston village	thurston
place	3976778	OH	Tiffin city	tiffin
place	3976806	OH	Tiltonsville village	tiltonsville
place	3976834	OH	Timberlake village	timberlake
place	3976876	OH	Tipp City city	tipp
place	3976932	OH	Tiro village	tiro
place	3977000	OH	Toledo city	toledo
place	3977070	OH	Tontogany village	tontogany
place	3977112	OH	Toronto city	toronto
place	3977308	OH	Tremont City village	tremont
place	3977322	OH	Trenton city	trenton
place	3977406	OH	Trimble village	trimble
place	3977504	OH	Trotwood city	trotwood
place	3977588	OH	Troy city	troy
place	3977924	OH	Tuscarawas village	tuscarawas
place	3978050	OH	Twinsburg city	twinsburg
place	3978176	OH	Uhrichsville city	uhrichsville
place	3978470	OH	Union city	union
place	3978624	OH	Union City village	union
place	3978834	OH	Unionville Center village	unionville center
place	3978932	OH	University Heights city	university heights
place	3979002	OH	Upper Arlington city	upper arlington
place	3979044	OH	Upper Sandusky city	upper sandusky
place	3979072	OH	Urbana city	urbana
place	3979100	OH	Urbancrest village	urbancrest
place	3979114	OH	Utica village	utica
place	3979226	OH	Valley Hi village	valley hi
place	3979268	OH	Valley View village	valley view
place	3979282	OH	Valleyview village	valleyview
place	3979394	OH	Van Buren village	van buren
place	3979492	OH	Vandalia city	vandalia
place	3979534	OH	Vanlue village	vanlue
place	3979562	OH	Van Wert city	van wert
place	3979632	OH	Venedocia village	venedocia
place	3979716	OH	Vermilion city	vermilion
place	3979898	OH	Verona village	verona
place	3979912	OH	Versailles village	versailles
place	3980178	OH	Vinton village	vinton
place	3980304	OH	Wadsworth city	wadsworth
place	3980402	OH	Waite Hill village	waite hill
place	3980458	OH	Wakeman village	wakeman
place	3980486	OH	Walbridge village	walbridge
place	3980500	OH	Waldo village	waldo
place	3980738	OH	Walton Hills village	walton hills
place	3980766	OH	Wapakoneta city	wapakoneta
place	3980892	OH	Warren city	warren
place	3980990	OH	Warrensville Heights city	warrensville heights
place	3981032	OH	Warsaw village	warsaw
place	3981718	OH	Washington Court House city	washington court house
place	3981732	OH	Washingtonville village	washingtonville
place	3981858	OH	Waterville city	waterville
place	3981928	OH	Wauseon city	wauseon
place	3981935	OH	Waverly village	waverly
place	3982334	OH	Wayne village	wayne
place	3982348	OH	Wayne Lakes village	wayne lakes
place	3982376	OH	Waynesburg village	waynesburg
place	3982390	OH	Waynesfield village	waynesfield
place	3982418	OH	Waynesville village	waynesville
place	3982642	OH	Wellington village	wellington
place	3982712	OH	Wellston city	wellston
place	3982740	OH	Wellsville village	wellsville
place	3982880	OH	West Alexandria village	west alexandria
place	3983090	OH	West Carrollton city	west carrollton
place	3983216	OH	West Elkton village	west elkton
place	3983342	OH	Westerville city	westerville
place	3983384	OH	West Farmington village	west farmington
place	3983468	OH	Westfield Center village	westfield center
place	3983580	OH	West Jefferson village	west jefferson
place	3983608	OH	West Lafayette village	west lafayette
place	3983622	OH	Westlake city	westlake
place	3983706	OH	West Leipsic village	west leipsic
place	3983734	OH	West Liberty village	west liberty
place	3983804	OH	West Manchester village	west manchester
place	3983818	OH	West Mansfield village	west mansfield
place	3983888	OH	West Millgrove village	west millgrove
place	3983902	OH	West Milton village	west milton
place	3983972	OH	Weston village	weston
place	3984182	OH	West Rushville village	west rushville
place	3984196	OH	West Salem village	west salem
place	3984294	OH	West Union village	west union
place	3984308	OH	West Unity village	west unity
place	3984574	OH	Wharton village	wharton
place	3984742	OH	Whitehall city	whitehall
place	3984770	OH	Whitehouse village	whitehouse
place	3985036	OH	Wickliffe city	wickliffe
place	3985190	OH	Wilkesville village	wilkesville
place	3985232	OH	Willard city	willard
place	3985288	OH	Williamsburg village	williamsburg
place	3985414	OH	Williamsport village	williamsport
place	3985484	OH	Willoughby city	willoughby
place	3985512	OH	Willoughby Hills city	willoughby hills
place	3985638	OH	Willowick city	willowick
place	3985736	OH	Willshire village	willshire
place	3985792	OH	Wilmington city	wilmington
place	3985806	OH	Wilmot village	wilmot
place	3985834	OH	Wilson village	wilson
place	3985876	OH	Winchester village	winchester
place	3985946	OH	Windham village	windham
place	3986184	OH	Wintersville village	wintersville
place	3986366	OH	Woodlawn village	woodlawn
place	3986394	OH	Woodmere village	woodmere
place	3986436	OH	Woodsfield village	woodsfield
place	3986478	OH	Woodstock village	woodstock
place	3986492	OH	Woodville village	woodville
place	3986548	OH	Wooster city	wooster
place	3986604	OH	Worthington city	worthington
place	3986632	OH	Wren village	wren
place	3986730	OH	Wyoming city	wyoming
place	3986772	OH	Xenia city	xenia
place	3986856	OH	Yankee Lake village	yankee lake
place	3986940	OH	Yellow Springs village	yellow springs
place	3987164	OH	Yorkshire village	yorkshire
place	3987178	OH	Yorkville village	yorkville
place	3988000	OH	Youngstown city	youngstown
place	3988028	OH	Zaleski village	zaleski
place	3988070	OH	Zanesfield village	zanesfield
place	3988084	OH	Zanesville city	zanesville
place	3988168	OH	Zoar village	zoar
place	4000100	OK	Achille town	achille
place	4000200	OK	Ada city	ada
place	4000250	OK	Adair town	adair
place	4000450	OK	Addington town	addington
place	4000600	OK	Afton town	afton
place	4000700	OK	Agra town	agra
place	4001050	OK	Albion town	albion
place	4001150	OK	Alderson town	alderson
place	4001250	OK	Alex town	alex
place	4001350	OK	Aline town	aline
place	4001400	OK	Allen town	allen
place	4001700	OK	Altus city	altus
place	4001800	OK	Alva city	alva
place	4001900	OK	Amber town	amber
place	4001950	OK	Ames town	ames
place	4002000	OK	Amorita town	amorita
place	4002050	OK	Anadarko city	anadarko
place	4002250	OK	Antlers city	antlers
place	4002300	OK	Apache town	apache
place	4002500	OK	Arapaho town	arapaho
place	4002550	OK	Arcadia town	arcadia
place	4002600	OK	Ardmore city	ardmore
place	4002650	OK	Arkoma town	arkoma
place	4002750	OK	Armstrong town	armstrong
place	4002800	OK	Arnett town	arnett
place	4003000	OK	Asher town	asher
place	4003050	OK	Ashland town	ashland
place	4003300	OK	Atoka city	atoka
place	4003350	OK	Atwood town	atwood
place	4003500	OK	Avant town	avant
place	4004250	OK	Barnsdall city	barnsdall
place	4004450	OK	Bartlesville city	bartlesville
place	4004700	OK	Bearden town	bearden
place	4004750	OK	Beaver town	beaver
place	4005000	OK	Beggs city	beggs
place	4005400	OK	Bennington town	bennington
place	4005550	OK	Bernice town	bernice
place	4005650	OK	Bessie town	bessie
place	4005700	OK	Bethany city	bethany
place	4005800	OK	Bethel Acres town	bethel acres
place	4005900	OK	Big Cabin town	big cabin
place	4006100	OK	Billings town	billings
place	4006200	OK	Binger town	binger
place	4006400	OK	Bixby city	bixby
place	4006450	OK	Blackburn town	blackburn
place	4006600	OK	Blackwell city	blackwell
place	4006650	OK	Blair town	blair
place	4006700	OK	Blanchard city	blanchard
place	4006950	OK	Bluejacket town	bluejacket
place	4007300	OK	Boise City city	boise
place	4007350	OK	Bokchito town	bokchito
place	4007450	OK	Bokoshe town	bokoshe
place	4007500	OK	Boley town	boley
place	4007750	OK	Boswell town	boswell
place	4007950	OK	Bowlegs town	bowlegs
place	4008150	OK	Boynton town	boynton
place	4008300	OK	Bradley town	bradley
place	4008400	OK	Braggs town	braggs
place	4008450	OK	Braman town	braman
place	4008550	OK	Bray town	bray
place	4008600	OK	Breckenridge town	breckenridge
place	4008725	OK	Bridge Creek town	bridge creek
place	4008750	OK	Bridgeport city	bridgeport
place	4008900	OK	Bristow city	bristow
place	4009050	OK	Broken Arrow city	broken arrow
place	4009100	OK	Broken Bow city	broken bow
place	4009150	OK	Bromide town	bromide
place	4009400	OK	Brooksville town	brooksville
place	4009850	OK	Buffalo town	buffalo
place	4009950	OK	Burbank town	burbank
place	4010050	OK	Burlington town	burlington
place	4010250	OK	Burns Flat town	burns flat
place	4010450	OK	Butler town	butler
place	4010550	OK	Byars town	byars
place	4010600	OK	Byng town	byng
place	4010650	OK	Byron town	byron
place	4010700	OK	Cache city	cache
place	4010800	OK	Caddo town	caddo
place	4010950	OK	Calera town	calera
place	4011050	OK	Calumet town	calumet
place	4011100	OK	Calvin town	calvin
place	4011150	OK	Camargo town	camargo
place	4011300	OK	Cameron town	cameron
place	4011450	OK	Canadian town	canadian
place	4011550	OK	Caney town	caney
place	4011600	OK	Canton town	canton
place	4011650	OK	Canute town	canute
place	4011750	OK	Capron town	capron
place	4011990	OK	Carlton Landing town	carlton landing
place	4012000	OK	Carmen town	carmen
place	4012050	OK	Carnegie town	carnegie
place	4012100	OK	Carney town	carney
place	4012200	OK	Carrier town	carrier
place	4012300	OK	Carter town	carter
place	4012650	OK	Cashion town	cashion
place	4012750	OK	Castle town	castle
place	4012900	OK	Catoosa city	catoosa
place	4012960	OK	Cedar Valley city	cedar valley
place	4013000	OK	Cement town	cement
place	4013100	OK	Centrahoma city	centrahoma
place	4013135	OK	Central High town	central high
place	4013500	OK	Chandler city	chandler
place	4013600	OK	Chattanooga town	chattanooga
place	4013650	OK	Checotah city	checotah
place	4013700	OK	Chelsea town	chelsea
place	4013750	OK	Cherokee city	cherokee
place	4013900	OK	Cheyenne town	cheyenne
place	4013950	OK	Chickasha city	chickasha
place	4014200	OK	Choctaw city	choctaw
place	4014300	OK	Chouteau town	chouteau
place	4014500	OK	Cimarron City town	cimarron
place	4014700	OK	Claremore city	claremore
place	4014900	OK	Clayton town	clayton
place	4015050	OK	Clearview town	clearview
place	4015300	OK	Cleo Springs town	cleo springs
place	4015350	OK	Cleveland city	cleveland
place	4015400	OK	Clinton city	clinton
place	4015800	OK	Coalgate city	coalgate
place	4016050	OK	Colbert town	colbert
place	4016100	OK	Colcord town	colcord
place	4016200	OK	Cole town	cole
place	4016350	OK	Collinsville city	collinsville
place	4016400	OK	Colony town	colony
place	4016450	OK	Comanche city	comanche
place	4016500	OK	Commerce city	commerce
place	4017050	OK	Cooperton town	cooperton
place	4017100	OK	Copan town	copan
place	4017300	OK	Corn town	corn
place	4017350	OK	Cornish town	cornish
place	4017550	OK	Council Hill town	council hill
place	4017700	OK	Covington town	covington
place	4017800	OK	Coweta city	coweta
place	4017850	OK	Cowlington town	cowlington
place	4017950	OK	Coyle town	coyle
place	4018250	OK	Crescent city	crescent
place	4018450	OK	Cromwell town	cromwell
place	4018550	OK	Crowder town	crowder
place	4018850	OK	Cushing city	cushing
place	4018950	OK	Custer City town	custer
place	4019000	OK	Cyril town	cyril
place	4019050	OK	Dacoma town	dacoma
place	4019350	OK	Davenport town	davenport
place	4019400	OK	Davidson town	davidson
place	4019450	OK	Davis city	davis
place	4019650	OK	Deer Creek town	deer creek
place	4019850	OK	Delaware town	delaware
place	4019900	OK	Del City city	del
place	4020300	OK	Depew town	depew
place	4020450	OK	Devol town	devol
place	4020500	OK	Dewar town	dewar
place	4020550	OK	Dewey city	dewey
place	4020650	OK	Dibble town	dibble
place	4020700	OK	Dickson town	dickson
place	4020850	OK	Dill City town	dill
place	4020900	OK	Disney town	disney
place	4021200	OK	Dougherty town	dougherty
place	4021250	OK	Douglas town	douglas
place	4021350	OK	Dover town	dover
place	4021700	OK	Drummond town	drummond
place	4021750	OK	Drumright city	drumright
place	4021900	OK	Duncan city	duncan
place	4022050	OK	Durant city	durant
place	4022200	OK	Dustin town	dustin
place	4022400	OK	Eakly town	eakly
place	4022500	OK	Earlsboro town	earlsboro
place	4022550	OK	East Duke town	east duke
place	4023200	OK	Edmond city	edmond
place	4023350	OK	Eldorado town	eldorado
place	4023450	OK	Elgin city	elgin
place	4023500	OK	Elk City city	elk
place	4023550	OK	Elmer town	elmer
place	4023600	OK	Elmore City town	elmore
place	4023700	OK	El Reno city	el reno
place	4023900	OK	Empire City town	empire
place	4023950	OK	Enid city	enid
place	4024200	OK	Erick city	erick
place	4024300	OK	Erin Springs town	erin springs
place	4024460	OK	Etowah town	etowah
place	4024650	OK	Eufaula city	eufaula
place	4024850	OK	Fairfax town	fairfax
place	4024900	OK	Fairland town	fairland
place	4024950	OK	Fairmont town	fairmont
place	4025000	OK	Fair Oaks town	fair oaks
place	4025100	OK	Fairview city	fairview
place	4025250	OK	Fallis town	fallis
place	4025400	OK	Fanshawe town	fanshawe
place	4025450	OK	Fargo town	fargo
place	4025650	OK	Faxon town	faxon
place	4026250	OK	Fitzhugh town	fitzhugh
place	4026350	OK	Fletcher town	fletcher
place	4026750	OK	Foraker town	foraker
place	4026850	OK	Forest Park town	forest park
place	4026900	OK	Forgan town	forgan
place	4027100	OK	Fort Cobb town	fort cobb
place	4027150	OK	Fort Coffee town	fort coffee
place	4027200	OK	Fort Gibson town	fort gibson
place	4027350	OK	Fort Supply town	fort supply
place	4027400	OK	Fort Towson town	fort towson
place	4027450	OK	Foss town	foss
place	4027500	OK	Foster town	foster
place	4027600	OK	Foyil town	foyil
place	4027650	OK	Francis town	francis
place	4027800	OK	Frederick city	frederick
place	4027850	OK	Freedom town	freedom
place	4027900	OK	Friendship town	friendship
place	4028250	OK	Gage town	gage
place	4028350	OK	Gans town	gans
place	4028500	OK	Garber city	garber
place	4028700	OK	Garvin town	garvin
place	4028800	OK	Gate town	gate
place	4028900	OK	Geary city	geary
place	4028950	OK	Gene Autry town	gene autry
place	4029100	OK	Geronimo town	geronimo
place	4029150	OK	Gerty town	gerty
place	4029400	OK	Glencoe town	glencoe
place	4029600	OK	Glenpool city	glenpool
place	4029850	OK	Goldsby town	goldsby
place	4029900	OK	Goltry town	goltry
place	4030200	OK	Goodwell town	goodwell
place	4030300	OK	Gore town	gore
place	4030350	OK	Gotebo town	gotebo
place	4030400	OK	Gould town	gould
place	4030600	OK	Gracemont town	gracemont
place	4030750	OK	Grainola town	grainola
place	4030850	OK	Grandfield city	grandfield
place	4030900	OK	Grand Lake Towne town	grand lake towne
place	4030950	OK	Granite town	granite
place	4031150	OK	Grayson town	grayson
place	4031250	OK	Greenfield town	greenfield
place	4031600	OK	Grove city	grove
place	4031700	OK	Guthrie city	guthrie
place	4031750	OK	Guymon city	guymon
place	4031900	OK	Haileyville city	haileyville
place	4032050	OK	Hallett town	hallett
place	4032250	OK	Hammon town	hammon
place	4032350	OK	Hanna town	hanna
place	4032550	OK	Hardesty town	hardesty
place	4032750	OK	Harrah city	harrah
place	4032850	OK	Hartshorne city	hartshorne
place	4032900	OK	Haskell town	haskell
place	4033000	OK	Hastings town	hastings
place	4033150	OK	Haworth town	haworth
place	4033300	OK	Headrick town	headrick
place	4033350	OK	Healdton city	healdton
place	4033400	OK	Heavener city	heavener
place	4033450	OK	Helena town	helena
place	4033600	OK	Hendrix town	hendrix
place	4033700	OK	Hennessey town	hennessey
place	4033750	OK	Henryetta city	henryetta
place	4034150	OK	Hickory town	hickory
place	4034650	OK	Hillsdale town	hillsdale
place	4034750	OK	Hinton town	hinton
place	4034850	OK	Hitchcock town	hitchcock
place	4034900	OK	Hitchita town	hitchita
place	4035000	OK	Hobart city	hobart
place	4035030	OK	Hochatown town	hochatown
place	4035300	OK	Hoffman town	hoffman
place	4035400	OK	Holdenville city	holdenville
place	4035500	OK	Hollis city	hollis
place	4035550	OK	Hollister town	hollister
place	4035850	OK	Hominy city	hominy
place	4036000	OK	Hooker city	hooker
place	4036020	OK	Hoot Owl town	hoot owl
place	4036090	OK	Horntown town	horntown
place	4036150	OK	Howe town	howe
place	4036300	OK	Hugo city	hugo
place	4036400	OK	Hulbert town	hulbert
place	4036600	OK	Hunter town	hunter
place	4036700	OK	Hydro town	hydro
place	4036750	OK	Idabel city	idabel
place	4036850	OK	Indiahoma town	indiahoma
place	4036950	OK	Indianola town	indianola
place	4037100	OK	Inola town	inola
place	4037410	OK	IXL town	ixl
place	4037650	OK	Jay city	jay
place	4037750	OK	Jefferson town	jefferson
place	4037800	OK	Jenks city	jenks
place	4037850	OK	Jennings town	jennings
place	4038000	OK	Jet town	jet
place	4038200	OK	Johnson town	johnson
place	4038350	OK	Jones town	jones
place	4038600	OK	Kansas town	kansas
place	4038700	OK	Katie town	katie
place	4038800	OK	Kaw City city	kaw
place	4039000	OK	Kellyville town	kellyville
place	4039050	OK	Kemp town	kemp
place	4039150	OK	Kendrick town	kendrick
place	4039200	OK	Kenefic town	kenefic
place	4039500	OK	Keota town	keota
place	4039550	OK	Ketchum town	ketchum
place	4039600	OK	Keyes town	keyes
place	4039750	OK	Kiefer town	kiefer
place	4039800	OK	Kildare town	kildare
place	4039850	OK	Kingfisher city	kingfisher
place	4039900	OK	Kingston town	kingston
place	4039950	OK	Kinta town	kinta
place	4040000	OK	Kiowa town	kiowa
place	4040100	OK	Knowles town	knowles
place	4040200	OK	Konawa city	konawa
place	4040300	OK	Krebs city	krebs
place	4040400	OK	Kremlin town	kremlin
place	4040700	OK	Lahoma town	lahoma
place	4040800	OK	Lake Aluma town	lake aluma
place	4041250	OK	Lamar town	lamar
place	4041300	OK	Lambert town	lambert
place	4041350	OK	Lamont town	lamont
place	4041500	OK	Langley town	langley
place	4041550	OK	Langston town	langston
place	4041700	OK	Laverne town	laverne
place	4041760	OK	Lawrence Creek town	lawrence creek
place	4041850	OK	Lawton city	lawton
place	4042050	OK	Leedey town	leedey
place	4042150	OK	Le Flore town	le flore
place	4042200	OK	Lehigh city	lehigh
place	4042300	OK	Lenapah town	lenapah
place	4042450	OK	Leon town	leon
place	4042700	OK	Lexington city	lexington
place	4042860	OK	Liberty town	liberty
place	4043000	OK	Lima town	lima
place	4043150	OK	Lindsay city	lindsay
place	4043450	OK	Loco town	loco
place	4043500	OK	Locust Grove town	locust grove
place	4043725	OK	Lone Chimney town	lone chimney
place	4043750	OK	Lone Grove city	lone grove
place	4043850	OK	Lone Wolf town	lone wolf
place	4043950	OK	Longdale town	longdale
place	4044000	OK	Lookeba town	lookeba
place	4044100	OK	Lotsee town	lotsee
place	4044150	OK	Loveland town	loveland
place	4044300	OK	Loyal town	loyal
place	4044500	OK	Luther town	luther
place	4044800	OK	McAlester city	mcalester
place	4044950	OK	McCurtain town	mccurtain
place	4045350	OK	McLoud city	mcloud
place	4045500	OK	Macomb town	macomb
place	4045750	OK	Madill city	madill
place	4046000	OK	Manchester town	manchester
place	4046050	OK	Mangum city	mangum
place	4046150	OK	Manitou town	manitou
place	4046200	OK	Mannford town	mannford
place	4046300	OK	Mannsville town	mannsville
place	4046400	OK	Maramec town	maramec
place	4046450	OK	Marble City town	marble
place	4046500	OK	Marietta city	marietta
place	4046550	OK	Marland town	marland
place	4046600	OK	Marlow city	marlow
place	4046650	OK	Marshall town	marshall
place	4046700	OK	Martha town	martha
place	4046900	OK	Maud city	maud
place	4047000	OK	May town	may
place	4047150	OK	Maysville town	maysville
place	4047250	OK	Mead town	mead
place	4047300	OK	Medford city	medford
place	4047350	OK	Medicine Park town	medicine park
place	4047450	OK	Meeker town	meeker
place	4047750	OK	Meno town	meno
place	4047800	OK	Meridian town	meridian
place	4048000	OK	Miami city	miami
place	4048350	OK	Midwest City city	midwest
place	4048400	OK	Milburn town	milburn
place	4048500	OK	Mill Creek town	mill creek
place	4048600	OK	Millerton town	millerton
place	4048750	OK	Minco city	minco
place	4049000	OK	Moffett town	moffett
place	4049200	OK	Moore city	moore
place	4049250	OK	Mooreland town	mooreland
place	4049400	OK	Morris city	morris
place	4049450	OK	Morrison town	morrison
place	4049550	OK	Mounds town	mounds
place	4049600	OK	Mountain Park town	mountain park
place	4049650	OK	Mountain View town	mountain view
place	4049850	OK	Muldrow town	muldrow
place	4049860	OK	Mule Barn town	mule barn
place	4049900	OK	Mulhall town	mulhall
place	4050050	OK	Muskogee city	muskogee
place	4050100	OK	Mustang city	mustang
place	4050150	OK	Mutual town	mutual
place	4050300	OK	Nash town	nash
place	4051050	OK	New Alluwe town	new alluwe
place	4051150	OK	Newcastle city	newcastle
place	4051250	OK	New Cordell city	new cordell
place	4051300	OK	Newkirk city	newkirk
place	4051750	OK	New Woodville town	new woodville
place	4051800	OK	Nichols Hills city	nichols hills
place	4051850	OK	Nicoma Park city	nicoma park
place	4052100	OK	Ninnekah town	ninnekah
place	4052150	OK	Noble city	noble
place	4052450	OK	Norge town	norge
place	4052500	OK	Norman city	norman
place	4052600	OK	North Enid town	north enid
place	4052700	OK	North Miami town	north miami
place	4052900	OK	Nowata city	nowata
place	4053210	OK	Oak Grove town	oak grove
place	4053400	OK	Oakland town	oakland
place	4053550	OK	Oaks town	oaks
place	4053600	OK	Oakwood town	oakwood
place	4053700	OK	Ochelata town	ochelata
place	4054000	OK	Oilton city	oilton
place	4054050	OK	Okarche town	okarche
place	4054100	OK	Okay town	okay
place	4054150	OK	Okeene town	okeene
place	4054200	OK	Okemah city	okemah
place	4055000	OK	Oklahoma City city	oklahoma
place	4055150	OK	Okmulgee city	okmulgee
place	4055200	OK	Oktaha town	oktaha
place	4055450	OK	Olustee town	olustee
place	4055750	OK	Oologah town	oologah
place	4055850	OK	Optima town	optima
place	4056050	OK	Orlando town	orlando
place	4056150	OK	Osage town	osage
place	4056650	OK	Owasso city	owasso
place	4056800	OK	Paden town	paden
place	4056900	OK	Panama town	panama
place	4057100	OK	Paoli town	paoli
place	4057150	OK	Paradise Hill town	paradise hill
place	4057550	OK	Pauls Valley city	pauls valley
place	4057600	OK	Pawhuska city	pawhuska
place	4057650	OK	Pawnee city	pawnee
place	4058050	OK	Pensacola town	pensacola
place	4058100	OK	Peoria town	peoria
place	4058150	OK	Perkins city	perkins
place	4058250	OK	Perry city	perry
place	4058500	OK	Phillips town	phillips
place	4058700	OK	Piedmont city	piedmont
place	4059150	OK	Pink town	pink
place	4059350	OK	Pittsburg town	pittsburg
place	4059700	OK	Pocasset town	pocasset
place	4059750	OK	Pocola town	pocola
place	4059850	OK	Ponca City city	ponca
place	4059950	OK	Pond Creek city	pond creek
place	4060150	OK	Porter town	porter
place	4060250	OK	Porum town	porum
place	4060350	OK	Poteau city	poteau
place	4060500	OK	Prague city	prague
place	4060850	OK	Prue town	prue
place	4061000	OK	Pryor Creek city	pryor creek
place	4061150	OK	Purcell city	purcell
place	4061250	OK	Putnam town	putnam
place	4061400	OK	Quapaw town	quapaw
place	4061550	OK	Quinton town	quinton
place	4061650	OK	Ralston town	ralston
place	4061700	OK	Ramona town	ramona
place	4061850	OK	Randlett town	randlett
place	4061900	OK	Ratliff City town	ratliff
place	4061950	OK	Rattan town	rattan
place	4062000	OK	Ravia town	ravia
place	4062200	OK	Redbird town	redbird
place	4062550	OK	Red Oak town	red oak
place	4062650	OK	Red Rock town	red rock
place	4062900	OK	Renfrow town	renfrow
place	4062950	OK	Rentiesville town	rentiesville
place	4063100	OK	Reydon town	reydon
place	4063350	OK	Ringling town	ringling
place	4063450	OK	Ringwood town	ringwood
place	4063500	OK	Ripley town	ripley
place	4063600	OK	Rock Island town	rock island
place	4063700	OK	Rocky town	rocky
place	4063750	OK	Roff town	roff
place	4063800	OK	Roland town	roland
place	4063900	OK	Roosevelt town	roosevelt
place	4064000	OK	Rosedale town	rosedale
place	4064050	OK	Rosston town	rosston
place	4064300	OK	Rush Springs town	rush springs
place	4064600	OK	Ryan town	ryan
place	4064850	OK	St. Louis town	st louis
place	4064950	OK	Salina town	salina
place	4065000	OK	Sallisaw city	sallisaw
place	4065300	OK	Sand Springs city	sand springs
place	4065400	OK	Sapulpa city	sapulpa
place	4065500	OK	Sasakwa town	sasakwa
place	4065600	OK	Savanna town	savanna
place	4065650	OK	Sawyer town	sawyer
place	4065700	OK	Sayre city	sayre
place	4065900	OK	Schulter town	schulter
place	4066250	OK	Seiling city	seiling
place	4066350	OK	Seminole city	seminole
place	4066400	OK	Sentinel town	sentinel
place	4066550	OK	Shady Point town	shady point
place	4066600	OK	Shamrock town	shamrock
place	4066650	OK	Sharon town	sharon
place	4066750	OK	Shattuck town	shattuck
place	4066800	OK	Shawnee city	shawnee
place	4067200	OK	Shidler city	shidler
place	4067550	OK	Silo town	silo
place	4067800	OK	Skedee town	skedee
place	4067850	OK	Skiatook city	skiatook
place	4067950	OK	Slaughterville town	slaughterville
place	4068000	OK	Slick town	slick
place	4068200	OK	Smith Village town	smith
place	4068250	OK	Smithville town	smithville
place	4068400	OK	Snyder city	snyder
place	4068500	OK	Soper town	soper
place	4068600	OK	South Coffeyville town	south coffeyville
place	4068950	OK	Sparks town	sparks
place	4069000	OK	Spaulding town	spaulding
place	4069050	OK	Spavinaw town	spavinaw
place	4069200	OK	Spencer city	spencer
place	4069300	OK	Sperry town	sperry
place	4069350	OK	Spiro town	spiro
place	4069400	OK	Sportsmen Acres town	sportsmen acres
place	4069500	OK	Springer town	springer
place	4070150	OK	Sterling town	sterling
place	4070200	OK	Stidham town	stidham
place	4070250	OK	Stigler city	stigler
place	4070300	OK	Stillwater city	stillwater
place	4070350	OK	Stilwell city	stilwell
place	4070500	OK	Stonewall town	stonewall
place	4070750	OK	Strang town	strang
place	4070800	OK	Stratford town	stratford
place	4070850	OK	Stringtown town	stringtown
place	4070950	OK	Strong City town	strong
place	4071000	OK	Stroud city	stroud
place	4071050	OK	Stuart town	stuart
place	4071250	OK	Sugden town	sugden
place	4071350	OK	Sulphur city	sulphur
place	4071450	OK	Summit town	summit
place	4071900	OK	Sweetwater town	sweetwater
place	4072050	OK	Taft town	taft
place	4072100	OK	Tahlequah city	tahlequah
place	4072200	OK	Talala town	talala
place	4072250	OK	Talihina town	talihina
place	4072350	OK	Taloga town	taloga
place	4072400	OK	Tamaha town	tamaha
place	4072500	OK	Tatums town	tatums
place	4072650	OK	Tecumseh city	tecumseh
place	4072750	OK	Temple town	temple
place	4072850	OK	Terlton town	terlton
place	4072900	OK	Terral town	terral
place	4073100	OK	Texhoma town	texhoma
place	4073150	OK	Texola town	texola
place	4073200	OK	Thackerville town	thackerville
place	4073250	OK	The Village city	the
place	4073450	OK	Thomas city	thomas
place	4073850	OK	Tipton town	tipton
place	4073900	OK	Tishomingo city	tishomingo
place	4074150	OK	Tonkawa city	tonkawa
place	4074400	OK	Tribbey town	tribbey
place	4074550	OK	Tryon town	tryon
place	4074650	OK	Tullahassee town	tullahassee
place	4075000	OK	Tulsa city	tulsa
place	4075050	OK	Tupelo city	tupelo
place	4075250	OK	Tushka town	tushka
place	4075450	OK	Tuttle city	tuttle
place	4075750	OK	Tyrone town	tyrone
place	4075950	OK	Union City town	union
place	4076500	OK	Valley Brook town	valley brook
place	4076600	OK	Valley Park town	valley park
place	4076650	OK	Valliant town	valliant
place	4076900	OK	Velma town	velma
place	4076950	OK	Vera town	vera
place	4077000	OK	Verden town	verden
place	4077050	OK	Verdigris town	verdigris
place	4077150	OK	Vernon town	vernon
place	4077250	OK	Vian town	vian
place	4077300	OK	Vici town	vici
place	4077550	OK	Vinita city	vinita
place	4077850	OK	Wagoner city	wagoner
place	4077900	OK	Wainwright town	wainwright
place	4077950	OK	Wakita town	wakita
place	4078150	OK	Walters city	walters
place	4078200	OK	Wanette town	wanette
place	4078250	OK	Wann town	wann
place	4078300	OK	Wapanucka town	wapanucka
place	4078400	OK	Warner town	warner
place	4078500	OK	Warr Acres city	warr acres
place	4078650	OK	Warwick town	warwick
place	4078700	OK	Washington town	washington
place	4078950	OK	Watonga city	watonga
place	4079100	OK	Watts town	watts
place	4079200	OK	Waukomis town	waukomis
place	4079250	OK	Waurika city	waurika
place	4079300	OK	Wayne town	wayne
place	4079350	OK	Waynoka city	waynoka
place	4079450	OK	Weatherford city	weatherford
place	4079600	OK	Webb City town	webb
place	4079650	OK	Webbers Falls town	webbers falls
place	4079750	OK	Welch town	welch
place	4079800	OK	Weleetka town	weleetka
place	4079900	OK	Wellston town	wellston
place	4080250	OK	Westport town	westport
place	4080350	OK	West Siloam Springs town	west siloam springs
place	4080450	OK	Westville town	westville
place	4080500	OK	Wetumka city	wetumka
place	4080550	OK	Wewoka city	wewoka
place	4080800	OK	Whitefield town	whitefield
place	4081000	OK	Wilburton city	wilburton
place	4081300	OK	Willow town	willow
place	4081500	OK	Wilson city	wilson
place	4081575	OK	Winchester town	winchester
place	4081750	OK	Wister town	wister
place	4082000	OK	Woodlawn Park town	woodlawn park
place	4082150	OK	Woodward city	woodward
place	4082200	OK	Wright City town	wright
place	4082250	OK	Wyandotte town	wyandotte
place	4082400	OK	Wynnewood city	wynnewood
place	4082450	OK	Wynona town	wynona
place	4082500	OK	Yale city	yale
place	4082650	OK	Yeager town	yeager
place	4082950	OK	Yukon city	yukon
place	4100275	OR	Adair Village city	adair
place	4100350	OR	Adams city	adams
place	4100500	OR	Adrian city	adrian
place	4101000	OR	Albany city	albany
place	4102000	OR	Amity city	amity
place	4102250	OR	Antelope city	antelope
place	4102800	OR	Arlington city	arlington
place	4103050	OR	Ashland city	ashland
place	4103150	OR	Astoria city	astoria
place	4103200	OR	Athena city	athena
place	4103250	OR	Aumsville city	aumsville
place	4103300	OR	Aurora city	aurora
place	4103650	OR	Baker City city	baker
place	4103800	OR	Bandon city	bandon
place	4103850	OR	Banks city	banks
place	4104000	OR	Barlow city	barlow
place	4104800	OR	Bay City city	bay
place	4105350	OR	Beaverton city	beaverton
place	4105800	OR	Bend city	bend
place	4107200	OR	Boardman city	boardman
place	4107300	OR	Bonanza town	bonanza
place	4108650	OR	Brookings city	brookings
place	4109050	OR	Brownsville city	brownsville
place	4109800	OR	Burns city	burns
place	4110050	OR	Butte Falls town	butte falls
place	4110750	OR	Canby city	canby
place	4110850	OR	Cannon Beach city	cannon beach
place	4110950	OR	Canyon City town	canyon
place	4111000	OR	Canyonville city	canyonville
place	4111150	OR	Carlton city	carlton
place	4111600	OR	Cascade Locks city	cascade locks
place	4111850	OR	Cave Junction city	cave junction
place	4112400	OR	Central Point city	central point
place	4113050	OR	Chiloquin city	chiloquin
place	4113750	OR	Clatskanie city	clatskanie
place	4114400	OR	Coburg city	coburg
place	4114750	OR	Columbia City city	columbia
place	4115000	OR	Condon city	condon
place	4115250	OR	Coos Bay city	coos bay
place	4115350	OR	Coquille city	coquille
place	4115550	OR	Cornelius city	cornelius
place	4115800	OR	Corvallis city	corvallis
place	4115950	OR	Cottage Grove city	cottage grove
place	4116250	OR	Cove city	cove
place	4116950	OR	Creswell city	creswell
place	4117300	OR	Culver city	culver
place	4117700	OR	Dallas city	dallas
place	4118250	OR	Dayton city	dayton
place	4118300	OR	Dayville town	dayville
place	4118850	OR	Depoe Bay city	depoe bay
place	4119100	OR	Detroit city	detroit
place	4120100	OR	Donald city	donald
place	4120500	OR	Drain city	drain
place	4120900	OR	Dufur city	dufur
place	4121050	OR	Dundee city	dundee
place	4121150	OR	Dunes City city	dunes
place	4121250	OR	Durham city	durham
place	4121550	OR	Eagle Point city	eagle point
place	4122200	OR	Echo city	echo
place	4122550	OR	Elgin city	elgin
place	4122800	OR	Elkton city	elkton
place	4123500	OR	Enterprise city	enterprise
place	4123800	OR	Estacada city	estacada
place	4123850	OR	Eugene city	eugene
place	4124250	OR	Fairview city	fairview
place	4124550	OR	Falls City city	falls
place	4126050	OR	Florence city	florence
place	4126200	OR	Forest Grove city	forest grove
place	4126650	OR	Fossil city	fossil
place	4128000	OR	Garibaldi city	garibaldi
place	4128100	OR	Gaston city	gaston
place	4128200	OR	Gates city	gates
place	4128450	OR	Gearhart city	gearhart
place	4128650	OR	Gervais city	gervais
place	4129000	OR	Gladstone city	gladstone
place	4129350	OR	Glendale city	glendale
place	4129900	OR	Gold Beach city	gold beach
place	4129950	OR	Gold Hill city	gold hill
place	4130500	OR	Granite city	granite
place	4130550	OR	Grants Pass city	grants pass
place	4130650	OR	Grass Valley city	grass valley
place	4131050	OR	Greenhorn city	greenhorn
place	4131250	OR	Gresham city	gresham
place	4131600	OR	Haines city	haines
place	4131650	OR	Halfway city	halfway
place	4131750	OR	Halsey city	halsey
place	4132050	OR	Happy Valley city	happy valley
place	4132550	OR	Harrisburg city	harrisburg
place	4133250	OR	Helix city	helix
place	4133550	OR	Heppner city	heppner
place	4133700	OR	Hermiston city	hermiston
place	4134100	OR	Hillsboro city	hillsboro
place	4134250	OR	Hines city	hines
place	4134900	OR	Hood River city	hood river
place	4135450	OR	Hubbard city	hubbard
place	4135700	OR	Huntington city	huntington
place	4135800	OR	Idanha city	idanha
place	4136050	OR	Imbler city	imbler
place	4136150	OR	Independence city	independence
place	4136400	OR	Ione city	ione
place	4136500	OR	Irrigon city	irrigon
place	4136750	OR	Island City city	island
place	4137000	OR	Jacksonville city	jacksonville
place	4137250	OR	Jefferson city	jefferson
place	4137550	OR	John Day city	john day
place	4137650	OR	Johnson City city	johnson
place	4137850	OR	Jordan Valley city	jordan valley
place	4137900	OR	Joseph city	joseph
place	4138000	OR	Junction City city	junction
place	4138500	OR	Keizer city	keizer
place	4139150	OR	King City city	king
place	4139700	OR	Klamath Falls city	klamath falls
place	4140300	OR	Lafayette city	lafayette
place	4140350	OR	La Grande city	la grande
place	4140550	OR	Lake Oswego city	lake oswego
place	4140650	OR	Lakeside city	lakeside
place	4140700	OR	Lakeview town	lakeview
place	4141050	OR	La Pine city	la pine
place	4141650	OR	Lebanon city	lebanon
place	4142200	OR	Lexington town	lexington
place	4142600	OR	Lincoln City city	lincoln
place	4143400	OR	Lonerock city	lonerock
place	4143550	OR	Long Creek city	long creek
place	4143900	OR	Lostine city	lostine
place	4144050	OR	Lowell city	lowell
place	4144300	OR	Lyons city	lyons
place	4145000	OR	McMinnville city	mcminnville
place	4145250	OR	Madras city	madras
place	4145400	OR	Malin city	malin
place	4145700	OR	Manzanita city	manzanita
place	4146500	OR	Maupin city	maupin
place	4146730	OR	Maywood Park city	maywood park
place	4147000	OR	Medford city	medford
place	4147700	OR	Merrill city	merrill
place	4147750	OR	Metolius city	metolius
place	4148150	OR	Mill City city	mill
place	4148300	OR	Millersburg city	millersburg
place	4148600	OR	Milton-Freewater city	milton freewater
place	4148650	OR	Milwaukie city	milwaukie
place	4149150	OR	Mitchell city	mitchell
place	4149450	OR	Molalla city	molalla
place	4149550	OR	Monmouth city	monmouth
place	4149600	OR	Monroe city	monroe
place	4149750	OR	Monument city	monument
place	4150000	OR	Moro city	moro
place	4150050	OR	Mosier city	mosier
place	4150150	OR	Mount Angel city	mount angel
place	4150250	OR	Mount Vernon city	mount vernon
place	4150950	OR	Myrtle Creek city	myrtle creek
place	4151050	OR	Myrtle Point city	myrtle point
place	4151700	OR	Nehalem city	nehalem
place	4152100	OR	Newberg city	newberg
place	4152450	OR	Newport city	newport
place	4153000	OR	North Bend city	north bend
place	4153150	OR	North Plains city	north plains
place	4153300	OR	North Powder city	north powder
place	4153750	OR	Nyssa city	nyssa
place	4154000	OR	Oakland city	oakland
place	4154100	OR	Oakridge city	oakridge
place	4154900	OR	Ontario city	ontario
place	4155200	OR	Oregon City city	oregon
place	4156250	OR	Paisley city	paisley
place	4157150	OR	Pendleton city	pendleton
place	4157450	OR	Philomath city	philomath
place	4157500	OR	Phoenix city	phoenix
place	4157650	OR	Pilot Rock city	pilot rock
place	4159000	OR	Portland city	portland
place	4159250	OR	Port Orford city	port orford
place	4159600	OR	Powers city	powers
place	4159650	OR	Prairie City city	prairie
place	4159750	OR	Prescott city	prescott
place	4159850	OR	Prineville city	prineville
place	4160850	OR	Rainier city	rainier
place	4161200	OR	Redmond city	redmond
place	4161300	OR	Reedsport city	reedsport
place	4161700	OR	Richland city	richland
place	4161850	OR	Riddle city	riddle
place	4162250	OR	Rivergrove city	rivergrove
place	4162900	OR	Rockaway Beach city	rockaway beach
place	4163450	OR	Rogue River city	rogue river
place	4163650	OR	Roseburg city	roseburg
place	4164200	OR	Rufus city	rufus
place	4164600	OR	St. Helens city	st helens
place	4164850	OR	St. Paul city	st paul
place	4164900	OR	Salem city	salem
place	4165250	OR	Sandy city	sandy
place	4165500	OR	Scappoose city	scappoose
place	4165650	OR	Scio city	scio
place	4165800	OR	Scotts Mills city	scotts mills
place	4165950	OR	Seaside city	seaside
place	4166200	OR	Seneca city	seneca
place	4166550	OR	Shady Cove city	shady cove
place	4166700	OR	Shaniko city	shaniko
place	4167050	OR	Sheridan city	sheridan
place	4167100	OR	Sherwood city	sherwood
place	4167500	OR	Siletz city	siletz
place	4167650	OR	Silverton city	silverton
place	4167950	OR	Sisters city	sisters
place	4168550	OR	Sodaville city	sodaville
place	4169450	OR	Spray town	spray
place	4169600	OR	Springfield city	springfield
place	4169900	OR	Stanfield city	stanfield
place	4170200	OR	Stayton city	stayton
place	4170700	OR	Sublimity city	sublimity
place	4170850	OR	Summerville town	summerville
place	4171000	OR	Sumpter city	sumpter
place	4171650	OR	Sutherlin city	sutherlin
place	4171950	OR	Sweet Home city	sweet home
place	4172500	OR	Talent city	talent
place	4172600	OR	Tangent city	tangent
place	4172950	OR	The Dalles city	the dalles
place	4173650	OR	Tigard city	tigard
place	4173700	OR	Tillamook city	tillamook
place	4174000	OR	Toledo city	toledo
place	4174850	OR	Troutdale city	troutdale
place	4174950	OR	Tualatin city	tualatin
place	4175150	OR	Turner city	turner
place	4175550	OR	Ukiah city	ukiah
place	4175650	OR	Umatilla city	umatilla
place	4175850	OR	Union city	union
place	4176250	OR	Unity city	unity
place	4176600	OR	Vale city	vale
place	4177050	OR	Veneta city	veneta
place	4177250	OR	Vernonia city	vernonia
place	4178000	OR	Waldport city	waldport
place	4178150	OR	Wallowa city	wallowa
place	4178900	OR	Warrenton city	warrenton
place	4178950	OR	Wasco city	wasco
place	4179050	OR	Waterloo town	waterloo
place	4179950	OR	Westfir city	westfir
place	4180150	OR	West Linn city	west linn
place	4180350	OR	Weston city	weston
place	4181300	OR	Wheeler city	wheeler
place	4182350	OR	Willamina city	willamina
place	4182800	OR	Wilsonville city	wilsonville
place	4183400	OR	Winston city	winston
place	4183750	OR	Woodburn city	woodburn
place	4183950	OR	Wood Village city	wood
place	4184200	OR	Yachats city	yachats
place	4184250	OR	Yamhill city	yamhill
place	4184600	OR	Yoncalla city	yoncalla
place	4200116	PA	Abbottstown borough	abbottstown
place	4200332	PA	Adamsburg borough	adamsburg
place	4200364	PA	Adamstown borough	adamstown
place	4200396	PA	Addison borough	addison
place	4200540	PA	Akron borough	akron
place	4200572	PA	Alba borough	alba
place	4200628	PA	Albion borough	albion
place	4200660	PA	Alburtis borough	alburtis
place	4200676	PA	Aldan borough	aldan
place	4200756	PA	Alexandria borough	alexandria
place	4200820	PA	Aliquippa city	aliquippa
place	4200988	PA	Allenport borough	allenport
place	4202000	PA	Allentown city	allentown
place	4202184	PA	Altoona city	altoona
place	4202264	PA	Ambler borough	ambler
place	4202288	PA	Ambridge borough	ambridge
place	4202720	PA	Apollo borough	apollo
place	4202752	PA	Applewold borough	applewold
place	4202832	PA	Archbald borough	archbald
place	4202928	PA	Arendtsville borough	arendtsville
place	4203032	PA	Armagh borough	armagh
place	4203088	PA	Arnold city	arnold
place	4203120	PA	Arona borough	arona
place	4203264	PA	Ashland borough	ashland
place	4203272	PA	Ashley borough	ashley
place	4203296	PA	Ashville borough	ashville
place	4203320	PA	Aspinwall borough	aspinwall
place	4203384	PA	Atglen borough	atglen
place	4203392	PA	Athens borough	athens
place	4203480	PA	Atwood borough	atwood
place	4203488	PA	Auburn borough	auburn
place	4203576	PA	Austin borough	austin
place	4203608	PA	Avalon borough	avalon
place	4203632	PA	Avis borough	avis
place	4203640	PA	Avoca borough	avoca
place	4203656	PA	Avondale borough	avondale
place	4203688	PA	Avonmore borough	avonmore
place	4203736	PA	Baden borough	baden
place	4203928	PA	Baldwin borough	baldwin
place	4203984	PA	Bally borough	bally
place	4204032	PA	Bangor borough	bangor
place	4204136	PA	Barkeyville borough	barkeyville
place	4204432	PA	Bath borough	bath
place	4204568	PA	Beallsville borough	beallsville
place	4204599	PA	Bear Creek Village borough	bear creek
place	4204608	PA	Bear Lake borough	bear lake
place	4204688	PA	Beaver borough	beaver
place	4204792	PA	Beaver Falls city	beaver falls
place	4204816	PA	Beaver Meadows borough	beaver meadows
place	4204848	PA	Beavertown borough	beavertown
place	4204896	PA	Bechtelsville borough	bechtelsville
place	4204944	PA	Bedford borough	bedford
place	4204984	PA	Beech Creek borough	beech creek
place	4205216	PA	Bell Acres borough	bell acres
place	4205256	PA	Bellefonte borough	bellefonte
place	4205288	PA	Belle Vernon borough	belle vernon
place	4205312	PA	Bellevue borough	bellevue
place	4205384	PA	Bellwood borough	bellwood
place	4205504	PA	Ben Avon borough	ben avon
place	4205520	PA	Ben Avon Heights borough	ben avon heights
place	4205536	PA	Bendersville borough	bendersville
place	4205648	PA	Benson borough	benson
place	4205672	PA	Bentleyville borough	bentleyville
place	4205680	PA	Benton borough	benton
place	4205776	PA	Berlin borough	berlin
place	4205848	PA	Bernville borough	bernville
place	4205856	PA	Berrysburg borough	berrysburg
place	4205888	PA	Berwick borough	berwick
place	4205936	PA	Bessemer borough	bessemer
place	4205976	PA	Bethany borough	bethany
place	4206064	PA	Bethel Park municipality	bethel park municipality
place	4206088	PA	Bethlehem city	bethlehem
place	4206240	PA	Big Beaver borough	big beaver
place	4206296	PA	Biglerville borough	biglerville
place	4206344	PA	Big Run borough	big run
place	4206504	PA	Birdsboro borough	birdsboro
place	4206560	PA	Birmingham borough	birmingham
place	4206824	PA	Blain borough	blain
place	4206904	PA	Blairsville borough	blairsville
place	4206928	PA	Blakely borough	blakely
place	4207000	PA	Blawnox borough	blawnox
place	4207040	PA	Bloomfield borough	bloomfield
place	4207120	PA	Blooming Valley borough	blooming valley
place	4207128	PA	Bloomsburg town	bloomsburg
place	4207160	PA	Blossburg borough	blossburg
place	4207480	PA	Bolivar borough	bolivar
place	4207560	PA	Bonneauville borough	bonneauville
place	4207712	PA	Boswell borough	boswell
place	4207880	PA	Bowmanstown borough	bowmanstown
place	4207960	PA	Boyertown borough	boyertown
place	4207976	PA	Brackenridge borough	brackenridge
place	4207992	PA	Braddock borough	braddock
place	4208008	PA	Braddock Hills borough	braddock hills
place	4208040	PA	Bradford city	bradford
place	4208064	PA	Bradford Woods borough	bradford woods
place	4208416	PA	Brentwood borough	brentwood
place	4208472	PA	Briar Creek borough	briar creek
place	4208568	PA	Bridgeport borough	bridgeport
place	4208624	PA	Bridgeville borough	bridgeville
place	4208632	PA	Bridgewater borough	bridgewater
place	4208744	PA	Brisbin borough	brisbin
place	4208760	PA	Bristol borough	bristol
place	4208896	PA	Broad Top City borough	broad top
place	4208960	PA	Brockway borough	brockway
place	4209080	PA	Brookhaven borough	brookhaven
place	4209224	PA	Brookville borough	brookville
place	4209400	PA	Brownstown borough	brownstown
place	4209432	PA	Brownsville borough	brownsville
place	4209528	PA	Bruin borough	bruin
place	4209696	PA	Bryn Athyn borough	bryn athyn
place	4210224	PA	Burgettstown borough	burgettstown
place	4210240	PA	Burlington borough	burlington
place	4210256	PA	Burnham borough	burnham
place	4210280	PA	Burnside borough	burnside
place	4210464	PA	Butler city	butler
place	4210768	PA	California borough	california
place	4210792	PA	Callensburg borough	callensburg
place	4210800	PA	Callery borough	callery
place	4210808	PA	Callimont borough	callimont
place	4210912	PA	Cambridge Springs borough	cambridge springs
place	4211000	PA	Camp Hill borough	camp hill
place	4211152	PA	Canonsburg borough	canonsburg
place	4211160	PA	Canton borough	canton
place	4211232	PA	Carbondale city	carbondale
place	4211272	PA	Carlisle borough	carlisle
place	4211328	PA	Carmichaels borough	carmichaels
place	4211336	PA	Carnegie borough	carnegie
place	4211456	PA	Carrolltown borough	carrolltown
place	4211472	PA	Carroll Valley borough	carroll valley
place	4211616	PA	Cassandra borough	cassandra
place	4211624	PA	Casselman borough	casselman
place	4211632	PA	Cassville borough	cassville
place	4211680	PA	Castle Shannon borough	castle shannon
place	4211720	PA	Catasauqua borough	catasauqua
place	4211736	PA	Catawissa borough	catawissa
place	4212104	PA	Centerport borough	centerport
place	4212184	PA	Centerville borough	centerville
place	4212224	PA	Centerville borough	centerville
place	4212296	PA	Central City borough	central
place	4212312	PA	Centralia borough	centralia
place	4212376	PA	Centre Hall borough	centre hall
place	4212496	PA	Chalfant borough	chalfant
place	4212504	PA	Chalfont borough	chalfont
place	4212536	PA	Chambersburg borough	chambersburg
place	4212656	PA	Chapman borough	chapman
place	4212704	PA	Charleroi borough	charleroi
place	4213120	PA	Cherry Tree borough	cherry tree
place	4213152	PA	Cherry Valley borough	cherry valley
place	4213208	PA	Chester city	chester
place	4213232	PA	Chester Heights borough	chester heights
place	4213240	PA	Chester Hill borough	chester hill
place	4213384	PA	Chest Springs borough	chest springs
place	4213392	PA	Cheswick borough	cheswick
place	4213440	PA	Chicora borough	chicora
place	4213512	PA	Christiana borough	christiana
place	4213608	PA	Churchill borough	churchill
place	4213704	PA	Clairton city	clairton
place	4213776	PA	Clarendon borough	clarendon
place	4213800	PA	Clarion borough	clarion
place	4213832	PA	Clark borough	clark
place	4213864	PA	Clarks Green borough	clarks green
place	4213880	PA	Clarks Summit borough	clarks summit
place	4213896	PA	Clarksville borough	clarksville
place	4214000	PA	Claysville borough	claysville
place	4214064	PA	Clearfield borough	clearfield
place	4214160	PA	Cleona borough	cleona
place	4214264	PA	Clifton Heights borough	clifton heights
place	4214376	PA	Clintonville borough	clintonville
place	4214520	PA	Clymer borough	clymer
place	4214568	PA	Coal Center borough	coal center
place	4214584	PA	Coaldale borough	coaldale
place	4214600	PA	Coaldale borough	coaldale
place	4214640	PA	Coalmont borough	coalmont
place	4214656	PA	Coalport borough	coalport
place	4214712	PA	Coatesville city	coatesville
place	4214800	PA	Cochranton borough	cochranton
place	4214896	PA	Cokeburg borough	cokeburg
place	4215192	PA	Collegeville borough	collegeville
place	4215232	PA	Collingdale borough	collingdale
place	4215384	PA	Columbia borough	columbia
place	4215432	PA	Colwyn borough	colwyn
place	4215680	PA	Confluence borough	confluence
place	4215744	PA	Conneaut Lake borough	conneaut lake
place	4215760	PA	Conneautville borough	conneautville
place	4215776	PA	Connellsville city	connellsville
place	4215808	PA	Connoquenessing borough	connoquenessing
place	4215848	PA	Conshohocken borough	conshohocken
place	4215872	PA	Conway borough	conway
place	4215888	PA	Conyngham borough	conyngham
place	4216056	PA	Coopersburg borough	coopersburg
place	4216080	PA	Cooperstown borough	cooperstown
place	4216128	PA	Coplay borough	coplay
place	4216144	PA	Coraopolis borough	coraopolis
place	4216256	PA	Cornwall borough	cornwall
place	4216296	PA	Corry city	corry
place	4216304	PA	Corsica borough	corsica
place	4216448	PA	Coudersport borough	coudersport
place	4216568	PA	Courtdale borough	courtdale
place	4216848	PA	Crafton borough	crafton
place	4216960	PA	Cranesville borough	cranesville
place	4217024	PA	Creekside borough	creekside
place	4217136	PA	Cresson borough	cresson
place	4217152	PA	Cressona borough	cressona
place	4217416	PA	Cross Roads borough	cross roads
place	4217840	PA	Curwensville borough	curwensville
place	4217976	PA	Daisytown borough	daisytown
place	4218000	PA	Dale borough	dale
place	4218048	PA	Dallas borough	dallas
place	4218072	PA	Dallastown borough	dallastown
place	4218088	PA	Dalton borough	dalton
place	4218136	PA	Danville borough	danville
place	4218152	PA	Darby borough	darby
place	4218192	PA	Darlington borough	darlington
place	4218272	PA	Dauphin borough	dauphin
place	4218360	PA	Dawson borough	dawson
place	4218400	PA	Dayton borough	dayton
place	4218496	PA	Deemston borough	deemston
place	4218576	PA	Deer Lake borough	deer lake
place	4218736	PA	Delaware Water Gap borough	delaware water gap
place	4218768	PA	Delmont borough	delmont
place	4218800	PA	Delta borough	delta
place	4218888	PA	Denver borough	denver
place	4218960	PA	Derry borough	derry
place	4219160	PA	Dickson City borough	dickson
place	4219208	PA	Dillsburg borough	dillsburg
place	4219472	PA	Donegal borough	donegal
place	4219536	PA	Donora borough	donora
place	4219576	PA	Dormont borough	dormont
place	4219696	PA	Dover borough	dover
place	4219752	PA	Downingtown borough	downingtown
place	4219784	PA	Doylestown borough	doylestown
place	4219856	PA	Dravosburg borough	dravosburg
place	4219976	PA	Driftwood borough	driftwood
place	4220104	PA	Dublin borough	dublin
place	4220136	PA	DuBois city	dubois
place	4220144	PA	Duboistown borough	duboistown
place	4220152	PA	Dudley borough	dudley
place	4220216	PA	Dunbar borough	dunbar
place	4220240	PA	Duncannon borough	duncannon
place	4220248	PA	Duncansville borough	duncansville
place	4220328	PA	Dunlevy borough	dunlevy
place	4220352	PA	Dunmore borough	dunmore
place	4220424	PA	Dupont borough	dupont
place	4220432	PA	Duquesne city	duquesne
place	4220512	PA	Duryea borough	duryea
place	4220528	PA	Dushore borough	dushore
place	4220648	PA	Eagles Mere borough	eagles mere
place	4220776	PA	East Bangor borough	east bangor
place	4220792	PA	East Berlin borough	east berlin
place	4220840	PA	East Brady borough	east brady
place	4220904	PA	East Butler borough	east butler
place	4220992	PA	East Conemaugh borough	east conemaugh
place	4221200	PA	East Greenville borough	east greenville
place	4221384	PA	East Lansdowne borough	east lansdowne
place	4221444	PA	East McKeesport borough	east mckeesport
place	4221648	PA	Easton city	easton
place	4221688	PA	East Petersburg borough	east petersburg
place	4221712	PA	East Pittsburgh borough	east pittsburgh
place	4221728	PA	East Prospect borough	east prospect
place	4221752	PA	East Rochester borough	east rochester
place	4221816	PA	East Side borough	east side
place	4221872	PA	East Stroudsburg borough	east stroudsburg
place	4221968	PA	Eastvale borough	eastvale
place	4221976	PA	East Vandergrift borough	east vandergrift
place	4222016	PA	East Washington borough	east washington
place	4222128	PA	Eau Claire borough	eau claire
place	4222144	PA	Ebensburg borough	ebensburg
place	4222264	PA	Economy borough	economy
place	4222296	PA	Eddystone borough	eddystone
place	4222520	PA	Edgewood borough	edgewood
place	4222576	PA	Edgeworth borough	edgeworth
place	4222608	PA	Edinboro borough	edinboro
place	4222672	PA	Edwardsville borough	edwardsville
place	4222712	PA	Ehrenfeld borough	ehrenfeld
place	4222800	PA	Elco borough	elco
place	4222832	PA	Elderton borough	elderton
place	4222888	PA	Eldred borough	eldred
place	4222960	PA	Elgin borough	elgin
place	4222992	PA	Elizabeth borough	elizabeth
place	4223016	PA	Elizabethtown borough	elizabethtown
place	4223024	PA	Elizabethville borough	elizabethville
place	4223152	PA	Elkland borough	elkland
place	4223280	PA	Ellport borough	ellport
place	4223296	PA	Ellsworth borough	ellsworth
place	4223304	PA	Ellwood City borough	ellwood
place	4223440	PA	Elverson borough	elverson
place	4223568	PA	Emlenton borough	emlenton
place	4223584	PA	Emmaus borough	emmaus
place	4223600	PA	Emporium borough	emporium
place	4223616	PA	Emsworth borough	emsworth
place	4223768	PA	Enon Valley borough	enon valley
place	4223832	PA	Ephrata borough	ephrata
place	4224000	PA	Erie city	erie
place	4224040	PA	Ernest borough	ernest
place	4224160	PA	Etna borough	etna
place	4224248	PA	Evans City borough	evans
place	4224304	PA	Everett borough	everett
place	4224336	PA	Everson borough	everson
place	4224392	PA	Exeter borough	exeter
place	4224432	PA	Export borough	export
place	4224488	PA	Factoryville borough	factoryville
place	4224536	PA	Fairchance borough	fairchance
place	4224560	PA	Fairfield borough	fairfield
place	4224832	PA	Fairview borough	fairview
place	4225136	PA	Falls Creek borough	falls creek
place	4225152	PA	Fallston borough	fallston
place	4225360	PA	Farrell city	farrell
place	4225416	PA	Fawn Grove borough	fawn grove
place	4225456	PA	Fayette City borough	fayette
place	4225584	PA	Felton borough	felton
place	4225680	PA	Ferndale borough	ferndale
place	4225944	PA	Finleyville borough	finleyville
place	4226280	PA	Fleetwood borough	fleetwood
place	4226296	PA	Flemington borough	flemington
place	4226408	PA	Folcroft borough	folcroft
place	4226512	PA	Ford City borough	ford
place	4226520	PA	Ford Cliff borough	ford cliff
place	4226560	PA	Forest City borough	forest
place	4226592	PA	Forest Hills borough	forest hills
place	4226760	PA	Forksville borough	forksville
place	4226880	PA	Forty Fort borough	forty fort
place	4227008	PA	Fountain Hill borough	fountain hill
place	4227112	PA	Foxburg borough	foxburg
place	4227120	PA	Fox Chapel borough	fox chapel
place	4227232	PA	Frackville borough	frackville
place	4227312	PA	Frankfort Springs borough	frankfort springs
place	4227360	PA	Franklin borough	franklin
place	4227456	PA	Franklin city	franklin
place	4227552	PA	Franklin Park borough	franklin park
place	4227576	PA	Franklintown borough	franklintown
place	4227688	PA	Fredonia borough	fredonia
place	4227696	PA	Freeburg borough	freeburg
place	4227712	PA	Freedom borough	freedom
place	4227744	PA	Freeland borough	freeland
place	4227760	PA	Freemansburg borough	freemansburg
place	4227784	PA	Freeport borough	freeport
place	4227968	PA	Friendsville borough	friendsville
place	4228280	PA	Galeton borough	galeton
place	4228328	PA	Gallitzin borough	gallitzin
place	4228520	PA	Garrett borough	garrett
place	4228720	PA	Geistown borough	geistown
place	4228824	PA	Georgetown borough	georgetown
place	4228960	PA	Gettysburg borough	gettysburg
place	4229088	PA	Gilberton borough	gilberton
place	4229232	PA	Girard borough	girard
place	4229264	PA	Girardville borough	girardville
place	4229392	PA	Glasgow borough	glasgow
place	4229432	PA	Glassport borough	glassport
place	4229512	PA	Glen Campbell borough	glen campbell
place	4229568	PA	Glendon borough	glendon
place	4229592	PA	Glenfield borough	glenfield
place	4229632	PA	Glen Hope borough	glen hope
place	4229720	PA	Glenolden borough	glenolden
place	4229732	PA	Glen Osborne borough	glen osborne
place	4229760	PA	Glen Rock borough	glen rock
place	4230016	PA	Goldsboro borough	goldsboro
place	4230128	PA	Gordon borough	gordon
place	4230280	PA	Grampian borough	grampian
place	4230600	PA	Gratz borough	gratz
place	4230728	PA	Great Bend borough	great bend
place	4230896	PA	Greencastle borough	greencastle
place	4231082	PA	Green Hills borough	green hills
place	4231088	PA	Green Lane borough	green lane
place	4231192	PA	Greensboro borough	greensboro
place	4231200	PA	Greensburg city	greensburg
place	4231256	PA	Green Tree borough	green tree
place	4231328	PA	Greenville borough	greenville
place	4231656	PA	Grove City borough	grove
place	4232032	PA	Halifax borough	halifax
place	4232056	PA	Hallam borough	hallam
place	4232080	PA	Hallstead borough	hallstead
place	4232120	PA	Hamburg borough	hamburg
place	4232448	PA	Hanover borough	hanover
place	4232688	PA	Harmony borough	harmony
place	4232800	PA	Harrisburg city	harrisburg
place	4232896	PA	Harrisville borough	harrisville
place	4232936	PA	Hartleton borough	hartleton
place	4233000	PA	Harveys Lake borough	harveys lake
place	4233080	PA	Hastings borough	hastings
place	4233088	PA	Hatboro borough	hatboro
place	4233112	PA	Hatfield borough	hatfield
place	4233200	PA	Hawley borough	hawley
place	4233216	PA	Hawthorn borough	hawthorn
place	4233312	PA	Haysville borough	haysville
place	4233408	PA	Hazleton city	hazleton
place	4233592	PA	Heidelberg borough	heidelberg
place	4233744	PA	Hellertown borough	hellertown
place	4234064	PA	Hermitage city	hermitage
place	4234080	PA	Herndon borough	herndon
place	4234664	PA	Highspire borough	highspire
place	4235224	PA	Hollidaysburg borough	hollidaysburg
place	4235408	PA	Homer City borough	homer
place	4235424	PA	Homestead borough	homestead
place	4235488	PA	Homewood borough	homewood
place	4235520	PA	Honesdale borough	honesdale
place	4235528	PA	Honey Brook borough	honey brook
place	4235576	PA	Hookstown borough	hookstown
place	4235608	PA	Hooversville borough	hooversville
place	4235624	PA	Hop Bottom borough	hop bottom
place	4235648	PA	Hopewell borough	hopewell
place	4235896	PA	Houston borough	houston
place	4235928	PA	Houtzdale borough	houtzdale
place	4235960	PA	Howard borough	howard
place	4236152	PA	Hughestown borough	hughestown
place	4236160	PA	Hughesville borough	hughesville
place	4236192	PA	Hulmeville borough	hulmeville
place	4236232	PA	Hummelstown borough	hummelstown
place	4236288	PA	Hunker borough	hunker
place	4236368	PA	Huntingdon borough	huntingdon
place	4236592	PA	Hyde Park borough	hyde park
place	4236616	PA	Hydetown borough	hydetown
place	4236640	PA	Hyndman borough	hyndman
place	4236816	PA	Indiana borough	indiana
place	4236888	PA	Indian Lake borough	indian lake
place	4236944	PA	Industry borough	industry
place	4237000	PA	Ingram borough	ingram
place	4237192	PA	Irvona borough	irvona
place	4237208	PA	Irwin borough	irwin
place	4237304	PA	Ivyland borough	ivyland
place	4237496	PA	Jackson Center borough	jackson center
place	4237640	PA	Jacobus borough	jacobus
place	4237696	PA	Jamestown borough	jamestown
place	4237784	PA	Jeannette city	jeannette
place	4237792	PA	Jeddo borough	jeddo
place	4237880	PA	Jefferson borough	jefferson
place	4237944	PA	Jefferson borough	jefferson
place	4237955	PA	Jefferson Hills borough	jefferson hills
place	4238000	PA	Jenkintown borough	jenkintown
place	4238048	PA	Jennerstown borough	jennerstown
place	4238096	PA	Jermyn borough	jermyn
place	4238128	PA	Jersey Shore borough	jersey shore
place	4238160	PA	Jessup borough	jessup
place	4238200	PA	Jim Thorpe borough	jim thorpe
place	4238248	PA	Johnsonburg borough	johnsonburg
place	4238288	PA	Johnstown city	johnstown
place	4238400	PA	Jonestown borough	jonestown
place	4238640	PA	Juniata Terrace borough	juniata terrace
place	4238688	PA	Kane borough	kane
place	4238768	PA	Karns City borough	karns
place	4239256	PA	Kenhorst borough	kenhorst
place	4239352	PA	Kennett Square borough	kennett square
place	4239784	PA	Kingston borough	kingston
place	4240016	PA	Kistler borough	kistler
place	4240040	PA	Kittanning borough	kittanning
place	4240272	PA	Knox borough	knox
place	4240360	PA	Knoxville borough	knoxville
place	4240400	PA	Koppel borough	koppel
place	4240584	PA	Kulpmont borough	kulpmont
place	4240656	PA	Kutztown borough	kutztown
place	4240744	PA	Laceyville borough	laceyville
place	4240848	PA	Laflin borough	laflin
place	4240960	PA	Lake City borough	lake
place	4241216	PA	Lancaster city	lancaster
place	4241264	PA	Landingville borough	landingville
place	4241272	PA	Landisburg borough	landisburg
place	4241336	PA	Lanesboro borough	lanesboro
place	4241392	PA	Langhorne borough	langhorne
place	4241416	PA	Langhorne Manor borough	langhorne manor
place	4241432	PA	Lansdale borough	lansdale
place	4241440	PA	Lansdowne borough	lansdowne
place	4241464	PA	Lansford borough	lansford
place	4241512	PA	Laporte borough	laporte
place	4241608	PA	Larksville borough	larksville
place	4241680	PA	Latrobe borough	latrobe
place	4241768	PA	Laureldale borough	laureldale
place	4241834	PA	Laurel Mountain borough	laurel mountain
place	4241848	PA	Laurel Run borough	laurel run
place	4242016	PA	Lawrenceville borough	lawrenceville
place	4242168	PA	Lebanon city	lebanon
place	4242280	PA	Leechburg borough	leechburg
place	4242352	PA	Leesport borough	leesport
place	4242392	PA	Leetsdale borough	leetsdale
place	4242472	PA	Lehighton borough	lehighton
place	4242648	PA	Lemoyne borough	lemoyne
place	4242688	PA	Lenhartsville borough	lenhartsville
place	4242824	PA	LeRaysville borough	leraysville
place	4242968	PA	Lewisberry borough	lewisberry
place	4242976	PA	Lewisburg borough	lewisburg
place	4242984	PA	Lewis Run borough	lewis run
place	4243000	PA	Lewistown borough	lewistown
place	4243064	PA	Liberty borough	liberty
place	4243128	PA	Liberty borough	liberty
place	4243232	PA	Ligonier borough	ligonier
place	4243248	PA	Lilly borough	lilly
place	4243408	PA	Lincoln borough	lincoln
place	4243656	PA	Linesville borough	linesville
place	4243816	PA	Lititz borough	lititz
place	4243928	PA	Little Meadows borough	little meadows
place	4243944	PA	Littlestown borough	littlestown
place	4243968	PA	Liverpool borough	liverpool
place	4244128	PA	Lock Haven city	lock haven
place	4244400	PA	Loganton borough	loganton
place	4244416	PA	Loganville borough	loganville
place	4244512	PA	Long Branch borough	long branch
place	4244664	PA	Lorain borough	lorain
place	4244704	PA	Loretto borough	loretto
place	4244864	PA	Lower Burrell city	lower burrell
place	4245568	PA	Luzerne borough	luzerne
place	4245592	PA	Lykens borough	lykens
place	4245752	PA	Lyons borough	lyons
place	4245824	PA	McAdoo borough	mcadoo
place	4245992	PA	McClure borough	mcclure
place	4246000	PA	McConnellsburg borough	mcconnellsburg
place	4246072	PA	McDonald borough	mcdonald
place	4246120	PA	McEwensville borough	mcewensville
place	4246216	PA	McKean borough	mckean
place	4246256	PA	McKeesport city	mckeesport
place	4246264	PA	McKees Rocks borough	mckees rocks
place	4246376	PA	McSherrystown borough	mcsherrystown
place	4246392	PA	Macungie borough	macungie
place	4246400	PA	McVeytown borough	mcveytown
place	4246488	PA	Madison borough	madison
place	4246568	PA	Mahaffey borough	mahaffey
place	4246592	PA	Mahanoy City borough	mahanoy
place	4246792	PA	Malvern borough	malvern
place	4246864	PA	Manchester borough	manchester
place	4246888	PA	Manheim borough	manheim
place	4246944	PA	Manns Choice borough	manns choice
place	4247000	PA	Manor borough	manor
place	4247064	PA	Manorville borough	manorville
place	4247080	PA	Mansfield borough	mansfield
place	4247248	PA	Mapleton borough	mapleton
place	4247344	PA	Marcus Hook borough	marcus hook
place	4247400	PA	Marianna borough	marianna
place	4247424	PA	Marietta borough	marietta
place	4247472	PA	Marion Center borough	marion center
place	4247480	PA	Marion Heights borough	marion heights
place	4247544	PA	Marklesburg borough	marklesburg
place	4247560	PA	Markleysburg borough	markleysburg
place	4247672	PA	Mars borough	mars
place	4247872	PA	Martinsburg borough	martinsburg
place	4247968	PA	Marysville borough	marysville
place	4248000	PA	Masontown borough	masontown
place	4248048	PA	Matamoras borough	matamoras
place	4248176	PA	Mayfield borough	mayfield
place	4248360	PA	Meadville city	meadville
place	4248376	PA	Mechanicsburg borough	mechanicsburg
place	4248448	PA	Mechanicsville borough	mechanicsville
place	4248480	PA	Media borough	media
place	4248696	PA	Mercer borough	mercer
place	4248704	PA	Mercersburg borough	mercersburg
place	4248856	PA	Meshoppen borough	meshoppen
place	4248912	PA	Meyersdale borough	meyersdale
place	4248960	PA	Middleburg borough	middleburg
place	4249048	PA	Middleport borough	middleport
place	4249128	PA	Middletown borough	middletown
place	4249184	PA	Midland borough	midland
place	4249240	PA	Midway borough	midway
place	4249272	PA	Mifflin borough	mifflin
place	4249288	PA	Mifflinburg borough	mifflinburg
place	4249304	PA	Mifflintown borough	mifflintown
place	4249368	PA	Milesburg borough	milesburg
place	4249400	PA	Milford borough	milford
place	4249504	PA	Millbourne borough	millbourne
place	4249552	PA	Mill Creek borough	mill creek
place	4249680	PA	Millersburg borough	millersburg
place	4249720	PA	Millerstown borough	millerstown
place	4249728	PA	Millersville borough	millersville
place	4249760	PA	Mill Hall borough	mill hall
place	4249768	PA	Millheim borough	millheim
place	4249920	PA	Millvale borough	millvale
place	4249936	PA	Mill Village borough	mill
place	4249944	PA	Millville borough	millville
place	4250016	PA	Milton borough	milton
place	4250088	PA	Minersville borough	minersville
place	4250232	PA	Modena borough	modena
place	4250272	PA	Mohnton borough	mohnton
place	4250320	PA	Monaca borough	monaca
place	4250344	PA	Monessen city	monessen
place	4250408	PA	Monongahela city	monongahela
place	4250432	PA	Monroe borough	monroe
place	4250528	PA	Monroeville municipality	monroeville municipality
place	4250544	PA	Mont Alto borough	mont alto
place	4250632	PA	Montgomery borough	montgomery
place	4250720	PA	Montoursville borough	montoursville
place	4250736	PA	Montrose borough	montrose
place	4250880	PA	Moosic borough	moosic
place	4251144	PA	Morrisville borough	morrisville
place	4251176	PA	Morton borough	morton
place	4251208	PA	Moscow borough	moscow
place	4251488	PA	Mount Carbon borough	mount carbon
place	4251496	PA	Mount Carmel borough	mount carmel
place	4251568	PA	Mount Gretna borough	mount gretna
place	4251592	PA	Mount Holly Springs borough	mount holly springs
place	4251632	PA	Mount Jewett borough	mount jewett
place	4251656	PA	Mount Joy borough	mount joy
place	4251744	PA	Mount Oliver borough	mount oliver
place	4251760	PA	Mount Penn borough	mount penn
place	4251880	PA	Mount Pleasant borough	mount pleasant
place	4251912	PA	Mount Pocono borough	mount pocono
place	4251984	PA	Mount Union borough	mount union
place	4252016	PA	Mountville borough	mountville
place	4252056	PA	Mount Wolf borough	mount wolf
place	4252264	PA	Muncy borough	muncy
place	4252320	PA	Munhall borough	munhall
place	4252432	PA	Murrysville municipality	murrysville municipality
place	4252488	PA	Myerstown borough	myerstown
place	4252584	PA	Nanticoke city	nanticoke
place	4252616	PA	Nanty-Glo borough	nanty glo
place	4252664	PA	Narberth borough	narberth
place	4252808	PA	Nazareth borough	nazareth
place	4252984	PA	Nescopeck borough	nescopeck
place	4253088	PA	Nesquehoning borough	nesquehoning
place	4253152	PA	New Albany borough	new albany
place	4253160	PA	New Alexandria borough	new alexandria
place	4253168	PA	New Baltimore borough	new baltimore
place	4253184	PA	New Beaver borough	new beaver
place	4253200	PA	New Berlin borough	new berlin
place	4253248	PA	New Bethlehem borough	new bethlehem
place	4253288	PA	New Brighton borough	new brighton
place	4253296	PA	New Britain borough	new britain
place	4253320	PA	New Buffalo borough	new buffalo
place	4253336	PA	Newburg borough	newburg
place	4253344	PA	Newburg borough	newburg
place	4253368	PA	New Castle city	new castle
place	4253416	PA	New Centerville borough	new centerville
place	4253448	PA	New Columbus borough	new columbus
place	4253464	PA	New Cumberland borough	new cumberland
place	4253496	PA	New Eagle borough	new eagle
place	4253504	PA	Newell borough	newell
place	4253544	PA	New Florence borough	new florence
place	4253568	PA	New Freedom borough	new freedom
place	4253592	PA	New Galilee borough	new galilee
place	4253696	PA	New Holland borough	new holland
place	4253712	PA	New Hope borough	new hope
place	4253736	PA	New Kensington city	new kensington
place	4253768	PA	New Lebanon borough	new lebanon
place	4253880	PA	New Milford borough	new milford
place	4253916	PA	New Morgan borough	new morgan
place	4253920	PA	New Oxford borough	new oxford
place	4253928	PA	New Paris borough	new paris
place	4253944	PA	New Philadelphia borough	new philadelphia
place	4253968	PA	Newport borough	newport
place	4254016	PA	New Ringgold borough	new ringgold
place	4254024	PA	Newry borough	newry
place	4254056	PA	New Salem borough	new salem
place	4254104	PA	New Stanton borough	new stanton
place	4254160	PA	Newton Hamilton borough	newton hamilton
place	4254184	PA	Newtown borough	newtown
place	4254320	PA	Newville borough	newville
place	4254344	PA	New Washington borough	new washington
place	4254352	PA	New Wilmington borough	new wilmington
place	4254400	PA	Nicholson borough	nicholson
place	4254656	PA	Norristown borough	norristown
place	4254696	PA	Northampton borough	northampton
place	4254728	PA	North Apollo borough	north apollo
place	4254776	PA	North Belle Vernon borough	north belle vernon
place	4254816	PA	North Braddock borough	north braddock
place	4254872	PA	North Catasauqua borough	north catasauqua
place	4254888	PA	North Charleroi borough	north charleroi
place	4254952	PA	North East borough	north east
place	4255000	PA	Northern Cambria borough	northern cambria
place	4255136	PA	North Irwin borough	north irwin
place	4255456	PA	Northumberland borough	northumberland
place	4255512	PA	North Wales borough	north wales
place	4255608	PA	North York borough	north york
place	4255664	PA	Norwood borough	norwood
place	4255752	PA	Nuangola borough	nuangola
place	4255840	PA	Oakdale borough	oakdale
place	4256008	PA	Oakland borough	oakland
place	4256088	PA	Oakmont borough	oakmont
place	4256408	PA	Ohiopyle borough	ohiopyle
place	4256432	PA	Ohioville borough	ohioville
place	4256456	PA	Oil City city	oil
place	4256496	PA	Oklahoma borough	oklahoma
place	4256576	PA	Old Forge borough	old forge
place	4256792	PA	Olyphant borough	olyphant
place	4256912	PA	Orangeville borough	orangeville
place	4256928	PA	Orbisonia borough	orbisonia
place	4257112	PA	Orrstown borough	orrstown
place	4257184	PA	Orwigsburg borough	orwigsburg
place	4257232	PA	Osceola Mills borough	osceola mills
place	4257280	PA	Oswayo borough	oswayo
place	4257480	PA	Oxford borough	oxford
place	4257544	PA	Paint borough	paint
place	4257696	PA	Palmerton borough	palmerton
place	4257720	PA	Palmyra borough	palmyra
place	4257752	PA	Palo Alto borough	palo alto
place	4257976	PA	Parker city	parker
place	4258032	PA	Parkesburg borough	parkesburg
place	4258176	PA	Parkside borough	parkside
place	4258304	PA	Parryville borough	parryville
place	4258384	PA	Patterson Heights borough	patterson heights
place	4258432	PA	Patton borough	patton
place	4258504	PA	Paxtang borough	paxtang
place	4258696	PA	Pen Argyl borough	pen argyl
place	4258712	PA	Penbrook borough	penbrook
place	4258872	PA	Penn borough	penn
place	4258936	PA	Penndel borough	penndel
place	4259054	PA	Penn Lake Park borough	penn lake park
place	4259120	PA	Pennsburg borough	pennsburg
place	4259152	PA	Pennsbury Village borough	pennsbury
place	4259384	PA	Perkasie borough	perkasie
place	4259520	PA	Perryopolis borough	perryopolis
place	4259616	PA	Petersburg borough	petersburg
place	4259672	PA	Petrolia borough	petrolia
place	4260000	PA	Philadelphia city	philadelphia
place	4260008	PA	Philipsburg borough	philipsburg
place	4260120	PA	Phoenixville borough	phoenixville
place	4260136	PA	Picture Rocks borough	picture rocks
place	4260264	PA	Pillow borough	pillow
place	4260456	PA	Pine Grove borough	pine grove
place	4260712	PA	Pitcairn borough	pitcairn
place	4261000	PA	Pittsburgh city	pittsburgh
place	4261048	PA	Pittston city	pittston
place	4261168	PA	Platea borough	platea
place	4261328	PA	Pleasant Hills borough	pleasant hills
place	4261496	PA	Pleasantville borough	pleasantville
place	4261512	PA	Pleasantville borough	pleasantville
place	4261536	PA	Plum borough	plum
place	4261632	PA	Plumville borough	plumville
place	4261648	PA	Plymouth borough	plymouth
place	4261864	PA	Point Marion borough	point marion
place	4261936	PA	Polk borough	polk
place	4262048	PA	Portage borough	portage
place	4262088	PA	Port Allegany borough	port allegany
place	4262128	PA	Port Carbon borough	port carbon
place	4262136	PA	Port Clinton borough	port clinton
place	4262224	PA	Portersville borough	portersville
place	4262264	PA	Portland borough	portland
place	4262280	PA	Port Matilda borough	port matilda
place	4262304	PA	Port Royal borough	port royal
place	4262320	PA	Port Vue borough	port vue
place	4262416	PA	Pottstown borough	pottstown
place	4262432	PA	Pottsville city	pottsville
place	4262712	PA	Pringle borough	pringle
place	4262744	PA	Prompton borough	prompton
place	4262752	PA	Prospect borough	prospect
place	4262792	PA	Prospect Park borough	prospect park
place	4262920	PA	Punxsutawney borough	punxsutawney
place	4263048	PA	Quakertown borough	quakertown
place	4263064	PA	Quarryville borough	quarryville
place	4263288	PA	Railroad borough	railroad
place	4263312	PA	Rainsburg borough	rainsburg
place	4263360	PA	Ramey borough	ramey
place	4263408	PA	Rankin borough	rankin
place	4263624	PA	Reading city	reading
place	4263808	PA	Red Hill borough	red hill
place	4263840	PA	Red Lion borough	red lion
place	4264200	PA	Renovo borough	renovo
place	4264376	PA	Reynoldsville borough	reynoldsville
place	4264432	PA	Rices Landing borough	rices landing
place	4264560	PA	Richland borough	richland
place	4264584	PA	Richlandtown borough	richlandtown
place	4264784	PA	Ridgway borough	ridgway
place	4264832	PA	Ridley Park borough	ridley park
place	4264856	PA	Riegelsville borough	riegelsville
place	4264904	PA	Rimersburg borough	rimersburg
place	4265000	PA	Ringtown borough	ringtown
place	4265112	PA	Riverside borough	riverside
place	4265256	PA	Roaring Spring borough	roaring spring
place	4265336	PA	Robesonia borough	robesonia
place	4265392	PA	Rochester borough	rochester
place	4265496	PA	Rockhill borough	rockhill
place	4265568	PA	Rockledge borough	rockledge
place	4265736	PA	Rockwood borough	rockwood
place	4265944	PA	Rome borough	rome
place	4266016	PA	Roscoe borough	roscoe
place	4266168	PA	Roseto borough	roseto
place	4266192	PA	Rose Valley borough	rose valley
place	4266232	PA	Roseville borough	roseville
place	4266320	PA	Rosslyn Farms borough	rosslyn farms
place	4266440	PA	Rouseville borough	rouseville
place	4266560	PA	Royalton borough	royalton
place	4266576	PA	Royersford borough	royersford
place	4266720	PA	Rural Valley borough	rural valley
place	4266928	PA	Rutledge borough	rutledge
place	4267120	PA	Saegertown borough	saegertown
place	4267224	PA	St. Clair borough	st clair
place	4267256	PA	St. Clairsville borough	st clairsville
place	4267304	PA	St. Lawrence borough	st lawrence
place	4267344	PA	St. Marys city	st marys
place	4267384	PA	St. Petersburg borough	st petersburg
place	4267584	PA	Salisbury borough	salisbury
place	4267616	PA	Salladasburg borough	salladasburg
place	4267632	PA	Saltillo borough	saltillo
place	4267648	PA	Saltsburg borough	saltsburg
place	4267848	PA	Sandy Lake borough	sandy lake
place	4267920	PA	Sankertown borough	sankertown
place	4268056	PA	Saxonburg borough	saxonburg
place	4268072	PA	Saxton borough	saxton
place	4268096	PA	Sayre borough	sayre
place	4268104	PA	Scalp Level borough	scalp level
place	4268152	PA	Schellsburg borough	schellsburg
place	4268312	PA	Schuylkill Haven borough	schuylkill haven
place	4268328	PA	Schwenksville borough	schwenksville
place	4268432	PA	Scottdale borough	scottdale
place	4269000	PA	Scranton city	scranton
place	4269216	PA	Selinsgrove borough	selinsgrove
place	4269248	PA	Sellersville borough	sellersville
place	4269309	PA	Seven Fields borough	seven fields
place	4269336	PA	Seven Springs borough	seven springs
place	4269360	PA	Seven Valleys borough	seven valleys
place	4269368	PA	Seward borough	seward
place	4269376	PA	Sewickley borough	sewickley
place	4269400	PA	Sewickley Heights borough	sewickley heights
place	4269416	PA	Sewickley Hills borough	sewickley hills
place	4269456	PA	Shade Gap borough	shade gap
place	4269600	PA	Shamokin city	shamokin
place	4269616	PA	Shamokin Dam borough	shamokin dam
place	4269680	PA	Shanksville borough	shanksville
place	4269720	PA	Sharon city	sharon
place	4269752	PA	Sharon Hill borough	sharon hill
place	4269776	PA	Sharpsburg borough	sharpsburg
place	4269800	PA	Sharpsville borough	sharpsville
place	4269936	PA	Sheakleyville borough	sheakleyville
place	4270040	PA	Shelocta borough	shelocta
place	4270056	PA	Shenandoah borough	shenandoah
place	4270224	PA	Shickshinny borough	shickshinny
place	4270248	PA	Shillington borough	shillington
place	4270304	PA	Shinglehouse borough	shinglehouse
place	4270352	PA	Shippensburg borough	shippensburg
place	4270368	PA	Shippenville borough	shippenville
place	4270376	PA	Shippingport borough	shippingport
place	4270384	PA	Shiremanstown borough	shiremanstown
place	4270408	PA	Shirleysburg borough	shirleysburg
place	4270464	PA	Shoemakersville borough	shoemakersville
place	4270568	PA	Shrewsbury borough	shrewsbury
place	4270744	PA	Silverdale borough	silverdale
place	4270880	PA	Sinking Spring borough	sinking spring
place	4271144	PA	Slatington borough	slatington
place	4271176	PA	Sligo borough	sligo
place	4271184	PA	Slippery Rock borough	slippery rock
place	4271248	PA	Smethport borough	smethport
place	4271256	PA	Smicksburg borough	smicksburg
place	4271320	PA	Smithfield borough	smithfield
place	4271424	PA	Smithton borough	smithton
place	4271600	PA	Snow Shoe borough	snow shoe
place	4271620	PA	S.N.P.J. borough	s n p j
place	4271688	PA	Snydertown borough	snydertown
place	4271776	PA	Somerset borough	somerset
place	4271856	PA	Souderton borough	souderton
place	4271976	PA	South Bethlehem borough	south bethlehem
place	4272072	PA	South Coatesville borough	south coatesville
place	4272080	PA	South Connellsville borough	south connellsville
place	4272168	PA	South Fork borough	south fork
place	4272192	PA	South Greensburg borough	south greensburg
place	4272216	PA	South Heights borough	south heights
place	4272344	PA	Southmont borough	southmont
place	4272376	PA	South New Castle borough	south new castle
place	4272448	PA	South Renovo borough	south renovo
place	4272592	PA	South Waverly borough	south waverly
place	4272616	PA	Southwest Greensburg borough	southwest greensburg
place	4272648	PA	South Williamsport borough	south williamsport
place	4272704	PA	Spartansburg borough	spartansburg
place	4272736	PA	Speers borough	speers
place	4272872	PA	Springboro borough	springboro
place	4272920	PA	Spring City borough	spring
place	4272960	PA	Springdale borough	springdale
place	4273192	PA	Spring Grove borough	spring grove
place	4273784	PA	Starrucca borough	starrucca
place	4273808	PA	State College borough	state college
place	4273888	PA	Steelton borough	steelton
place	4274104	PA	Stewartstown borough	stewartstown
place	4274184	PA	Stillwater borough	stillwater
place	4274224	PA	Stockdale borough	stockdale
place	4274232	PA	Stockertown borough	stockertown
place	4274288	PA	Stoneboro borough	stoneboro
place	4274672	PA	Stoystown borough	stoystown
place	4274712	PA	Strasburg borough	strasburg
place	4274728	PA	Strattanville borough	strattanville
place	4274888	PA	Stroudsburg borough	stroudsburg
place	4275000	PA	Sugarcreek borough	sugarcreek
place	4275024	PA	Sugar Grove borough	sugar grove
place	4275072	PA	Sugar Notch borough	sugar notch
place	4275136	PA	Summerhill borough	summerhill
place	4275168	PA	Summerville borough	summerville
place	4275248	PA	Summit Hill borough	summit hill
place	4275304	PA	Sunbury city	sunbury
place	4275568	PA	Susquehanna Depot borough	susquehanna depot
place	4275584	PA	Sutersville borough	sutersville
place	4275648	PA	Swarthmore borough	swarthmore
place	4275816	PA	Swissvale borough	swissvale
place	4275832	PA	Swoyersville borough	swoyersville
place	4275888	PA	Sykesville borough	sykesville
place	4275944	PA	Sylvania borough	sylvania
place	4276032	PA	Tamaqua borough	tamaqua
place	4276104	PA	Tarentum borough	tarentum
place	4276144	PA	Tatamy borough	tatamy
place	4276184	PA	Taylor borough	taylor
place	4276304	PA	Telford borough	telford
place	4276400	PA	Terre Hill borough	terre hill
place	4276496	PA	Thompson borough	thompson
place	4276536	PA	Thompsontown borough	thompsontown
place	4276560	PA	Thornburg borough	thornburg
place	4276632	PA	Three Springs borough	three springs
place	4276648	PA	Throop borough	throop
place	4276696	PA	Tidioute borough	tidioute
place	4276744	PA	Timblin borough	timblin
place	4276808	PA	Tioga borough	tioga
place	4276848	PA	Tionesta borough	tionesta
place	4276904	PA	Titusville city	titusville
place	4277104	PA	Topton borough	topton
place	4277168	PA	Towanda borough	towanda
place	4277184	PA	Tower City borough	tower
place	4277232	PA	Townville borough	townville
place	4277272	PA	Trafford borough	trafford
place	4277288	PA	Trainer borough	trainer
place	4277304	PA	Trappe borough	trappe
place	4277392	PA	Tremont borough	tremont
place	4277568	PA	Troutville borough	troutville
place	4277584	PA	Troy borough	troy
place	4277704	PA	Trumbauersville borough	trumbauersville
place	4277744	PA	Tullytown borough	tullytown
place	4277784	PA	Tunkhannock borough	tunkhannock
place	4277808	PA	Tunnelhill borough	tunnelhill
place	4277832	PA	Turbotville borough	turbotville
place	4277912	PA	Turtle Creek borough	turtle creek
place	4278008	PA	Twilight borough	twilight
place	4278168	PA	Tyrone borough	tyrone
place	4278240	PA	Ulysses borough	ulysses
place	4278448	PA	Union City borough	union
place	4278456	PA	Union Dale borough	union dale
place	4278528	PA	Uniontown city	uniontown
place	4278616	PA	Unionville borough	unionville
place	4278712	PA	Upland borough	upland
place	4279424	PA	Ursina borough	ursina
place	4279472	PA	Utica borough	utica
place	4279504	PA	Valencia borough	valencia
place	4279644	PA	Valley-Hi borough	valley hi
place	4279768	PA	Vanderbilt borough	vanderbilt
place	4279776	PA	Vandergrift borough	vandergrift
place	4279792	PA	Vandling borough	vandling
place	4279912	PA	Venango borough	venango
place	4280032	PA	Verona borough	verona
place	4280040	PA	Versailles borough	versailles
place	4280288	PA	Vintondale borough	vintondale
place	4280368	PA	Volant borough	volant
place	4280600	PA	Wall borough	wall
place	4280640	PA	Wallaceton borough	wallaceton
place	4280800	PA	Walnutport borough	walnutport
place	4280880	PA	Wampum borough	wampum
place	4281000	PA	Warren city	warren
place	4281080	PA	Warrior Run borough	warrior run
place	4281328	PA	Washington city	washington
place	4281424	PA	Washingtonville borough	washingtonville
place	4281456	PA	Waterford borough	waterford
place	4281616	PA	Watsontown borough	watsontown
place	4281648	PA	Wattsburg borough	wattsburg
place	4281712	PA	Waymart borough	waymart
place	4281824	PA	Waynesboro borough	waynesboro
place	4281832	PA	Waynesburg borough	waynesburg
place	4281856	PA	Weatherly borough	weatherly
place	4282080	PA	Weissport borough	weissport
place	4282128	PA	Wellersburg borough	wellersburg
place	4282160	PA	Wellsboro borough	wellsboro
place	4282200	PA	Wellsville borough	wellsville
place	4282296	PA	Wernersville borough	wernersville
place	4282344	PA	Wesleyville borough	wesleyville
place	4282616	PA	West Brownsville borough	west brownsville
place	4282704	PA	West Chester borough	west chester
place	4282736	PA	West Conshohocken borough	west conshohocken
place	4282832	PA	West Easton borough	west easton
place	4282848	PA	West Elizabeth borough	west elizabeth
place	4282968	PA	Westfield borough	westfield
place	4283104	PA	West Grove borough	west grove
place	4283136	PA	West Hazleton borough	west hazleton
place	4283200	PA	West Homestead borough	west homestead
place	4283248	PA	West Kittanning borough	west kittanning
place	4283328	PA	West Leechburg borough	west leechburg
place	4283376	PA	West Liberty borough	west liberty
place	4283472	PA	West Mayfield borough	west mayfield
place	4283496	PA	West Middlesex borough	west middlesex
place	4283504	PA	West Middletown borough	west middletown
place	4283512	PA	West Mifflin borough	west mifflin
place	4283584	PA	Westmont borough	westmont
place	4283680	PA	West Newton borough	west newton
place	4283736	PA	Westover borough	westover
place	4283856	PA	West Pittston borough	west pittston
place	4283928	PA	West Reading borough	west reading
place	4284064	PA	West Sunbury borough	west sunbury
place	4284144	PA	West View borough	west view
place	4284272	PA	West Wyoming borough	west wyoming
place	4284288	PA	West York borough	west york
place	4284376	PA	Wheatland borough	wheatland
place	4284440	PA	Whitaker borough	whitaker
place	4284512	PA	Whitehall borough	whitehall
place	4284552	PA	White Haven borough	white haven
place	4284704	PA	White Oak borough	white oak
place	4285152	PA	Wilkes-Barre city	wilkes barre
place	4285188	PA	Wilkinsburg borough	wilkinsburg
place	4285272	PA	Williamsburg borough	williamsburg
place	4285312	PA	Williamsport city	williamsport
place	4285320	PA	Williamstown borough	williamstown
place	4285496	PA	Wilmerding borough	wilmerding
place	4285528	PA	Wilmore borough	wilmore
place	4285592	PA	Wilson borough	wilson
place	4285632	PA	Windber borough	windber
place	4285664	PA	Wind Gap borough	wind gap
place	4285728	PA	Windsor borough	windsor
place	4285872	PA	Winterstown borough	winterstown
place	4286056	PA	Womelsdorf borough	womelsdorf
place	4286128	PA	Woodbury borough	woodbury
place	4286160	PA	Woodcock borough	woodcock
place	4286528	PA	Wormleysburg borough	wormleysburg
place	4286560	PA	Worthington borough	worthington
place	4286568	PA	Worthville borough	worthville
place	4286640	PA	Wrightsville borough	wrightsville
place	4286656	PA	Wyalusing borough	wyalusing
place	4286856	PA	Wyoming borough	wyoming
place	4286880	PA	Wyomissing borough	wyomissing
place	4286920	PA	Yardley borough	yardley
place	4286952	PA	Yatesville borough	yatesville
place	4286968	PA	Yeadon borough	yeadon
place	4287040	PA	Yoe borough	yoe
place	4287048	PA	York city	york
place	4287064	PA	Yorkana borough	yorkana
place	4287080	PA	York Haven borough	york haven
place	4287136	PA	York Springs borough	york springs
place	4287208	PA	Youngstown borough	youngstown
place	4287224	PA	Youngsville borough	youngsville
place	4287232	PA	Youngwood borough	youngwood
place	4287272	PA	Zelienople borough	zelienople
place	4414140	RI	Central Falls city	central falls
place	4419180	RI	Cranston city	cranston
place	4422960	RI	East Providence city	east providence
place	4449960	RI	Newport city	newport
place	4454640	RI	Pawtucket city	pawtucket
place	4459000	RI	Providence city	providence
place	4474300	RI	Warwick city	warwick
place	4480780	RI	Woonsocket city	woonsocket
place	4500100	SC	Abbeville city	abbeville
place	4500550	SC	Aiken city	aiken
place	4500955	SC	Allendale town	allendale
place	4501360	SC	Anderson city	anderson
place	4501450	SC	Andrews town	andrews
place	4502125	SC	Arcadia Lakes town	arcadia lakes
place	4503205	SC	Atlantic Beach town	atlantic beach
place	4503385	SC	Awendaw town	awendaw
place	4503430	SC	Aynor town	aynor
place	4503790	SC	Bamberg town	bamberg
place	4504060	SC	Barnwell city	barnwell
place	4504300	SC	Batesburg-Leesville town	batesburg leesville
place	4504690	SC	Beaufort city	beaufort
place	4505365	SC	Belton city	belton
place	4505680	SC	Bennettsville city	bennettsville
place	4506040	SC	Bethune town	bethune
place	4506310	SC	Bishopville city	bishopville
place	4506400	SC	Blacksburg town	blacksburg
place	4506490	SC	Blackville town	blackville
place	4506850	SC	Blenheim town	blenheim
place	4507210	SC	Bluffton town	bluffton
place	4507255	SC	Blythewood town	blythewood
place	4507525	SC	Bonneau town	bonneau
place	4507840	SC	Bowman town	bowman
place	4508245	SC	Branchville town	branchville
place	4508830	SC	Briarcliffe Acres town	briarcliffe acres
place	4509865	SC	Brunson town	brunson
place	4510270	SC	Burnettown town	burnettown
place	4510720	SC	Calhoun Falls town	calhoun falls
place	4510855	SC	Camden city	camden
place	4510900	SC	Cameron town	cameron
place	4511125	SC	Campobello town	campobello
place	4511755	SC	Carlisle town	carlisle
place	4512655	SC	Cayce city	cayce
place	4513015	SC	Central town	central
place	4513060	SC	Central Pacolet town	central pacolet
place	4513150	SC	Chapin town	chapin
place	4513330	SC	Charleston city	charleston
place	4513600	SC	Cheraw town	cheraw
place	4514050	SC	Chesnee city	chesnee
place	4514095	SC	Chester city	chester
place	4514140	SC	Chesterfield town	chesterfield
place	4514950	SC	Clemson city	clemson
place	4515295	SC	Clinton city	clinton
place	4515310	SC	Clio town	clio
place	4515355	SC	Clover town	clover
place	4516000	SC	Columbia city	columbia
place	4516405	SC	Conway city	conway
place	4516720	SC	Cope town	cope
place	4516855	SC	Cordova town	cordova
place	4516990	SC	Cottageville town	cottageville
place	4517215	SC	Coward town	coward
place	4517260	SC	Cowpens town	cowpens
place	4517890	SC	Cross Hill town	cross hill
place	4518565	SC	Darlington city	darlington
place	4519105	SC	Denmark city	denmark
place	4519420	SC	Dillon city	dillon
place	4519870	SC	Donalds town	donalds
place	4521040	SC	Due West town	due west
place	4521265	SC	Duncan town	duncan
place	4521985	SC	Easley city	easley
place	4522390	SC	Eastover town	eastover
place	4522795	SC	Edgefield town	edgefield
place	4523020	SC	Edisto Beach town	edisto beach
place	4523200	SC	Ehrhardt town	ehrhardt
place	4523245	SC	Elgin town	elgin
place	4523335	SC	Elko town	elko
place	4523470	SC	Elloree town	elloree
place	4523830	SC	Estill town	estill
place	4524100	SC	Eutawville town	eutawville
place	4524370	SC	Fairfax town	fairfax
place	4525810	SC	Florence city	florence
place	4526035	SC	Folly Beach city	folly beach
place	4526305	SC	Forest Acres city	forest acres
place	4526845	SC	Fort Lawn town	fort lawn
place	4526890	SC	Fort Mill town	fort mill
place	4527070	SC	Fountain Inn city	fountain inn
place	4527835	SC	Furman town	furman
place	4528060	SC	Gaffney city	gaffney
place	4528780	SC	Gaston town	gaston
place	4528870	SC	Georgetown city	georgetown
place	4529005	SC	Gifford town	gifford
place	4529050	SC	Gilbert town	gilbert
place	4529815	SC	Goose Creek city	goose creek
place	4529950	SC	Govan town	govan
place	4530355	SC	Gray Court town	gray court
place	4530490	SC	Great Falls town	great falls
place	4530535	SC	Greeleyville town	greeleyville
place	4530850	SC	Greenville city	greenville
place	4530895	SC	Greenwood city	greenwood
place	4530985	SC	Greer city	greer
place	4531885	SC	Hampton town	hampton
place	4532065	SC	Hanahan city	hanahan
place	4532245	SC	Hardeeville city	hardeeville
place	4532335	SC	Harleyville town	harleyville
place	4532560	SC	Hartsville city	hartsville
place	4532965	SC	Heath Springs town	heath springs
place	4533145	SC	Hemingway town	hemingway
place	4533640	SC	Hickory Grove town	hickory grove
place	4533820	SC	Hilda town	hilda
place	4534045	SC	Hilton Head Island town	hilton head island
place	4534225	SC	Hodges town	hodges
place	4534360	SC	Holly Hill town	holly hill
place	4534495	SC	Hollywood town	hollywood
place	4534810	SC	Honea Path town	honea path
place	4535755	SC	Inman city	inman
place	4535890	SC	Irmo town	irmo
place	4536115	SC	Isle of Palms city	isle of palms
place	4536160	SC	Iva town	iva
place	4536205	SC	Jackson town	jackson
place	4536430	SC	James Island town	james island
place	4536475	SC	Jamestown town	jamestown
place	4536610	SC	Jefferson town	jefferson
place	4536655	SC	Jenkinsville town	jenkinsville
place	4537105	SC	Johnsonville city	johnsonville
place	4537150	SC	Johnston town	johnston
place	4537330	SC	Jonesville town	jonesville
place	4538095	SC	Kershaw town	kershaw
place	4538162	SC	Kiawah Island town	kiawah island
place	4538590	SC	Kingstree town	kingstree
place	4538950	SC	Kline town	kline
place	4539310	SC	Lake City city	lake
place	4539715	SC	Lake View town	lake view
place	4539805	SC	Lamar town	lamar
place	4539895	SC	Lancaster city	lancaster
place	4540075	SC	Landrum city	landrum
place	4540210	SC	Lane town	lane
place	4540480	SC	Latta town	latta
place	4540615	SC	Laurens city	laurens
place	4541335	SC	Lexington town	lexington
place	4541380	SC	Liberty city	liberty
place	4541740	SC	Lincolnville town	lincolnville
place	4541965	SC	Little Mountain town	little mountain
place	4542100	SC	Livingston town	livingston
place	4542190	SC	Lockhart town	lockhart
place	4542280	SC	Lodge town	lodge
place	4542730	SC	Loris city	loris
place	4542820	SC	Lowndesville town	lowndesville
place	4542865	SC	Lowrys town	lowrys
place	4543090	SC	Luray town	luray
place	4543315	SC	Lyman town	lyman
place	4543360	SC	Lynchburg town	lynchburg
place	4543495	SC	McBee town	mcbee
place	4543585	SC	McClellanville town	mcclellanville
place	4543630	SC	McColl town	mccoll
place	4543675	SC	McConnells town	mcconnells
place	4543720	SC	McCormick town	mccormick
place	4544350	SC	Manning city	manning
place	4544575	SC	Marion city	marion
place	4545115	SC	Mauldin city	mauldin
place	4545295	SC	Mayesville town	mayesville
place	4545790	SC	Meggett town	meggett
place	4547275	SC	Moncks Corner town	moncks corner
place	4547320	SC	Monetta town	monetta
place	4548355	SC	Mount Croghan town	mount croghan
place	4548535	SC	Mount Pleasant town	mount pleasant
place	4548805	SC	Mullins city	mullins
place	4549075	SC	Myrtle Beach city	myrtle beach
place	4549390	SC	Neeses town	neeses
place	4549570	SC	Newberry city	newberry
place	4549705	SC	New Ellenton town	new ellenton
place	4550110	SC	Nichols town	nichols
place	4550290	SC	Ninety Six town	ninety six
place	4550515	SC	Norris town	norris
place	4550560	SC	North town	north
place	4550695	SC	North Augusta city	north augusta
place	4550875	SC	North Charleston city	north charleston
place	4551280	SC	North Myrtle Beach city	north myrtle beach
place	4551550	SC	Norway town	norway
place	4552540	SC	Olanta town	olanta
place	4552585	SC	Olar town	olar
place	4553080	SC	Orangeburg city	orangeburg
place	4553845	SC	Pacolet town	pacolet
place	4554025	SC	Pageland town	pageland
place	4554340	SC	Pamplico town	pamplico
place	4554700	SC	Parksville town	parksville
place	4554925	SC	Patrick town	patrick
place	4555015	SC	Pawleys Island town	pawleys island
place	4555060	SC	Paxville town	paxville
place	4555150	SC	Peak town	peak
place	4555420	SC	Pelion town	pelion
place	4555465	SC	Pelzer town	pelzer
place	4555645	SC	Pendleton town	pendleton
place	4555960	SC	Perry town	perry
place	4556140	SC	Pickens city	pickens
place	4556950	SC	Pine Ridge town	pine ridge
place	4557085	SC	Pinewood town	pinewood
place	4557670	SC	Plum Branch town	plum branch
place	4557850	SC	Pomaria town	pomaria
place	4558030	SC	Port Royal town	port royal
place	4558705	SC	Prosperity town	prosperity
place	4558795	SC	Quinby town	quinby
place	4559020	SC	Ravenel town	ravenel
place	4559380	SC	Reevesville town	reevesville
place	4559425	SC	Reidville town	reidville
place	4559920	SC	Richburg town	richburg
place	4560280	SC	Ridgeland town	ridgeland
place	4560325	SC	Ridge Spring town	ridge spring
place	4560370	SC	Ridgeville town	ridgeville
place	4560415	SC	Ridgeway town	ridgeway
place	4561405	SC	Rock Hill city	rock hill
place	4561495	SC	Rockville town	rockville
place	4562035	SC	Rowesville town	rowesville
place	4562080	SC	Ruby town	ruby
place	4562530	SC	St. George town	st george
place	4562620	SC	St. Matthews town	st matthews
place	4562755	SC	St. Stephen town	st stephen
place	4562980	SC	Salem town	salem
place	4563115	SC	Salley town	salley
place	4563250	SC	Saluda town	saluda
place	4563790	SC	Santee town	santee
place	4564465	SC	Scotia town	scotia
place	4564600	SC	Scranton town	scranton
place	4564712	SC	Seabrook Island town	seabrook island
place	4565005	SC	Sellers town	sellers
place	4565095	SC	Seneca city	seneca
place	4565410	SC	Sharon town	sharon
place	4566400	SC	Silverstreet town	silverstreet
place	4566580	SC	Simpsonville city	simpsonville
place	4566760	SC	Six Mile town	six mile
place	4567165	SC	Smoaks town	smoaks
place	4567210	SC	Smyrna town	smyrna
place	4567255	SC	Snelling town	snelling
place	4567435	SC	Society Hill town	society hill
place	4567705	SC	South Congaree town	south congaree
place	4568290	SC	Spartanburg city	spartanburg
place	4568425	SC	Springdale town	springdale
place	4568470	SC	Springfield town	springfield
place	4568875	SC	Starr town	starr
place	4570045	SC	Stuckey town	stuckey
place	4570090	SC	Sullivan's Island town	sullivans island
place	4570225	SC	Summerton town	summerton
place	4570270	SC	Summerville town	summerville
place	4570315	SC	Summit town	summit
place	4570405	SC	Sumter city	sumter
place	4570585	SC	Surfside Beach town	surfside beach
place	4570675	SC	Swansea town	swansea
place	4570900	SC	Sycamore town	sycamore
place	4571305	SC	Tatum town	tatum
place	4571417	SC	Tega Cay city	tega cay
place	4571980	SC	Timmonsville town	timmonsville
place	4572430	SC	Travelers Rest city	travelers rest
place	4572520	SC	Trenton town	trenton
place	4572655	SC	Troy town	troy
place	4572745	SC	Turbeville town	turbeville
place	4572880	SC	Ulmer town	ulmer
place	4573105	SC	Union city	union
place	4573510	SC	Vance town	vance
place	4573555	SC	Van Wyck town	van wyck
place	4573600	SC	Varnville town	varnville
place	4574050	SC	Wagener town	wagener
place	4574095	SC	Walhalla city	walhalla
place	4574275	SC	Walterboro city	walterboro
place	4574590	SC	Ward town	ward
place	4574680	SC	Ware Shoals town	ware shoals
place	4574995	SC	Waterloo town	waterloo
place	4575580	SC	Wellford city	wellford
place	4575850	SC	West Columbia city	west columbia
place	4576165	SC	Westminster city	westminster
place	4576345	SC	West Pelzer town	west pelzer
place	4576435	SC	West Union town	west union
place	4577380	SC	Whitmire town	whitmire
place	4577785	SC	Williams town	williams
place	4577875	SC	Williamston town	williamston
place	4577965	SC	Williston town	williston
place	4578190	SC	Windsor town	windsor
place	4578460	SC	Winnsboro town	winnsboro
place	4578910	SC	Woodford town	woodford
place	4579090	SC	Woodruff city	woodruff
place	4579450	SC	Yemassee town	yemassee
place	4579630	SC	York city	york
place	4600100	SD	Aberdeen city	aberdeen
place	4600460	SD	Agar town	agar
place	4600540	SD	Akaska town	akaska
place	4600620	SD	Albee town	albee
place	4600700	SD	Alcester city	alcester
place	4600820	SD	Alexandria city	alexandria
place	4601020	SD	Alpena town	alpena
place	4601140	SD	Altamont town	altamont
place	4601500	SD	Andover town	andover
place	4602180	SD	Arlington city	arlington
place	4602260	SD	Armour city	armour
place	4602340	SD	Artas town	artas
place	4602380	SD	Artesian town	artesian
place	4602540	SD	Ashton city	ashton
place	4602580	SD	Astoria town	astoria
place	4602780	SD	Aurora town	aurora
place	4602900	SD	Avon city	avon
place	4603060	SD	Badger town	badger
place	4603380	SD	Baltic city	baltic
place	4603420	SD	Bancroft town	bancroft
place	4603860	SD	Batesland town	batesland
place	4604380	SD	Belle Fourche city	belle fourche
place	4604620	SD	Belvidere town	belvidere
place	4604980	SD	Beresford city	beresford
place	4605540	SD	Big Stone City city	big stone
place	4605620	SD	Bison town	bison
place	4606180	SD	Blunt city	blunt
place	4606220	SD	Bonesteel city	bonesteel
place	4606540	SD	Bowdle city	bowdle
place	4606620	SD	Box Elder city	box elder
place	4606660	SD	Bradley town	bradley
place	4606840	SD	Brandon city	brandon
place	4606940	SD	Brandt town	brandt
place	4607040	SD	Brant Lake city	brant lake
place	4607060	SD	Brentford town	brentford
place	4607180	SD	Bridgewater city	bridgewater
place	4607300	SD	Bristol city	bristol
place	4607380	SD	Britton city	britton
place	4607420	SD	Broadland town	broadland
place	4607580	SD	Brookings city	brookings
place	4607740	SD	Bruce city	bruce
place	4608060	SD	Bryant city	bryant
place	4608140	SD	Buffalo town	buffalo
place	4608340	SD	Buffalo Gap town	buffalo gap
place	4608700	SD	Burke city	burke
place	4608820	SD	Bushnell town	bushnell
place	4608860	SD	Butler town	butler
place	4609260	SD	Camp Crook town	camp crook
place	4609300	SD	Canistota city	canistota
place	4609420	SD	Canova town	canova
place	4609500	SD	Canton city	canton
place	4610220	SD	Carthage city	carthage
place	4610500	SD	Castlewood city	castlewood
place	4610620	SD	Cavour town	cavour
place	4611060	SD	Centerville city	centerville
place	4611140	SD	Central City city	central
place	4611220	SD	Chamberlain city	chamberlain
place	4611380	SD	Chancellor town	chancellor
place	4611500	SD	Chelsea town	chelsea
place	4612020	SD	Claire City town	claire
place	4612100	SD	Claremont town	claremont
place	4612180	SD	Clark city	clark
place	4612540	SD	Clear Lake city	clear lake
place	4613220	SD	Colman city	colman
place	4613300	SD	Colome city	colome
place	4613380	SD	Colton city	colton
place	4613420	SD	Columbia city	columbia
place	4613700	SD	Conde city	conde
place	4613940	SD	Corona town	corona
place	4613980	SD	Corsica city	corsica
place	4614220	SD	Cottonwood town	cottonwood
place	4614580	SD	Cresbard town	cresbard
place	4614740	SD	Crooks city	crooks
place	4615140	SD	Custer city	custer
place	4615300	SD	Dallas town	dallas
place	4615420	SD	Dante town	dante
place	4615540	SD	Davis town	davis
place	4615700	SD	Deadwood city	deadwood
place	4615980	SD	Dell Rapids city	dell rapids
place	4616060	SD	Delmont city	delmont
place	4616260	SD	De Smet city	de smet
place	4616620	SD	Dimock town	dimock
place	4616820	SD	Doland city	doland
place	4616860	SD	Dolton town	dolton
place	4617020	SD	Draper town	draper
place	4617420	SD	Dupree city	dupree
place	4617620	SD	Eagle Butte city	eagle butte
place	4618180	SD	Eden town	eden
place	4618300	SD	Edgemont city	edgemont
place	4618460	SD	Egan city	egan
place	4618620	SD	Elk Point city	elk point
place	4618700	SD	Elkton city	elkton
place	4619420	SD	Emery city	emery
place	4619860	SD	Erwin town	erwin
place	4619980	SD	Estelline city	estelline
place	4620060	SD	Ethan town	ethan
place	4620180	SD	Eureka city	eureka
place	4620340	SD	Fairburn town	fairburn
place	4620380	SD	Fairfax town	fairfax
place	4620780	SD	Fairview town	fairview
place	4620980	SD	Faith city	faith
place	4621060	SD	Farmer town	farmer
place	4621260	SD	Faulkton city	faulkton
place	4621540	SD	Flandreau city	flandreau
place	4621820	SD	Florence town	florence
place	4622260	SD	Fort Pierre city	fort pierre
place	4622580	SD	Frankfort city	frankfort
place	4622860	SD	Frederick town	frederick
place	4623020	SD	Freeman city	freeman
place	4623140	SD	Fruitdale town	fruitdale
place	4623220	SD	Fulton town	fulton
place	4623460	SD	Garden City town	garden
place	4623820	SD	Garretson city	garretson
place	4623860	SD	Gary city	gary
place	4623900	SD	Gayville town	gayville
place	4623980	SD	Geddes city	geddes
place	4624260	SD	Gettysburg city	gettysburg
place	4624620	SD	Glenham town	glenham
place	4624820	SD	Goodwin town	goodwin
place	4626180	SD	Gregory city	gregory
place	4626220	SD	Grenville town	grenville
place	4626340	SD	Groton city	groton
place	4627260	SD	Harrisburg city	harrisburg
place	4627420	SD	Harrold town	harrold
place	4627540	SD	Hartford city	hartford
place	4627820	SD	Hayti town	hayti
place	4627940	SD	Hazel town	hazel
place	4627980	SD	Hecla city	hecla
place	4628140	SD	Henry town	henry
place	4628300	SD	Hermosa town	hermosa
place	4628340	SD	Herreid city	herreid
place	4628420	SD	Herrick town	herrick
place	4628460	SD	Hetland town	hetland
place	4628980	SD	Highmore city	highmore
place	4629100	SD	Hill City city	hill
place	4629340	SD	Hillsview town	hillsview
place	4629500	SD	Hitchcock town	hitchcock
place	4630140	SD	Hosmer city	hosmer
place	4630220	SD	Hot Springs city	hot springs
place	4630300	SD	Hoven town	hoven
place	4630460	SD	Howard city	howard
place	4630740	SD	Hudson town	hudson
place	4630900	SD	Humboldt town	humboldt
place	4630980	SD	Hurley city	hurley
place	4631060	SD	Huron city	huron
place	4631620	SD	Interior town	interior
place	4631860	SD	Ipswich city	ipswich
place	4631940	SD	Irene city	irene
place	4632020	SD	Iroquois city	iroquois
place	4632140	SD	Isabel town	isabel
place	4632460	SD	Java town	java
place	4632700	SD	Jefferson city	jefferson
place	4633180	SD	Kadoka city	kadoka
place	4633580	SD	Kennebec town	kennebec
place	4633820	SD	Keystone town	keystone
place	4633980	SD	Kimball city	kimball
place	4634340	SD	Kranzburg town	kranzburg
place	4634540	SD	La Bolt town	la bolt
place	4635100	SD	Lake Andes city	lake andes
place	4635220	SD	Lake City town	lake
place	4635460	SD	Lake Norden city	lake norden
place	4635500	SD	Lake Preston city	lake preston
place	4635780	SD	Lane town	lane
place	4635820	SD	Langford town	langford
place	4636220	SD	Lead city	lead
place	4636260	SD	Lebanon town	lebanon
place	4636340	SD	Lemmon city	lemmon
place	4636380	SD	Lennox city	lennox
place	4636460	SD	Leola city	leola
place	4636540	SD	Lesterville town	lesterville
place	4636620	SD	Letcher town	letcher
place	4638860	SD	Long Lake town	long lake
place	4639260	SD	Lowry town	lowry
place	4639940	SD	McIntosh city	mcintosh
place	4640020	SD	McLaughlin city	mclaughlin
place	4640220	SD	Madison city	madison
place	4640860	SD	Marion city	marion
place	4641100	SD	Martin city	martin
place	4641220	SD	Marvin town	marvin
place	4641860	SD	Mellette city	mellette
place	4641980	SD	Menno city	menno
place	4642140	SD	Midland town	midland
place	4642260	SD	Milbank city	milbank
place	4642460	SD	Miller city	miller
place	4642940	SD	Mission city	mission
place	4642980	SD	Mission Hill town	mission hill
place	4643100	SD	Mitchell city	mitchell
place	4643180	SD	Mobridge city	mobridge
place	4643380	SD	Monroe town	monroe
place	4643500	SD	Montrose city	montrose
place	4643860	SD	Morristown town	morristown
place	4644020	SD	Mound City town	mound
place	4644100	SD	Mount Vernon city	mount vernon
place	4644260	SD	Murdo city	murdo
place	4644620	SD	Naples town	naples
place	4644820	SD	New Effington town	new effington
place	4644860	SD	Newell city	newell
place	4645060	SD	New Underwood city	new underwood
place	4645100	SD	New Witten town	new witten
place	4645180	SD	Nisland town	nisland
place	4645700	SD	North Sioux City city	north sioux
place	4645740	SD	Northville town	northville
place	4646060	SD	Nunda town	nunda
place	4646180	SD	Oacoma town	oacoma
place	4646500	SD	Oelrichs town	oelrichs
place	4646780	SD	Oldham city	oldham
place	4646900	SD	Olivet town	olivet
place	4646980	SD	Onaka town	onaka
place	4647180	SD	Onida city	onida
place	4647460	SD	Orient town	orient
place	4647660	SD	Ortley town	ortley
place	4648380	SD	Parker city	parker
place	4648460	SD	Parkston city	parkston
place	4648940	SD	Peever town	peever
place	4649300	SD	Philip city	philip
place	4649460	SD	Pickstown town	pickstown
place	4649500	SD	Piedmont city	piedmont
place	4649540	SD	Pierpont town	pierpont
place	4649600	SD	Pierre city	pierre
place	4650020	SD	Plankinton city	plankinton
place	4650260	SD	Platte city	platte
place	4651260	SD	Pollock town	pollock
place	4651820	SD	Presho city	presho
place	4651940	SD	Pringle town	pringle
place	4652220	SD	Pukwana town	pukwana
place	4652500	SD	Quinn town	quinn
place	4652860	SD	Ramona town	ramona
place	4652980	SD	Rapid City city	rapid
place	4653220	SD	Ravinia town	ravinia
place	4653260	SD	Raymond town	raymond
place	4653460	SD	Redfield city	redfield
place	4653940	SD	Ree Heights town	ree heights
place	4654020	SD	Reliance town	reliance
place	4654220	SD	Revillo town	revillo
place	4655540	SD	Rockham town	rockham
place	4655820	SD	Roscoe city	roscoe
place	4656340	SD	Rosholt town	rosholt
place	4656380	SD	Roslyn town	roslyn
place	4657140	SD	St. Francis town	st francis
place	4657180	SD	St. Lawrence town	st lawrence
place	4657340	SD	Salem city	salem
place	4657940	SD	Scotland city	scotland
place	4658140	SD	Selby city	selby
place	4658180	SD	Seneca town	seneca
place	4658580	SD	Sherman town	sherman
place	4658900	SD	Sinai town	sinai
place	4659020	SD	Sioux Falls city	sioux falls
place	4659260	SD	Sisseton city	sisseton
place	4659940	SD	South Shore town	south shore
place	4660020	SD	Spearfish city	spearfish
place	4660060	SD	Spencer city	spencer
place	4660660	SD	Springfield city	springfield
place	4661700	SD	Stickney town	stickney
place	4661740	SD	Stockholm town	stockholm
place	4661980	SD	Strandburg town	strandburg
place	4662020	SD	Stratford town	stratford
place	4662100	SD	Sturgis city	sturgis
place	4662155	SD	Summerset city	summerset
place	4662220	SD	Summit town	summit
place	4662820	SD	Tabor town	tabor
place	4663100	SD	Tea city	tea
place	4663620	SD	Timber Lake city	timber lake
place	4663700	SD	Tolstoy town	tolstoy
place	4663740	SD	Toronto town	toronto
place	4663940	SD	Trent town	trent
place	4664020	SD	Tripp city	tripp
place	4664300	SD	Tulare town	tulare
place	4664540	SD	Turton town	turton
place	4664700	SD	Twin Brooks town	twin brooks
place	4664860	SD	Tyndall city	tyndall
place	4665780	SD	Utica town	utica
place	4666260	SD	Valley Springs city	valley springs
place	4666540	SD	Veblen city	veblen
place	4666660	SD	Verdon town	verdon
place	4666700	SD	Vermillion city	vermillion
place	4667020	SD	Viborg city	viborg
place	4667220	SD	Vienna town	vienna
place	4667340	SD	Vilas town	vilas
place	4667500	SD	Virgil town	virgil
place	4667700	SD	Volga city	volga
place	4667780	SD	Volin town	volin
place	4668020	SD	Wagner city	wagner
place	4668100	SD	Wakonda town	wakonda
place	4668380	SD	Wall town	wall
place	4668420	SD	Wallace town	wallace
place	4668660	SD	Ward town	ward
place	4668740	SD	Warner town	warner
place	4669140	SD	Wasta town	wasta
place	4669300	SD	Watertown city	watertown
place	4669340	SD	Waubay city	waubay
place	4669780	SD	Webster city	webster
place	4670020	SD	Wentworth village	wentworth
place	4670140	SD	Wessington city	wessington
place	4670220	SD	Wessington Springs city	wessington springs
place	4670540	SD	Westport town	westport
place	4670740	SD	Wetonka town	wetonka
place	4670940	SD	White city	white
place	4671180	SD	White Lake city	white lake
place	4671340	SD	White River city	white river
place	4671380	SD	White Rock town	white rock
place	4671580	SD	Whitewood city	whitewood
place	4671940	SD	Willow Lake city	willow lake
place	4671980	SD	Wilmot city	wilmot
place	4672180	SD	Winner city	winner
place	4672540	SD	Wolsey town	wolsey
place	4672620	SD	Wood town	wood
place	4672700	SD	Woonsocket city	woonsocket
place	4672820	SD	Worthing city	worthing
place	4673020	SD	Yale town	yale
place	4673060	SD	Yankton city	yankton
place	4700200	TN	Adams city	adams
place	4700240	TN	Adamsville town	adamsville
place	4700440	TN	Alamo town	alamo
place	4700540	TN	Alcoa city	alcoa
place	4700620	TN	Alexandria town	alexandria
place	4700640	TN	Algood city	algood
place	4700660	TN	Allardt city	allardt
place	4700940	TN	Altamont town	altamont
place	4701640	TN	Ardmore city	ardmore
place	4701740	TN	Arlington town	arlington
place	4702180	TN	Ashland City town	ashland
place	4702320	TN	Athens city	athens
place	4702340	TN	Atoka town	atoka
place	4702380	TN	Atwood town	atwood
place	4702400	TN	Auburntown town	auburntown
place	4702780	TN	Baileyton town	baileyton
place	4703078	TN	Baneberry city	baneberry
place	4703440	TN	Bartlett city	bartlett
place	4703680	TN	Baxter town	baxter
place	4703760	TN	Bean Station city	bean station
place	4704240	TN	Beersheba Springs town	beersheba springs
place	4704460	TN	Bell Buckle town	bell buckle
place	4704620	TN	Belle Meade city	belle meade
place	4704720	TN	Bells city	bells
place	4705040	TN	Benton town	benton
place	4705140	TN	Berry Hill city	berry hill
place	4705380	TN	Bethel Springs town	bethel springs
place	4705860	TN	Big Sandy town	big sandy
place	4706340	TN	Blaine city	blaine
place	4706960	TN	Bluff City city	bluff
place	4707180	TN	Bolivar city	bolivar
place	4707840	TN	Braden town	braden
place	4707860	TN	Bradford town	bradford
place	4708280	TN	Brentwood city	brentwood
place	4708500	TN	Brighton town	brighton
place	4708540	TN	Bristol city	bristol
place	4708920	TN	Brownsville city	brownsville
place	4708960	TN	Bruceton town	bruceton
place	4709560	TN	Bulls Gap town	bulls gap
place	4709860	TN	Burlison town	burlison
place	4709880	TN	Burns town	burns
place	4710180	TN	Byrdstown town	byrdstown
place	4710440	TN	Calhoun town	calhoun
place	4710560	TN	Camden city	camden
place	4711280	TN	Carthage town	carthage
place	4711360	TN	Caryville town	caryville
place	4711980	TN	Cedar Hill city	cedar hill
place	4712100	TN	Celina city	celina
place	4712380	TN	Centertown town	centertown
place	4712420	TN	Centerville town	centerville
place	4712880	TN	Chapel Hill town	chapel hill
place	4713020	TN	Charleston city	charleston
place	4713080	TN	Charlotte town	charlotte
place	4714000	TN	Chattanooga city	chattanooga
place	4714980	TN	Church Hill city	church hill
place	4715140	TN	Clarksburg town	clarksburg
place	4715160	TN	Clarksville city	clarksville
place	4715400	TN	Cleveland city	cleveland
place	4715480	TN	Clifton city	clifton
place	4715580	TN	Clinton city	clinton
place	4715920	TN	Coalmont city	coalmont
place	4716300	TN	Collegedale city	collegedale
place	4716420	TN	Collierville town	collierville
place	4716480	TN	Collinwood city	collinwood
place	4716540	TN	Columbia city	columbia
place	4716920	TN	Cookeville city	cookeville
place	4716980	TN	Coopertown town	coopertown
place	4717000	TN	Copperhill city	copperhill
place	4717180	TN	Cornersville town	cornersville
place	4717340	TN	Cottage Grove town	cottage grove
place	4717680	TN	Covington city	covington
place	4717700	TN	Cowan city	cowan
place	4717840	TN	Crab Orchard city	crab orchard
place	4718420	TN	Cross Plains city	cross plains
place	4718540	TN	Crossville city	crossville
place	4718620	TN	Crump city	crump
place	4718820	TN	Cumberland City town	cumberland
place	4718880	TN	Cumberland Gap town	cumberland gap
place	4719380	TN	Dandridge town	dandridge
place	4719700	TN	Dayton city	dayton
place	4719880	TN	Decatur town	decatur
place	4719900	TN	Decaturville town	decaturville
place	4719920	TN	Decherd city	decherd
place	4720620	TN	Dickson city	dickson
place	4721400	TN	Dover city	dover
place	4721420	TN	Dowelltown town	dowelltown
place	4721500	TN	Doyle town	doyle
place	4721540	TN	Dresden town	dresden
place	4721740	TN	Ducktown city	ducktown
place	4722000	TN	Dunlap city	dunlap
place	4722180	TN	Dyer city	dyer
place	4722200	TN	Dyersburg city	dyersburg
place	4722360	TN	Eagleville city	eagleville
place	4722720	TN	East Ridge city	east ridge
place	4722920	TN	Eastview town	eastview
place	4723500	TN	Elizabethton city	elizabethton
place	4723660	TN	Elkton city	elkton
place	4724040	TN	Englewood town	englewood
place	4724240	TN	Enville town	enville
place	4724320	TN	Erin city	erin
place	4724360	TN	Erwin town	erwin
place	4724440	TN	Estill Springs town	estill springs
place	4724460	TN	Ethridge town	ethridge
place	4724480	TN	Etowah city	etowah
place	4725440	TN	Fairview city	fairview
place	4725760	TN	Farragut town	farragut
place	4725920	TN	Fayetteville city	fayetteville
place	4726160	TN	Finger city	finger
place	4727020	TN	Forest Hills city	forest hills
place	4727740	TN	Franklin city	franklin
place	4727960	TN	Friendship city	friendship
place	4728060	TN	Friendsville city	friendsville
place	4728380	TN	Gadsden town	gadsden
place	4728420	TN	Gainesboro town	gainesboro
place	4728540	TN	Gallatin city	gallatin
place	4728560	TN	Gallaway city	gallaway
place	4728680	TN	Garland town	garland
place	4728740	TN	Gates town	gates
place	4728800	TN	Gatlinburg city	gatlinburg
place	4728960	TN	Germantown city	germantown
place	4729020	TN	Gibson town	gibson
place	4729160	TN	Gilt Edge city	gilt edge
place	4729300	TN	Gleason town	gleason
place	4729920	TN	Goodlettsville city	goodlettsville
place	4730120	TN	Gordonsville town	gordonsville
place	4730280	TN	Grand Junction city	grand junction
place	4730760	TN	Graysville town	graysville
place	4730880	TN	Greenback city	greenback
place	4730960	TN	Greenbrier town	greenbrier
place	4730980	TN	Greeneville town	greeneville
place	4731000	TN	Greenfield city	greenfield
place	4731490	TN	Gruetli-Laager city	gruetli laager
place	4731680	TN	Guys town	guys
place	4731820	TN	Halls town	halls
place	4732520	TN	Harriman city	harriman
place	4732640	TN	Harrogate city	harrogate
place	4732742	TN	Hartsville/Trousdale County	hartsville trousdale
place	4733260	TN	Henderson city	henderson
place	4733280	TN	Hendersonville city	hendersonville
place	4733360	TN	Henning town	henning
place	4733400	TN	Henry town	henry
place	4733920	TN	Hickory Valley town	hickory valley
place	4735160	TN	Hohenwald city	hohenwald
place	4735280	TN	Hollow Rock town	hollow rock
place	4736000	TN	Hornbeak town	hornbeak
place	4736080	TN	Hornsby town	hornsby
place	4736460	TN	Humboldt city	humboldt
place	4736580	TN	Huntingdon town	huntingdon
place	4736600	TN	Huntland town	huntland
place	4736640	TN	Huntsville town	huntsville
place	4737600	TN	Jacksboro town	jacksboro
place	4737640	TN	Jackson city	jackson
place	4737780	TN	Jamestown city	jamestown
place	4737820	TN	Jasper town	jasper
place	4737960	TN	Jefferson City city	jefferson
place	4738020	TN	Jellico city	jellico
place	4738320	TN	Johnson City city	johnson
place	4738540	TN	Jonesborough town	jonesborough
place	4739140	TN	Kenton town	kenton
place	4739400	TN	Kimball town	kimball
place	4739560	TN	Kingsport city	kingsport
place	4739620	TN	Kingston city	kingston
place	4739660	TN	Kingston Springs town	kingston springs
place	4740000	TN	Knoxville city	knoxville
place	4740160	TN	Lafayette city	lafayette
place	4740180	TN	La Follette city	la follette
place	4740200	TN	La Grange town	la grange
place	4740350	TN	Lakeland city	lakeland
place	4740540	TN	Lakesite city	lakesite
place	4741200	TN	La Vergne city	la vergne
place	4741340	TN	Lawrenceburg city	lawrenceburg
place	4741520	TN	Lebanon city	lebanon
place	4741760	TN	Lenoir City city	lenoir
place	4741860	TN	Lewisburg city	lewisburg
place	4741980	TN	Lexington city	lexington
place	4742040	TN	Liberty town	liberty
place	4742720	TN	Linden town	linden
place	4743140	TN	Livingston town	livingston
place	4743160	TN	Lobelville city	lobelville
place	4743640	TN	Lookout Mountain town	lookout mountain
place	4743700	TN	Loretto city	loretto
place	4743780	TN	Loudon city	loudon
place	4743820	TN	Louisville city	louisville
place	4744300	TN	Luttrell town	luttrell
place	4744382	TN	Lynchburg, Moore County metropolitan government	lynchburg moore county metropolitan government
place	4744420	TN	Lynnville town	lynnville
place	4744840	TN	McEwen city	mcewen
place	4744940	TN	McKenzie city	mckenzie
place	4745000	TN	McLemoresville town	mclemoresville
place	4745100	TN	McMinnville city	mcminnville
place	4745320	TN	Madisonville city	madisonville
place	4745500	TN	Manchester city	manchester
place	4746240	TN	Martin city	martin
place	4746380	TN	Maryville city	maryville
place	4746420	TN	Mason town	mason
place	4746540	TN	Maury City town	maury
place	4746700	TN	Maynardville city	maynardville
place	4747000	TN	Medina city	medina
place	4747020	TN	Medon city	medon
place	4748000	TN	Memphis city	memphis
place	4748180	TN	Michie town	michie
place	4748340	TN	Middleton city	middleton
place	4748660	TN	Milan city	milan
place	4748920	TN	Milledgeville town	milledgeville
place	4748980	TN	Millersville city	millersville
place	4749060	TN	Millington city	millington
place	4749360	TN	Minor Hill city	minor hill
place	4749460	TN	Mitchellville city	mitchellville
place	4749740	TN	Monteagle town	monteagle
place	4749760	TN	Monterey town	monterey
place	4750220	TN	Morrison town	morrison
place	4750280	TN	Morristown city	morristown
place	4750300	TN	Moscow city	moscow
place	4750320	TN	Mosheim town	mosheim
place	4750400	TN	Mountain City town	mountain
place	4750580	TN	Mount Carmel town	mount carmel
place	4750780	TN	Mount Juliet city	mount juliet
place	4751080	TN	Mount Pleasant city	mount pleasant
place	4751540	TN	Munford city	munford
place	4751560	TN	Murfreesboro city	murfreesboro
place	4752006	TN	Nashville-Davidson metropolitan government (balance)	nashville davidson metropolitan government balance
place	4752400	TN	Newbern town	newbern
place	4752780	TN	New Hope city	new hope
place	4752820	TN	New Johnsonville city	new johnsonville
place	4752940	TN	New Market town	new market
place	4753000	TN	Newport city	newport
place	4753140	TN	New Tazewell town	new tazewell
place	4753380	TN	Niota city	niota
place	4753460	TN	Nolensville town	nolensville
place	4753580	TN	Normandy town	normandy
place	4753600	TN	Norris city	norris
place	4754280	TN	Oakdale town	oakdale
place	4754780	TN	Oak Hill city	oak hill
place	4754920	TN	Oakland town	oakland
place	4755120	TN	Oak Ridge city	oak ridge
place	4755240	TN	Obion town	obion
place	4755800	TN	Oliver Springs town	oliver springs
place	4755860	TN	Oneida town	oneida
place	4756020	TN	Orlinda city	orlinda
place	4756040	TN	Orme town	orme
place	4756560	TN	Palmer town	palmer
place	4756720	TN	Paris city	paris
place	4756870	TN	Parker's Crossroads city	parkers crossroads
place	4757040	TN	Parrottsville town	parrottsville
place	4757080	TN	Parsons city	parsons
place	4757480	TN	Pegram town	pegram
place	4757740	TN	Petersburg town	petersburg
place	4757900	TN	Philadelphia city	philadelphia
place	4758080	TN	Pigeon Forge city	pigeon forge
place	4758120	TN	Pikeville city	pikeville
place	4758840	TN	Piperton city	piperton
place	4758940	TN	Pittman Center town	pittman center
place	4759020	TN	Plainview city	plainview
place	4759240	TN	Pleasant Hill town	pleasant hill
place	4759560	TN	Pleasant View city	pleasant view
place	4760280	TN	Portland city	portland
place	4760500	TN	Powells Crossroads town	powells crossroads
place	4761040	TN	Pulaski city	pulaski
place	4761160	TN	Puryear city	puryear
place	4761520	TN	Ramer city	ramer
place	4761960	TN	Red Bank city	red bank
place	4762000	TN	Red Boiling Springs city	red boiling springs
place	4763060	TN	Ridgely town	ridgely
place	4763080	TN	Ridgeside city	ridgeside
place	4763140	TN	Ridgetop city	ridgetop
place	4763340	TN	Ripley city	ripley
place	4763800	TN	Rives town	rives
place	4764160	TN	Rockford city	rockford
place	4764440	TN	Rockwood city	rockwood
place	4764668	TN	Rocky Top city	rocky top
place	4764820	TN	Rogersville town	rogersville
place	4765240	TN	Rossville town	rossville
place	4765760	TN	Rutherford town	rutherford
place	4765820	TN	Rutledge town	rutledge
place	4766160	TN	St. Joseph city	st joseph
place	4766340	TN	Saltillo town	saltillo
place	4766360	TN	Samburg town	samburg
place	4766660	TN	Sardis town	sardis
place	4766680	TN	Saulsbury town	saulsbury
place	4766720	TN	Savannah city	savannah
place	4766880	TN	Scotts Hill town	scotts hill
place	4766940	TN	Selmer town	selmer
place	4767120	TN	Sevierville city	sevierville
place	4767540	TN	Sharon town	sharon
place	4767760	TN	Shelbyville city	shelbyville
place	4768540	TN	Signal Mountain town	signal mountain
place	4768560	TN	Silerton town	silerton
place	4769080	TN	Slayden town	slayden
place	4769320	TN	Smithville city	smithville
place	4769420	TN	Smyrna town	smyrna
place	4769460	TN	Sneedville town	sneedville
place	4769560	TN	Soddy-Daisy city	soddy daisy
place	4769620	TN	Somerville town	somerville
place	4769680	TN	South Carthage town	south carthage
place	4769900	TN	South Fulton city	south fulton
place	4770060	TN	South Pittsburg city	south pittsburg
place	4770180	TN	Sparta city	sparta
place	4770240	TN	Spencer city	spencer
place	4770400	TN	Spring City town	spring
place	4770500	TN	Springfield city	springfield
place	4770580	TN	Spring Hill city	spring hill
place	4770820	TN	Stanton town	stanton
place	4770840	TN	Stantonville town	stantonville
place	4772140	TN	Sunbright city	sunbright
place	4772380	TN	Surgoinsville town	surgoinsville
place	4772540	TN	Sweetwater city	sweetwater
place	4773120	TN	Tazewell town	tazewell
place	4773260	TN	Tellico Plains town	tellico plains
place	4773460	TN	Tennessee Ridge town	tennessee ridge
place	4773900	TN	Thompson's Station town	thompsons station
place	4774100	TN	Three Way city	three way
place	4774540	TN	Tiptonville town	tiptonville
place	4774640	TN	Toone town	toone
place	4774860	TN	Townsend city	townsend
place	4774880	TN	Tracy City town	tracy
place	4775000	TN	Trenton city	trenton
place	4775100	TN	Trezevant town	trezevant
place	4775160	TN	Trimble town	trimble
place	4775240	TN	Troy town	troy
place	4775320	TN	Tullahoma city	tullahoma
place	4775560	TN	Tusculum city	tusculum
place	4775820	TN	Unicoi town	unicoi
place	4775940	TN	Union City city	union
place	4776860	TN	Vanleer town	vanleer
place	4777400	TN	Viola town	viola
place	4777480	TN	Vonore town	vonore
place	4777540	TN	Walden town	walden
place	4778100	TN	Wartburg city	wartburg
place	4778120	TN	Wartrace town	wartrace
place	4778240	TN	Watauga city	watauga
place	4778320	TN	Watertown city	watertown
place	4778560	TN	Waverly city	waverly
place	4778600	TN	Waynesboro city	waynesboro
place	4779420	TN	Westmoreland town	westmoreland
place	4779980	TN	White Bluff town	white bluff
place	4780200	TN	White House city	white house
place	4780360	TN	White Pine town	white pine
place	4780540	TN	Whiteville town	whiteville
place	4780620	TN	Whitwell city	whitwell
place	4781020	TN	Williston city	williston
place	4781080	TN	Winchester city	winchester
place	4781280	TN	Winfield town	winfield
place	4781560	TN	Woodbury town	woodbury
place	4781700	TN	Woodland Mills city	woodland mills
place	4782360	TN	Yorkville city	yorkville
place	4800100	TX	Abbott city	abbott
place	4800160	TX	Abernathy city	abernathy
place	4801000	TX	Abilene city	abilene
place	4801108	TX	Ackerly city	ackerly
place	4801240	TX	Addison town	addison
place	4801324	TX	Adrian city	adrian
place	4801396	TX	Agua Dulce city	agua dulce
place	4801576	TX	Alamo city	alamo
place	4801600	TX	Alamo Heights city	alamo heights
place	4801636	TX	Alba town	alba
place	4801648	TX	Albany city	albany
place	4801744	TX	Aledo city	aledo
place	4801852	TX	Alice city	alice
place	4801924	TX	Allen city	allen
place	4802044	TX	Alma town	alma
place	4802104	TX	Alpine city	alpine
place	4802188	TX	Alto town	alto
place	4802212	TX	Alton city	alton
place	4802260	TX	Alvarado city	alvarado
place	4802272	TX	Alvin city	alvin
place	4802284	TX	Alvord town	alvord
place	4803000	TX	Amarillo city	amarillo
place	4803072	TX	Ames city	ames
place	4803084	TX	Amherst city	amherst
place	4803144	TX	Anahuac city	anahuac
place	4803192	TX	Anderson city	anderson
place	4803216	TX	Andrews city	andrews
place	4803264	TX	Angleton city	angleton
place	4803288	TX	Angus city	angus
place	4803300	TX	Anna city	anna
place	4803336	TX	Annetta town	annetta
place	4803340	TX	Annetta North town	annetta north
place	4803342	TX	Annetta South town	annetta south
place	4803360	TX	Annona town	annona
place	4803372	TX	Anson city	anson
place	4803432	TX	Anthony town	anthony
place	4803540	TX	Anton city	anton
place	4803564	TX	Appleby city	appleby
place	4803588	TX	Aquilla city	aquilla
place	4803600	TX	Aransas Pass city	aransas pass
place	4803696	TX	Archer City city	archer
place	4803708	TX	Arcola city	arcola
place	4803768	TX	Argyle city	argyle
place	4804000	TX	Arlington city	arlington
place	4804156	TX	Arp city	arp
place	4804300	TX	Asherton city	asherton
place	4804408	TX	Aspermont town	aspermont
place	4804504	TX	Athens city	athens
place	4804516	TX	Atlanta city	atlanta
place	4804600	TX	Aubrey city	aubrey
place	4804672	TX	Aurora city	aurora
place	4805000	TX	Austin city	austin
place	4805036	TX	Austwell city	austwell
place	4805072	TX	Avery town	avery
place	4805084	TX	Avinger town	avinger
place	4805168	TX	Azle city	azle
place	4805264	TX	Bailey city	bailey
place	4805288	TX	Bailey's Prairie village	baileys prairie
place	4805336	TX	Baird city	baird
place	4805372	TX	Balch Springs city	balch springs
place	4805384	TX	Balcones Heights city	balcones heights
place	4805456	TX	Ballinger city	ballinger
place	4805468	TX	Balmorhea city	balmorhea
place	4805528	TX	Bandera city	bandera
place	4805552	TX	Bangs city	bangs
place	4805612	TX	Bardwell city	bardwell
place	4805708	TX	Barry city	barry
place	4805720	TX	Barstow city	barstow
place	4805732	TX	Bartlett city	bartlett
place	4805768	TX	Bartonville town	bartonville
place	4805864	TX	Bastrop city	bastrop
place	4805984	TX	Bay City city	bay
place	4806060	TX	Bayou Vista city	bayou vista
place	4806104	TX	Bayside town	bayside
place	4806128	TX	Baytown city	baytown
place	4806140	TX	Bayview town	bayview
place	4806200	TX	Beach City city	beach
place	4806242	TX	Bear Creek village	bear creek
place	4806272	TX	Beasley city	beasley
place	4807000	TX	Beaumont city	beaumont
place	4807108	TX	Beckville city	beckville
place	4807132	TX	Bedford city	bedford
place	4807144	TX	Bedias city	bedias
place	4807156	TX	Bee Cave city	bee cave
place	4807192	TX	Beeville city	beeville
place	4807300	TX	Bellaire city	bellaire
place	4807396	TX	Bellevue city	bellevue
place	4807408	TX	Bellmead city	bellmead
place	4807420	TX	Bells town	bells
place	4807432	TX	Bellville city	bellville
place	4807492	TX	Belton city	belton
place	4807528	TX	Benavides city	benavides
place	4807552	TX	Benbrook city	benbrook
place	4807636	TX	Benjamin city	benjamin
place	4807852	TX	Berryville town	berryville
place	4807864	TX	Bertram city	bertram
place	4808104	TX	Beverly Hills city	beverly hills
place	4808128	TX	Bevil Oaks city	bevil oaks
place	4808212	TX	Big Lake city	big lake
place	4808224	TX	Big Sandy town	big sandy
place	4808236	TX	Big Spring city	big spring
place	4808260	TX	Big Wells city	big wells
place	4808392	TX	Bishop city	bishop
place	4808398	TX	Bishop Hills town	bishop hills
place	4808488	TX	Blackwell city	blackwell
place	4808536	TX	Blanco city	blanco
place	4808596	TX	Blanket town	blanket
place	4808752	TX	Bloomburg town	bloomburg
place	4808788	TX	Blooming Grove town	blooming grove
place	4808812	TX	Blossom city	blossom
place	4808860	TX	Blue Mound city	blue mound
place	4808872	TX	Blue Ridge city	blue ridge
place	4809004	TX	Blum town	blum
place	4809160	TX	Boerne city	boerne
place	4809172	TX	Bogata city	bogata
place	4809328	TX	Bonham city	bonham
place	4809388	TX	Bonney village	bonney
place	4809448	TX	Booker town	booker
place	4809556	TX	Borger city	borger
place	4809628	TX	Bovina city	bovina
place	4809640	TX	Bowie city	bowie
place	4809748	TX	Boyd town	boyd
place	4809868	TX	Brackettville city	brackettville
place	4809916	TX	Brady city	brady
place	4810072	TX	Brazoria city	brazoria
place	4810090	TX	Brazos Country city	brazos country
place	4810132	TX	Breckenridge city	breckenridge
place	4810144	TX	Bremond city	bremond
place	4810156	TX	Brenham city	brenham
place	4810197	TX	Briarcliff village	briarcliff
place	4810216	TX	Briaroaks city	briaroaks
place	4810252	TX	Bridge City city	bridge
place	4810264	TX	Bridgeport city	bridgeport
place	4810384	TX	Broaddus town	broaddus
place	4810528	TX	Bronte town	bronte
place	4810636	TX	Brookshire city	brookshire
place	4810648	TX	Brookside Village city	brookside
place	4810708	TX	Browndell city	browndell
place	4810720	TX	Brownfield city	brownfield
place	4810756	TX	Brownsboro city	brownsboro
place	4810768	TX	Brownsville city	brownsville
place	4810780	TX	Brownwood city	brownwood
place	4810828	TX	Bruceville-Eddy city	bruceville eddy
place	4810912	TX	Bryan city	bryan
place	4810960	TX	Bryson city	bryson
place	4811020	TX	Buckholts town	buckholts
place	4811080	TX	Buda city	buda
place	4811116	TX	Buffalo city	buffalo
place	4811128	TX	Buffalo Gap town	buffalo gap
place	4811155	TX	Buffalo Springs Lake village	buffalo springs lake
place	4811212	TX	Bullard town	bullard
place	4811224	TX	Bulverde city	bulverde
place	4811300	TX	Bunker Hill Village city	bunker hill
place	4811368	TX	Burkburnett city	burkburnett
place	4811380	TX	Burke city	burke
place	4811428	TX	Burleson city	burleson
place	4811464	TX	Burnet city	burnet
place	4811536	TX	Burton city	burton
place	4811644	TX	Byers city	byers
place	4811656	TX	Bynum town	bynum
place	4811692	TX	Cactus city	cactus
place	4811716	TX	Caddo Mills city	caddo mills
place	4811836	TX	Caldwell city	caldwell
place	4811968	TX	Callisburg city	callisburg
place	4811992	TX	Calvert city	calvert
place	4812040	TX	Cameron city	cameron
place	4812112	TX	Campbell city	campbell
place	4812388	TX	Camp Wood city	camp wood
place	4812412	TX	Canadian city	canadian
place	4812472	TX	Caney City town	caney
place	4812496	TX	Canton city	canton
place	4812532	TX	Canyon city	canyon
place	4812736	TX	Carbon town	carbon
place	4812895	TX	Carl's Corner town	carls corner
place	4812916	TX	Carmine city	carmine
place	4812988	TX	Carrizo Springs city	carrizo springs
place	4813024	TX	Carrollton city	carrollton
place	4813108	TX	Carthage city	carthage
place	4813198	TX	Cashion Community city	cashion community
place	4813276	TX	Castle Hills city	castle hills
place	4813312	TX	Castroville city	castroville
place	4813492	TX	Cedar Hill city	cedar hill
place	4813552	TX	Cedar Park city	cedar park
place	4813672	TX	Celeste city	celeste
place	4813684	TX	Celina city	celina
place	4813732	TX	Center city	center
place	4813900	TX	Centerville city	centerville
place	4814224	TX	Chandler city	chandler
place	4814260	TX	Channing city	channing
place	4814404	TX	Charlotte city	charlotte
place	4814584	TX	Chester town	chester
place	4814620	TX	Chico city	chico
place	4814668	TX	Childress city	childress
place	4814680	TX	Chillicothe city	chillicothe
place	4814704	TX	China city	china
place	4814716	TX	China Grove town	china grove
place	4814776	TX	Chireno city	chireno
place	4814860	TX	Christine town	christine
place	4814920	TX	Cibolo city	cibolo
place	4815004	TX	Cisco city	cisco
place	4815112	TX	Clarendon city	clarendon
place	4815160	TX	Clarksville city	clarksville
place	4815172	TX	Clarksville City city	clarksville
place	4815196	TX	Claude city	claude
place	4815328	TX	Clear Lake Shores city	clear lake shores
place	4815364	TX	Cleburne city	cleburne
place	4815436	TX	Cleveland city	cleveland
place	4815472	TX	Clifton city	clifton
place	4815544	TX	Clint town	clint
place	4815652	TX	Clute city	clute
place	4815676	TX	Clyde city	clyde
place	4815700	TX	Coahoma town	coahoma
place	4815796	TX	Cockrell Hill city	cockrell hill
place	4815820	TX	Coffee City town	coffee
place	4815892	TX	Coldspring city	coldspring
place	4815916	TX	Coleman city	coleman
place	4815976	TX	College Station city	college station
place	4815988	TX	Colleyville city	colleyville
place	4816036	TX	Collinsville town	collinsville
place	4816048	TX	Colmesneil city	colmesneil
place	4816120	TX	Colorado City city	colorado
place	4816168	TX	Columbus city	columbus
place	4816192	TX	Comanche city	comanche
place	4816204	TX	Combes town	combes
place	4816216	TX	Combine city	combine
place	4816240	TX	Commerce city	commerce
place	4816252	TX	Como town	como
place	4816432	TX	Conroe city	conroe
place	4816468	TX	Converse city	converse
place	4816540	TX	Cool city	cool
place	4816552	TX	Coolidge town	coolidge
place	4816564	TX	Cooper city	cooper
place	4816612	TX	Coppell city	coppell
place	4816624	TX	Copperas Cove city	copperas cove
place	4816636	TX	Copper Canyon town	copper canyon
place	4816696	TX	Corinth city	corinth
place	4817000	TX	Corpus Christi city	corpus christi
place	4817021	TX	Corral City town	corral
place	4817036	TX	Corrigan town	corrigan
place	4817060	TX	Corsicana city	corsicana
place	4817200	TX	Cottonwood city	cottonwood
place	4817208	TX	Cottonwood Shores city	cottonwood shores
place	4817216	TX	Cotulla city	cotulla
place	4817312	TX	Coupland city	coupland
place	4817336	TX	Cove city	cove
place	4817372	TX	Covington city	covington
place	4817429	TX	Coyote Flats city	coyote flats
place	4817504	TX	Crandall city	crandall
place	4817516	TX	Crane city	crane
place	4817540	TX	Cranfills Gap city	cranfills gap
place	4817564	TX	Crawford town	crawford
place	4817612	TX	Creedmoor city	creedmoor
place	4817648	TX	Cresson city	cresson
place	4817744	TX	Crockett city	crockett
place	4817768	TX	Crosbyton city	crosbyton
place	4817816	TX	Cross Plains town	cross plains
place	4817852	TX	Cross Roads town	cross roads
place	4817917	TX	Cross Timber town	cross timber
place	4817948	TX	Crowell city	crowell
place	4817960	TX	Crowley city	crowley
place	4818020	TX	Crystal City city	crystal
place	4818092	TX	Cuero city	cuero
place	4818128	TX	Cumby city	cumby
place	4818152	TX	Cuney town	cuney
place	4818224	TX	Cushing city	cushing
place	4818260	TX	Cut and Shoot city	cut and shoot
place	4818464	TX	Daingerfield city	daingerfield
place	4818476	TX	Daisetta city	daisetta
place	4818524	TX	Dalhart city	dalhart
place	4819000	TX	Dallas city	dallas
place	4819084	TX	Dalworthington Gardens city	dalworthington gardens
place	4819120	TX	Danbury city	danbury
place	4819288	TX	Darrouzett town	darrouzett
place	4819420	TX	Dawson town	dawson
place	4819432	TX	Dayton city	dayton
place	4819435	TX	Dayton Lakes city	dayton lakes
place	4819456	TX	Dean city	dean
place	4819528	TX	Decatur city	decatur
place	4819570	TX	DeCordova city	decordova
place	4819624	TX	Deer Park city	deer park
place	4819648	TX	De Kalb city	de kalb
place	4819672	TX	De Leon city	de leon
place	4819708	TX	Dell City city	dell
place	4819792	TX	Del Rio city	del rio
place	4819900	TX	Denison city	denison
place	4819924	TX	Dennis town	dennis
place	4819972	TX	Denton city	denton
place	4819984	TX	Denver City town	denver
place	4820020	TX	Deport city	deport
place	4820092	TX	DeSoto city	desoto
place	4820128	TX	Detroit town	detroit
place	4820140	TX	Devers city	devers
place	4820152	TX	Devine city	devine
place	4820308	TX	Diboll city	diboll
place	4820332	TX	Dickens city	dickens
place	4820344	TX	Dickinson city	dickinson
place	4820428	TX	Dilley city	dilley
place	4820464	TX	Dimmitt city	dimmitt
place	4820540	TX	DISH town	dish
place	4820680	TX	Dodd City town	dodd
place	4820716	TX	Dodson town	dodson
place	4820848	TX	Domino town	domino
place	4820884	TX	Donna city	donna
place	4820932	TX	Dorchester city	dorchester
place	4821028	TX	Double Oak town	double oak
place	4821031	TX	Double Horn city	double horn
place	4821112	TX	Douglassville town	douglassville
place	4821424	TX	Dripping Springs city	dripping springs
place	4821436	TX	Driscoll city	driscoll
place	4821484	TX	Dublin city	dublin
place	4821556	TX	Dumas city	dumas
place	4821628	TX	Duncanville city	duncanville
place	4821844	TX	Eagle Lake city	eagle lake
place	4821892	TX	Eagle Pass city	eagle pass
place	4821904	TX	Early city	early
place	4821928	TX	Earth city	earth
place	4821988	TX	East Bernard city	east bernard
place	4822132	TX	Eastland city	eastland
place	4822168	TX	East Mountain city	east mountain
place	4822192	TX	Easton city	easton
place	4822276	TX	East Tawakoni city	east tawakoni
place	4822516	TX	Ector city	ector
place	4822528	TX	Edcouch city	edcouch
place	4822552	TX	Eden city	eden
place	4822588	TX	Edgecliff Village town	edgecliff
place	4822612	TX	Edgewood town	edgewood
place	4822660	TX	Edinburg city	edinburg
place	4822708	TX	Edmonson town	edmonson
place	4822720	TX	Edna city	edna
place	4822744	TX	Edom city	edom
place	4822864	TX	El Campo city	el campo
place	4822905	TX	El Cenizo city	el cenizo
place	4822960	TX	Eldorado city	eldorado
place	4822984	TX	Electra city	electra
place	4823044	TX	Elgin city	elgin
place	4823140	TX	Elkhart town	elkhart
place	4823164	TX	El Lago city	el lago
place	4823176	TX	Ellinger city	ellinger
place	4823272	TX	Elmendorf city	elmendorf
place	4824000	TX	El Paso city	el paso
place	4824036	TX	Elsa city	elsa
place	4824168	TX	Emhouse town	emhouse
place	4824216	TX	Emory city	emory
place	4824228	TX	Enchanted Oaks town	enchanted oaks
place	4824240	TX	Encinal city	encinal
place	4824348	TX	Ennis city	ennis
place	4824552	TX	Escobares city	escobares
place	4824636	TX	Estelline town	estelline
place	4824768	TX	Euless city	euless
place	4824816	TX	Eureka city	eureka
place	4824828	TX	Eustace city	eustace
place	4824864	TX	Evant town	evant
place	4824912	TX	Everman city	everman
place	4825068	TX	Fairchilds village	fairchilds
place	4825104	TX	Fairfield city	fairfield
place	4825168	TX	Fair Oaks Ranch city	fair oaks ranch
place	4825224	TX	Fairview town	fairview
place	4825368	TX	Falfurrias city	falfurrias
place	4825392	TX	Falls City city	falls
place	4825452	TX	Farmers Branch city	farmers branch
place	4825488	TX	Farmersville city	farmersville
place	4825548	TX	Farwell city	farwell
place	4825572	TX	Fate city	fate
place	4825644	TX	Fayetteville city	fayetteville
place	4825752	TX	Ferris city	ferris
place	4826028	TX	Flatonia town	flatonia
place	4826136	TX	Florence city	florence
place	4826160	TX	Floresville city	floresville
place	4826232	TX	Flower Mound town	flower mound
place	4826268	TX	Floydada city	floydada
place	4826328	TX	Follett city	follett
place	4826544	TX	Forest Hill city	forest hill
place	4826604	TX	Forney city	forney
place	4826640	TX	Forsan city	forsan
place	4826808	TX	Fort Stockton city	fort stockton
place	4827000	TX	Fort Worth city	fort worth
place	4827288	TX	Franklin city	franklin
place	4827300	TX	Frankston town	frankston
place	4827348	TX	Fredericksburg city	fredericksburg
place	4827420	TX	Freeport city	freeport
place	4827432	TX	Freer city	freer
place	4827648	TX	Friendswood city	friendswood
place	4827660	TX	Friona city	friona
place	4827684	TX	Frisco city	frisco
place	4827696	TX	Fritch city	fritch
place	4827768	TX	Frost city	frost
place	4827804	TX	Fruitvale city	fruitvale
place	4827876	TX	Fulshear city	fulshear
place	4827888	TX	Fulton town	fulton
place	4827984	TX	Gainesville city	gainesville
place	4827996	TX	Galena Park city	galena park
place	4828008	TX	Gallatin city	gallatin
place	4828068	TX	Galveston city	galveston
place	4828080	TX	Ganado city	ganado
place	4828248	TX	Garden Ridge city	garden ridge
place	4829000	TX	Garland city	garland
place	4829036	TX	Garrett town	garrett
place	4829060	TX	Garrison city	garrison
place	4829108	TX	Gary City town	gary
place	4829168	TX	Gatesville city	gatesville
place	4829336	TX	Georgetown city	georgetown
place	4829348	TX	George West city	george west
place	4829408	TX	Gholson city	gholson
place	4829432	TX	Giddings city	giddings
place	4829564	TX	Gilmer city	gilmer
place	4829660	TX	Gladewater city	gladewater
place	4829840	TX	Glenn Heights city	glenn heights
place	4829876	TX	Glen Rose city	glen rose
place	4829972	TX	Godley city	godley
place	4830044	TX	Goldsmith city	goldsmith
place	4830056	TX	Goldthwaite city	goldthwaite
place	4830080	TX	Goliad city	goliad
place	4830092	TX	Golinda city	golinda
place	4830116	TX	Gonzales city	gonzales
place	4830188	TX	Goodlow city	goodlow
place	4830224	TX	Goodrich city	goodrich
place	4830272	TX	Gordon city	gordon
place	4830296	TX	Goree city	goree
place	4830308	TX	Gorman city	gorman
place	4830380	TX	Graford city	graford
place	4830392	TX	Graham city	graham
place	4830416	TX	Granbury city	granbury
place	4830440	TX	Grandfalls town	grandfalls
place	4830464	TX	Grand Prairie city	grand prairie
place	4830476	TX	Grand Saline city	grand saline
place	4830512	TX	Grandview city	grandview
place	4830548	TX	Granger city	granger
place	4830584	TX	Granite Shoals city	granite shoals
place	4830608	TX	Granjeno city	granjeno
place	4830632	TX	Grapeland city	grapeland
place	4830644	TX	Grapevine city	grapevine
place	4830752	TX	Grays Prairie village	grays prairie
place	4830920	TX	Greenville city	greenville
place	4831064	TX	Gregory city	gregory
place	4831100	TX	Grey Forest city	grey forest
place	4831280	TX	Groesbeck city	groesbeck
place	4831292	TX	Groom town	groom
place	4831328	TX	Groves city	groves
place	4831340	TX	Groveton city	groveton
place	4831412	TX	Gruver city	gruver
place	4831592	TX	Gun Barrel City city	gun barrel
place	4831616	TX	Gunter city	gunter
place	4831628	TX	Gustine town	gustine
place	4831715	TX	Hackberry town	hackberry
place	4831820	TX	Hale Center city	hale center
place	4831868	TX	Hallettsville city	hallettsville
place	4831880	TX	Hallsburg city	hallsburg
place	4831904	TX	Hallsville city	hallsville
place	4831928	TX	Haltom City city	haltom
place	4831952	TX	Hamilton city	hamilton
place	4831964	TX	Hamlin city	hamlin
place	4832156	TX	Happy town	happy
place	4832240	TX	Hardin city	hardin
place	4832312	TX	Harker Heights city	harker heights
place	4832372	TX	Harlingen city	harlingen
place	4832576	TX	Hart city	hart
place	4832684	TX	Harwood town	harwood
place	4832696	TX	Haskell city	haskell
place	4832720	TX	Haslet city	haslet
place	4832810	TX	Hawk Cove city	hawk cove
place	4832816	TX	Hawkins city	hawkins
place	4832840	TX	Hawley city	hawley
place	4832906	TX	Hays city	hays
place	4832972	TX	Hearne city	hearne
place	4832984	TX	Heath city	heath
place	4833020	TX	Hebron town	hebron
place	4833044	TX	Hedley city	hedley
place	4833068	TX	Hedwig Village city	hedwig
place	4833146	TX	Helotes city	helotes
place	4833188	TX	Hemphill city	hemphill
place	4833200	TX	Hempstead city	hempstead
place	4833212	TX	Henderson city	henderson
place	4833284	TX	Henrietta city	henrietta
place	4833320	TX	Hereford city	hereford
place	4833428	TX	Hewitt city	hewitt
place	4833476	TX	Hickory Creek town	hickory creek
place	4833548	TX	Hico city	hico
place	4833560	TX	Hidalgo city	hidalgo
place	4833578	TX	Hideaway city	hideaway
place	4833608	TX	Higgins city	higgins
place	4833794	TX	Highland Haven city	highland haven
place	4833824	TX	Highland Park town	highland park
place	4833848	TX	Highland Village city	highland
place	4833968	TX	Hill Country Village city	hill country
place	4834018	TX	Hillcrest Village city	hillcrest
place	4834088	TX	Hillsboro city	hillsboro
place	4834148	TX	Hilshire Village city	hilshire
place	4834220	TX	Hitchcock city	hitchcock
place	4834502	TX	Holiday Lakes town	holiday lakes
place	4834508	TX	Holland town	holland
place	4834532	TX	Holliday city	holliday
place	4834628	TX	Hollywood Park town	hollywood park
place	4834676	TX	Hondo city	hondo
place	4834700	TX	Honey Grove city	honey grove
place	4834736	TX	Hooks city	hooks
place	4834832	TX	Horizon City city	horizon
place	4834862	TX	Horseshoe Bay city	horseshoe bay
place	4835000	TX	Houston city	houston
place	4835072	TX	Howardwick city	howardwick
place	4835084	TX	Howe town	howe
place	4835180	TX	Hubbard city	hubbard
place	4835228	TX	Hudson city	hudson
place	4835254	TX	Hudson Oaks city	hudson oaks
place	4835300	TX	Hughes Springs city	hughes springs
place	4835348	TX	Humble city	humble
place	4835480	TX	Hunters Creek Village city	hunters creek
place	4835492	TX	Huntington city	huntington
place	4835528	TX	Huntsville city	huntsville
place	4835576	TX	Hurst city	hurst
place	4835612	TX	Hutchins city	hutchins
place	4835624	TX	Hutto city	hutto
place	4835636	TX	Huxley city	huxley
place	4835732	TX	Idalou city	idalou
place	4835816	TX	Impact town	impact
place	4835918	TX	Indian Lake town	indian lake
place	4835984	TX	Industry city	industry
place	4836008	TX	Ingleside city	ingleside
place	4836020	TX	Ingleside on the Bay city	ingleside on the bay
place	4836032	TX	Ingram city	ingram
place	4836068	TX	Iola city	iola
place	4836092	TX	Iowa Colony village	iowa colony
place	4836104	TX	Iowa Park city	iowa park
place	4836128	TX	Iraan city	iraan
place	4836140	TX	Iredell city	iredell
place	4837000	TX	Irving city	irving
place	4837072	TX	Italy town	italy
place	4837084	TX	Itasca city	itasca
place	4837112	TX	Ivanhoe city	ivanhoe
place	4837156	TX	Jacinto City city	jacinto
place	4837168	TX	Jacksboro city	jacksboro
place	4837216	TX	Jacksonville city	jacksonville
place	4837252	TX	Jamaica Beach city	jamaica beach
place	4837396	TX	Jarrell city	jarrell
place	4837420	TX	Jasper city	jasper
place	4837468	TX	Jayton city	jayton
place	4837528	TX	Jefferson city	jefferson
place	4837612	TX	Jersey Village city	jersey
place	4837648	TX	Jewett city	jewett
place	4837684	TX	Joaquin city	joaquin
place	4837780	TX	Johnson City city	johnson
place	4837924	TX	Jolly city	jolly
place	4837984	TX	Jones Creek village	jones creek
place	4838020	TX	Jonestown city	jonestown
place	4838068	TX	Josephine city	josephine
place	4838080	TX	Joshua city	joshua
place	4838116	TX	Jourdanton city	jourdanton
place	4838248	TX	Junction city	junction
place	4838332	TX	Justin city	justin
place	4838452	TX	Karnes City city	karnes
place	4838476	TX	Katy city	katy
place	4838488	TX	Kaufman city	kaufman
place	4838548	TX	Keene city	keene
place	4838632	TX	Keller city	keller
place	4838776	TX	Kemah city	kemah
place	4838788	TX	Kemp city	kemp
place	4838800	TX	Kempner city	kempner
place	4838848	TX	Kendleton city	kendleton
place	4838860	TX	Kenedy city	kenedy
place	4838872	TX	Kenefick town	kenefick
place	4838884	TX	Kennard city	kennard
place	4838896	TX	Kennedale city	kennedale
place	4838992	TX	Kerens city	kerens
place	4839004	TX	Kermit city	kermit
place	4839040	TX	Kerrville city	kerrville
place	4839124	TX	Kilgore city	kilgore
place	4839148	TX	Killeen city	killeen
place	4839292	TX	Kingsbury city	kingsbury
place	4839352	TX	Kingsville city	kingsville
place	4839448	TX	Kirby city	kirby
place	4839460	TX	Kirbyville city	kirbyville
place	4839520	TX	Kirvin town	kirvin
place	4839680	TX	Knollwood city	knollwood
place	4839700	TX	Knox City town	knox
place	4839844	TX	Kosse town	kosse
place	4839868	TX	Kountze city	kountze
place	4839904	TX	Kress city	kress
place	4839916	TX	Krugerville city	krugerville
place	4839928	TX	Krum city	krum
place	4839940	TX	Kurten town	kurten
place	4839952	TX	Kyle city	kyle
place	4840108	TX	LaCoste city	lacoste
place	4840168	TX	Lacy-Lakeview city	lacy lakeview
place	4840180	TX	Ladonia town	ladonia
place	4840204	TX	La Feria city	la feria
place	4840264	TX	Lago Vista city	lago vista
place	4840276	TX	La Grange city	la grange
place	4840288	TX	La Grulla city	la grulla
place	4840336	TX	Laguna Vista town	laguna vista
place	4840384	TX	La Joya city	la joya
place	4840450	TX	Lake Bridgeport city	lake bridgeport
place	4840472	TX	Lake City town	lake
place	4840516	TX	Lake Dallas city	lake dallas
place	4840588	TX	Lake Jackson city	lake jackson
place	4840696	TX	Lakeport city	lakeport
place	4840738	TX	Lakeside town	lakeside
place	4840744	TX	Lakeside town	lakeside
place	4840756	TX	Lakeside City town	lakeside
place	4840804	TX	Lake Tanglewood village	lake tanglewood
place	4840888	TX	Lakeview town	lakeview
place	4840984	TX	Lakeway city	lakeway
place	4841050	TX	Lakewood Village city	lakewood
place	4841056	TX	Lake Worth city	lake worth
place	4841116	TX	La Marque city	la marque
place	4841164	TX	Lamesa city	lamesa
place	4841188	TX	Lampasas city	lampasas
place	4841212	TX	Lancaster city	lancaster
place	4841440	TX	La Porte city	la porte
place	4841464	TX	Laredo city	laredo
place	4841644	TX	Latexo city	latexo
place	4841764	TX	La Vernia city	la vernia
place	4841788	TX	La Villa city	la villa
place	4841800	TX	Lavon city	lavon
place	4841848	TX	La Ward city	la ward
place	4841872	TX	Lawn town	lawn
place	4841980	TX	League City city	league
place	4842004	TX	Leakey city	leakey
place	4842016	TX	Leander city	leander
place	4842028	TX	Leary city	leary
place	4842148	TX	Lefors town	lefors
place	4842340	TX	Leona city	leona
place	4842352	TX	Leonard city	leonard
place	4842388	TX	Leon Valley city	leon valley
place	4842400	TX	Leroy city	leroy
place	4842448	TX	Levelland city	levelland
place	4842508	TX	Lewisville city	lewisville
place	4842532	TX	Lexington town	lexington
place	4842568	TX	Liberty city	liberty
place	4842664	TX	Liberty Hill city	liberty hill
place	4842820	TX	Lindale city	lindale
place	4842844	TX	Linden city	linden
place	4842868	TX	Lindsay city	lindsay
place	4842940	TX	Lipan city	lipan
place	4843012	TX	Little Elm city	little elm
place	4843024	TX	Littlefield city	littlefield
place	4843066	TX	Little River-Academy city	little river academy
place	4843096	TX	Live Oak city	live oak
place	4843120	TX	Liverpool city	liverpool
place	4843132	TX	Livingston town	livingston
place	4843144	TX	Llano city	llano
place	4843240	TX	Lockhart city	lockhart
place	4843252	TX	Lockney town	lockney
place	4843354	TX	Log Cabin city	log cabin
place	4843516	TX	Lometa city	lometa
place	4843636	TX	Lone Oak city	lone oak
place	4843684	TX	Lone Star city	lone star
place	4843888	TX	Longview city	longview
place	4843996	TX	Loraine town	loraine
place	4844020	TX	Lorena city	lorena
place	4844032	TX	Lorenzo city	lorenzo
place	4844116	TX	Los Fresnos city	los fresnos
place	4844128	TX	Los Indios town	los indios
place	4844170	TX	Los Ybanez city	los ybanez
place	4844176	TX	Lott city	lott
place	4844260	TX	Lovelady city	lovelady
place	4844308	TX	Lowry Crossing city	lowry crossing
place	4845000	TX	Lubbock city	lubbock
place	4845012	TX	Lucas city	lucas
place	4845048	TX	Lueders city	lueders
place	4845072	TX	Lufkin city	lufkin
place	4845096	TX	Luling city	luling
place	4845120	TX	Lumberton city	lumberton
place	4845228	TX	Lyford city	lyford
place	4845288	TX	Lytle city	lytle
place	4845324	TX	Mabank town	mabank
place	4845384	TX	McAllen city	mcallen
place	4845432	TX	McCamey city	mccamey
place	4845672	TX	McGregor city	mcgregor
place	4845744	TX	McKinney city	mckinney
place	4845780	TX	McLean town	mclean
place	4845804	TX	McLendon-Chisholm city	mclendon chisholm
place	4845996	TX	Madisonville city	madisonville
place	4846056	TX	Magnolia city	magnolia
place	4846224	TX	Malakoff city	malakoff
place	4846260	TX	Malone town	malone
place	4846440	TX	Manor city	manor
place	4846452	TX	Mansfield city	mansfield
place	4846500	TX	Manvel city	manvel
place	4846584	TX	Marble Falls city	marble falls
place	4846620	TX	Marfa city	marfa
place	4846668	TX	Marietta town	marietta
place	4846692	TX	Marion city	marion
place	4846740	TX	Marlin city	marlin
place	4846752	TX	Marquez city	marquez
place	4846776	TX	Marshall city	marshall
place	4846824	TX	Mart city	mart
place	4846848	TX	Martindale city	martindale
place	4846968	TX	Mason city	mason
place	4847004	TX	Matador town	matador
place	4847040	TX	Mathis city	mathis
place	4847088	TX	Maud city	maud
place	4847268	TX	Maypearl city	maypearl
place	4847316	TX	Meadow town	meadow
place	4847330	TX	Meadowlakes city	meadowlakes
place	4847337	TX	Meadows Place city	meadows place
place	4847460	TX	Megargel town	megargel
place	4847496	TX	Melissa city	melissa
place	4847568	TX	Melvin town	melvin
place	4847616	TX	Memphis city	memphis
place	4847628	TX	Menard city	menard
place	4847700	TX	Mercedes city	mercedes
place	4847760	TX	Meridian city	meridian
place	4847796	TX	Merkel town	merkel
place	4847820	TX	Mertens town	mertens
place	4847832	TX	Mertzon city	mertzon
place	4847892	TX	Mesquite city	mesquite
place	4847916	TX	Mexia city	mexia
place	4847988	TX	Miami city	miami
place	4848072	TX	Midland city	midland
place	4848096	TX	Midlothian city	midlothian
place	4848180	TX	Midway city	midway
place	4848336	TX	Milano city	milano
place	4848372	TX	Mildred town	mildred
place	4848396	TX	Miles city	miles
place	4848408	TX	Milford town	milford
place	4848478	TX	Miller's Cove town	millers cove
place	4848564	TX	Millsap town	millsap
place	4848648	TX	Mineola city	mineola
place	4848684	TX	Mineral Wells city	mineral wells
place	4848720	TX	Mingus city	mingus
place	4848768	TX	Mission city	mission
place	4848804	TX	Missouri City city	missouri
place	4848852	TX	Mobeetie city	mobeetie
place	4848858	TX	Mobile City city	mobile
place	4848936	TX	Monahans city	monahans
place	4849068	TX	Mont Belvieu city	mont belvieu
place	4849128	TX	Montgomery city	montgomery
place	4849200	TX	Moody city	moody
place	4849272	TX	Moore Station city	moore station
place	4849320	TX	Moran city	moran
place	4849356	TX	Morgan city	morgan
place	4849380	TX	Morgan's Point city	morgans point
place	4849392	TX	Morgan's Point Resort city	morgans point resort
place	4849464	TX	Morton city	morton
place	4849560	TX	Moulton town	moulton
place	4849600	TX	Mountain City city	mountain
place	4849692	TX	Mount Calm city	mount calm
place	4849728	TX	Mount Enterprise city	mount enterprise
place	4849800	TX	Mount Pleasant city	mount pleasant
place	4849860	TX	Mount Vernon town	mount vernon
place	4849932	TX	Muenster city	muenster
place	4849968	TX	Muleshoe city	muleshoe
place	4849992	TX	Mullin town	mullin
place	4850040	TX	Munday city	munday
place	4850076	TX	Murchison city	murchison
place	4850100	TX	Murphy city	murphy
place	4850184	TX	Mustang town	mustang
place	4850200	TX	Mustang Ridge city	mustang ridge
place	4850256	TX	Nacogdoches city	nacogdoches
place	4850316	TX	Naples city	naples
place	4850352	TX	Nash city	nash
place	4850376	TX	Nassau Bay city	nassau bay
place	4850400	TX	Natalia city	natalia
place	4850448	TX	Navarro town	navarro
place	4850472	TX	Navasota city	navasota
place	4850496	TX	Nazareth city	nazareth
place	4850580	TX	Nederland city	nederland
place	4850628	TX	Needville city	needville
place	4850724	TX	Nesbitt town	nesbitt
place	4850760	TX	Nevada city	nevada
place	4850772	TX	Newark city	newark
place	4850796	TX	New Berlin city	new berlin
place	4850808	TX	New Boston city	new boston
place	4850820	TX	New Braunfels city	new braunfels
place	4850868	TX	Newcastle city	newcastle
place	4850876	TX	New Chapel Hill city	new chapel hill
place	4850916	TX	New Deal town	new deal
place	4850920	TX	New Fairview city	new fairview
place	4851012	TX	New Home city	new home
place	4851036	TX	New Hope town	new hope
place	4851168	TX	New London city	new london
place	4851336	TX	New Summerfield city	new summerfield
place	4851372	TX	Newton city	newton
place	4851396	TX	New Waverly city	new waverly
place	4851444	TX	Neylandville town	neylandville
place	4851492	TX	Niederwald city	niederwald
place	4851588	TX	Nixon city	nixon
place	4851648	TX	Nocona city	nocona
place	4851708	TX	Nolanville city	nolanville
place	4851720	TX	Nome city	nome
place	4851756	TX	Noonday city	noonday
place	4851792	TX	Nordheim city	nordheim
place	4851840	TX	Normangee town	normangee
place	4851984	TX	North Cleveland city	north cleveland
place	4852212	TX	Northlake town	northlake
place	4852356	TX	North Richland Hills city	north richland hills
place	4852668	TX	Novice city	novice
place	4852902	TX	Oak Grove town	oak grove
place	4853115	TX	Oak Leaf city	oak leaf
place	4853130	TX	Oak Point city	oak point
place	4853154	TX	Oak Ridge town	oak ridge
place	4853160	TX	Oak Ridge town	oak ridge
place	4853190	TX	Oak Ridge North city	oak ridge north
place	4853217	TX	Oak Valley town	oak valley
place	4853232	TX	Oakwood town	oakwood
place	4853304	TX	O'Brien city	obrien
place	4853376	TX	Odem city	odem
place	4853388	TX	Odessa city	odessa
place	4853436	TX	O'Donnell city	odonnell
place	4853520	TX	Oglesby city	oglesby
place	4853824	TX	Old River-Winfree city	old river winfree
place	4853988	TX	Olmos Park city	olmos park
place	4854000	TX	Olney city	olney
place	4854012	TX	Olton city	olton
place	4854024	TX	Omaha city	omaha
place	4854048	TX	Onalaska city	onalaska
place	4854075	TX	Opdyke West town	opdyke west
place	4854132	TX	Orange city	orange
place	4854168	TX	Orange Grove city	orange grove
place	4854192	TX	Orchard city	orchard
place	4854216	TX	Ore City city	ore
place	4854432	TX	Overton city	overton
place	4854444	TX	Ovilla city	ovilla
place	4854528	TX	Oyster Creek city	oyster creek
place	4854600	TX	Paducah town	paducah
place	4854636	TX	Paint Rock town	paint rock
place	4854684	TX	Palacios city	palacios
place	4854708	TX	Palestine city	palestine
place	4854726	TX	Palisades village	palisades
place	4854744	TX	Palmer town	palmer
place	4854780	TX	Palmhurst city	palmhurst
place	4854798	TX	Palm Valley city	palm valley
place	4854804	TX	Palmview city	palmview
place	4854912	TX	Pampa city	pampa
place	4854960	TX	Panhandle town	panhandle
place	4855008	TX	Panorama Village city	panorama
place	4855020	TX	Pantego town	pantego
place	4855056	TX	Paradise city	paradise
place	4855080	TX	Paris city	paris
place	4855152	TX	Parker city	parker
place	4856000	TX	Pasadena city	pasadena
place	4856108	TX	Pattison city	pattison
place	4856156	TX	Patton Village city	patton
place	4856276	TX	Payne Springs town	payne springs
place	4856348	TX	Pearland city	pearland
place	4856384	TX	Pearsall city	pearsall
place	4856432	TX	Peaster town	peaster
place	4856468	TX	Pecan Gap city	pecan gap
place	4856485	TX	Pecan Hill city	pecan hill
place	4856640	TX	Pelican Bay city	pelican bay
place	4856672	TX	Penelope town	penelope
place	4856696	TX	Penitas city	penitas
place	4856912	TX	Perryton city	perryton
place	4856996	TX	Petersburg city	petersburg
place	4857044	TX	Petrolia city	petrolia
place	4857056	TX	Petronila city	petronila
place	4857176	TX	Pflugerville city	pflugerville
place	4857200	TX	Pharr city	pharr
place	4857476	TX	Pilot Point city	pilot point
place	4857524	TX	Pine Forest city	pine forest
place	4857608	TX	Pinehurst city	pinehurst
place	4857615	TX	Pine Island town	pine island
place	4857644	TX	Pineland city	pineland
place	4857800	TX	Piney Point Village city	piney point
place	4857908	TX	Pittsburg city	pittsburg
place	4857968	TX	Plains town	plains
place	4857980	TX	Plainview city	plainview
place	4858016	TX	Plano city	plano
place	4858040	TX	Plantersville city	plantersville
place	4858088	TX	Pleak village	pleak
place	4858280	TX	Pleasanton city	pleasanton
place	4858400	TX	Pleasant Valley town	pleasant valley
place	4858448	TX	Plum Grove city	plum grove
place	4858502	TX	Poetry town	poetry
place	4858532	TX	Point city	point
place	4858556	TX	Point Blank city	point blank
place	4858568	TX	Point Comfort city	point comfort
place	4858586	TX	Point Venture village	point venture
place	4858664	TX	Ponder town	ponder
place	4858808	TX	Port Aransas city	port aransas
place	4858820	TX	Port Arthur city	port arthur
place	4858892	TX	Port Isabel city	port isabel
place	4858904	TX	Portland city	portland
place	4858916	TX	Port Lavaca city	port lavaca
place	4858940	TX	Port Neches city	port neches
place	4859012	TX	Post city	post
place	4859065	TX	Post Oak Bend city	post oak bend
place	4859084	TX	Poteet city	poteet
place	4859096	TX	Poth town	poth
place	4859132	TX	Pottsboro town	pottsboro
place	4859168	TX	Powell town	powell
place	4859192	TX	Poynor town	poynor
place	4859336	TX	Prairie View city	prairie view
place	4859384	TX	Premont city	premont
place	4859396	TX	Presidio city	presidio
place	4859540	TX	Primera town	primera
place	4859576	TX	Princeton city	princeton
place	4859636	TX	Progreso city	progreso
place	4859642	TX	Progreso Lakes city	progreso lakes
place	4859696	TX	Prosper town	prosper
place	4859748	TX	Providence Village town	providence
place	4859984	TX	Putnam town	putnam
place	4859996	TX	Pyote town	pyote
place	4860044	TX	Quanah city	quanah
place	4860080	TX	Queen City city	queen
place	4860140	TX	Quinlan city	quinlan
place	4860164	TX	Quintana town	quintana
place	4860176	TX	Quitaque city	quitaque
place	4860188	TX	Quitman city	quitman
place	4860356	TX	Ralls city	ralls
place	4860544	TX	Rancho Viejo town	rancho viejo
place	4860632	TX	Ranger city	ranger
place	4860644	TX	Rangerville village	rangerville
place	4860668	TX	Rankin city	rankin
place	4860672	TX	Ransom Canyon town	ransom canyon
place	4860752	TX	Ravenna city	ravenna
place	4860836	TX	Raymondville city	raymondville
place	4861172	TX	Red Lick city	red lick
place	4861196	TX	Red Oak city	red oak
place	4861340	TX	Redwater city	redwater
place	4861436	TX	Refugio town	refugio
place	4861508	TX	Reklaw city	reklaw
place	4861592	TX	Reno city	reno
place	4861604	TX	Reno city	reno
place	4861616	TX	Retreat town	retreat
place	4861700	TX	Rhome city	rhome
place	4861736	TX	Rice city	rice
place	4861796	TX	Richardson city	richardson
place	4861820	TX	Richland town	richland
place	4861844	TX	Richland Hills city	richland hills
place	4861880	TX	Richland Springs town	richland springs
place	4861892	TX	Richmond city	richmond
place	4861904	TX	Richwood city	richwood
place	4862108	TX	Riesel city	riesel
place	4862138	TX	Rio Bravo city	rio bravo
place	4862168	TX	Rio Grande City city	rio grande
place	4862180	TX	Rio Hondo city	rio hondo
place	4862240	TX	Rio Vista city	rio vista
place	4862252	TX	Rising Star town	rising star
place	4862384	TX	River Oaks city	river oaks
place	4862408	TX	Riverside city	riverside
place	4862486	TX	Road Runner town	road runner
place	4862504	TX	Roanoke city	roanoke
place	4862528	TX	Roaring Springs town	roaring springs
place	4862564	TX	Robert Lee city	robert lee
place	4862588	TX	Robinson city	robinson
place	4862600	TX	Robstown city	robstown
place	4862612	TX	Roby city	roby
place	4862636	TX	Rochester town	rochester
place	4862672	TX	Rockdale city	rockdale
place	4862804	TX	Rockport city	rockport
place	4862816	TX	Rocksprings town	rocksprings
place	4862828	TX	Rockwall city	rockwall
place	4862870	TX	Rocky Mound town	rocky mound
place	4862924	TX	Rogers town	rogers
place	4863008	TX	Rollingwood city	rollingwood
place	4863020	TX	Roma city	roma
place	4863044	TX	Roman Forest city	roman forest
place	4863140	TX	Ropesville city	ropesville
place	4863176	TX	Roscoe city	roscoe
place	4863188	TX	Rosebud city	rosebud
place	4863200	TX	Rose City city	rose
place	4863272	TX	Rose Hill Acres city	rose hill acres
place	4863284	TX	Rosenberg city	rosenberg
place	4863380	TX	Ross city	ross
place	4863404	TX	Rosser village	rosser
place	4863464	TX	Rotan city	rotan
place	4863476	TX	Round Mountain town	round mountain
place	4863500	TX	Round Rock city	round rock
place	4863524	TX	Round Top town	round top
place	4863572	TX	Rowlett city	rowlett
place	4863584	TX	Roxton city	roxton
place	4863668	TX	Royse City city	royse
place	4863752	TX	Rule town	rule
place	4863782	TX	Runaway Bay city	runaway bay
place	4863788	TX	Runge town	runge
place	4863848	TX	Rusk city	rusk
place	4864004	TX	Sabinal city	sabinal
place	4864064	TX	Sachse city	sachse
place	4864088	TX	Sadler city	sadler
place	4864112	TX	Saginaw city	saginaw
place	4864172	TX	St. Hedwig town	st hedwig
place	4864184	TX	St. Jo city	st jo
place	4864220	TX	St. Paul town	st paul
place	4864268	TX	Salado village	salado
place	4864472	TX	San Angelo city	san angelo
place	4865000	TX	San Antonio city	san antonio
place	4865024	TX	San Augustine city	san augustine
place	4865036	TX	San Benito city	san benito
place	4865066	TX	Sanctuary town	sanctuary
place	4865180	TX	San Diego city	san diego
place	4865344	TX	Sandy Oaks city	sandy oaks
place	4865345	TX	Sandy Point city	sandy point
place	4865360	TX	San Elizario city	san elizario
place	4865372	TX	San Felipe town	san felipe
place	4865384	TX	Sanford town	sanford
place	4865408	TX	Sanger city	sanger
place	4865516	TX	San Juan city	san juan
place	4865552	TX	San Leanna village	san leanna
place	4865600	TX	San Marcos city	san marcos
place	4865612	TX	San Patricio city	san patricio
place	4865636	TX	San Perlita city	san perlita
place	4865648	TX	San Saba city	san saba
place	4865660	TX	Sansom Park city	sansom park
place	4865672	TX	Santa Anna town	santa anna
place	4865690	TX	Santa Clara city	santa clara
place	4865726	TX	Santa Fe city	santa fe
place	4865768	TX	Santa Rosa town	santa rosa
place	4866008	TX	Savoy city	savoy
place	4866128	TX	Schertz city	schertz
place	4866188	TX	Schulenburg city	schulenburg
place	4866284	TX	Scotland city	scotland
place	4866332	TX	Scottsville city	scottsville
place	4866368	TX	Scurry town	scurry
place	4866392	TX	Seabrook city	seabrook
place	4866416	TX	Seadrift city	seadrift
place	4866428	TX	Seagoville city	seagoville
place	4866440	TX	Seagraves city	seagraves
place	4866464	TX	Sealy city	sealy
place	4866644	TX	Seguin city	seguin
place	4866704	TX	Selma city	selma
place	4866764	TX	Seminole city	seminole
place	4866884	TX	Seven Oaks city	seven oaks
place	4866908	TX	Seven Points city	seven points
place	4866968	TX	Seymour city	seymour
place	4867100	TX	Shady Shores town	shady shores
place	4867136	TX	Shallowater city	shallowater
place	4867160	TX	Shamrock city	shamrock
place	4867268	TX	Shavano Park city	shavano park
place	4867400	TX	Shenandoah city	shenandoah
place	4867424	TX	Shepherd city	shepherd
place	4867496	TX	Sherman city	sherman
place	4867640	TX	Shiner city	shiner
place	4867688	TX	Shoreacres city	shoreacres
place	4867832	TX	Silsbee city	silsbee
place	4867904	TX	Silverton city	silverton
place	4867964	TX	Simonton city	simonton
place	4868036	TX	Sinton city	sinton
place	4868120	TX	Skellytown town	skellytown
place	4868180	TX	Slaton city	slaton
place	4868300	TX	Smiley city	smiley
place	4868456	TX	Smithville city	smithville
place	4868504	TX	Smyer town	smyer
place	4868576	TX	Snook city	snook
place	4868624	TX	Snyder city	snyder
place	4868636	TX	Socorro city	socorro
place	4868708	TX	Somerset city	somerset
place	4868720	TX	Somerville city	somerville
place	4868756	TX	Sonora city	sonora
place	4868828	TX	Sour Lake city	sour lake
place	4868978	TX	South Frydek city	south frydek
place	4869020	TX	South Houston city	south houston
place	4869032	TX	Southlake city	southlake
place	4869104	TX	Southmayd city	southmayd
place	4869120	TX	South Mountain town	south mountain
place	4869140	TX	South Padre Island town	south padre island
place	4869272	TX	Southside Place city	southside place
place	4869476	TX	Spearman city	spearman
place	4869548	TX	Splendora city	splendora
place	4869560	TX	Spofford city	spofford
place	4869608	TX	Spring Branch city	spring branch
place	4869764	TX	Springlake town	springlake
place	4869800	TX	Springtown city	springtown
place	4869830	TX	Spring Valley Village city	spring valley
place	4869848	TX	Spur city	spur
place	4869908	TX	Stafford city	stafford
place	4869932	TX	Stagecoach town	stagecoach
place	4869980	TX	Stamford city	stamford
place	4870040	TX	Stanton city	stanton
place	4870052	TX	Staples city	staples
place	4870076	TX	Star Harbor city	star harbor
place	4870208	TX	Stephenville city	stephenville
place	4870232	TX	Sterling City city	sterling
place	4870340	TX	Stinnett city	stinnett
place	4870376	TX	Stockdale city	stockdale
place	4870406	TX	Stockton Bend city	stockton bend
place	4870544	TX	Stratford city	stratford
place	4870580	TX	Strawn city	strawn
place	4870604	TX	Streetman town	streetman
place	4870772	TX	Sudan city	sudan
place	4870808	TX	Sugar Land city	sugar land
place	4870868	TX	Sullivan City city	sullivan
place	4870904	TX	Sulphur Springs city	sulphur springs
place	4871060	TX	Sundown city	sundown
place	4871156	TX	Sunnyvale town	sunnyvale
place	4871180	TX	Sunray city	sunray
place	4871228	TX	Sunrise Beach Village city	sunrise beach
place	4871324	TX	Sunset Valley city	sunset valley
place	4871356	TX	Sun Valley city	sun valley
place	4871384	TX	Surfside Beach city	surfside beach
place	4871492	TX	Sweeny city	sweeny
place	4871540	TX	Sweetwater city	sweetwater
place	4871684	TX	Taft city	taft
place	4871708	TX	Tahoka city	tahoka
place	4871732	TX	Talco city	talco
place	4871756	TX	Talty town	talty
place	4871924	TX	Tatum city	tatum
place	4871948	TX	Taylor city	taylor
place	4871960	TX	Taylor Lake Village city	taylor lake
place	4871966	TX	Taylor Landing city	taylor landing
place	4872020	TX	Teague city	teague
place	4872080	TX	Tehuacana town	tehuacana
place	4872176	TX	Temple city	temple
place	4872188	TX	Tenaha town	tenaha
place	4872284	TX	Terrell city	terrell
place	4872296	TX	Terrell Hills city	terrell hills
place	4872368	TX	Texarkana city	texarkana
place	4872392	TX	Texas City city	texas
place	4872464	TX	Texhoma city	texhoma
place	4872476	TX	Texline town	texline
place	4872530	TX	The Colony city	the colony
place	4872578	TX	The Hills village	the hills
place	4872740	TX	Thompsons town	thompsons
place	4872776	TX	Thorndale city	thorndale
place	4872788	TX	Thornton town	thornton
place	4872800	TX	Thorntonville town	thorntonville
place	4872824	TX	Thrall city	thrall
place	4872872	TX	Three Rivers city	three rivers
place	4872896	TX	Throckmorton town	throckmorton
place	4872989	TX	Tiki Island village	tiki island
place	4873030	TX	Timbercreek Canyon village	timbercreek canyon
place	4873076	TX	Timpson city	timpson
place	4873112	TX	Tioga town	tioga
place	4873124	TX	Tira town	tira
place	4873196	TX	Toco city	toco
place	4873224	TX	Todd Mission city	todd mission
place	4873268	TX	Tolar city	tolar
place	4873316	TX	Tomball city	tomball
place	4873328	TX	Tom Bean city	tom bean
place	4873352	TX	Tool city	tool
place	4873493	TX	Town of Pecos city	pecos
place	4873496	TX	Toyah town	toyah
place	4873580	TX	Trent town	trent
place	4873592	TX	Trenton city	trenton
place	4873652	TX	Trinidad city	trinidad
place	4873664	TX	Trinity city	trinity
place	4873710	TX	Trophy Club town	trophy club
place	4873724	TX	Troup city	troup
place	4873748	TX	Troy city	troy
place	4873868	TX	Tulia city	tulia
place	4873964	TX	Turkey city	turkey
place	4874048	TX	Tuscola city	tuscola
place	4874132	TX	Tye city	tye
place	4874144	TX	Tyler city	tyler
place	4874216	TX	Uhland city	uhland
place	4874240	TX	Uncertain city	uncertain
place	4874312	TX	Union Grove city	union grove
place	4874372	TX	Union Valley city	union valley
place	4874408	TX	Universal City city	universal
place	4874492	TX	University Park city	university park
place	4874588	TX	Uvalde city	uvalde
place	4874648	TX	Valentine town	valentine
place	4874732	TX	Valley Mills city	valley mills
place	4874756	TX	Valley View city	valley view
place	4874912	TX	Van city	van
place	4874924	TX	Van Alstyne city	van alstyne
place	4875032	TX	Van Horn town	van horn
place	4875188	TX	Vega city	vega
place	4875236	TX	Venus town	venus
place	4875308	TX	Vernon city	vernon
place	4875428	TX	Victoria city	victoria
place	4875476	TX	Vidor city	vidor
place	4875668	TX	Vinton village	vinton
place	4875752	TX	Volente village	volente
place	4875764	TX	Von Ormy city	von ormy
place	4876000	TX	Waco city	waco
place	4876024	TX	Waelder city	waelder
place	4876096	TX	Wake Village city	wake
place	4876228	TX	Waller city	waller
place	4876240	TX	Wallis city	wallis
place	4876348	TX	Walnut Springs city	walnut springs
place	4876576	TX	Warren City city	warren
place	4876636	TX	Waskom city	waskom
place	4876672	TX	Watauga city	watauga
place	4876816	TX	Waxahachie city	waxahachie
place	4876864	TX	Weatherford city	weatherford
place	4876924	TX	Webberville village	webberville
place	4876948	TX	Webster city	webster
place	4877020	TX	Weimar city	weimar
place	4877044	TX	Weinert city	weinert
place	4877056	TX	Weir city	weir
place	4877152	TX	Wellington city	wellington
place	4877164	TX	Wellman city	wellman
place	4877176	TX	Wells town	wells
place	4877272	TX	Weslaco city	weslaco
place	4877332	TX	West city	west
place	4877380	TX	Westbrook city	westbrook
place	4877416	TX	West Columbia city	west columbia
place	4877620	TX	Westlake town	westlake
place	4877632	TX	West Lake Hills city	west lake hills
place	4877740	TX	Weston city	weston
place	4877746	TX	Weston Lakes city	weston lakes
place	4877752	TX	West Orange city	west orange
place	4877788	TX	Westover Hills town	westover hills
place	4877896	TX	West Tawakoni city	west tawakoni
place	4877956	TX	West University Place city	west university place
place	4878076	TX	Westworth Village city	westworth
place	4878136	TX	Wharton city	wharton
place	4878208	TX	Wheeler city	wheeler
place	4878316	TX	White Deer town	white deer
place	4878328	TX	Whiteface town	whiteface
place	4878388	TX	Whitehouse city	whitehouse
place	4878436	TX	White Oak city	white oak
place	4878532	TX	Whitesboro city	whitesboro
place	4878544	TX	White Settlement city	white settlement
place	4878628	TX	Whitewright town	whitewright
place	4878664	TX	Whitney town	whitney
place	4879000	TX	Wichita Falls city	wichita falls
place	4879036	TX	Wickett town	wickett
place	4879408	TX	Willis city	willis
place	4879492	TX	Willow Park city	willow park
place	4879564	TX	Wills Point city	wills point
place	4879576	TX	Wilmer city	wilmer
place	4879612	TX	Wilson city	wilson
place	4879624	TX	Wimberley city	wimberley
place	4879672	TX	Windcrest city	windcrest
place	4879684	TX	Windom town	windom
place	4879696	TX	Windthorst town	windthorst
place	4879720	TX	Winfield city	winfield
place	4879768	TX	Wink city	wink
place	4879816	TX	Winnsboro city	winnsboro
place	4879828	TX	Winona town	winona
place	4879876	TX	Winters city	winters
place	4879919	TX	Wixon Valley city	wixon valley
place	4879948	TX	Wolfe City city	wolfe
place	4879972	TX	Wolfforth city	wolfforth
place	4880044	TX	Woodbranch city	woodbranch
place	4880058	TX	Woodcreek city	woodcreek
place	4880144	TX	Woodloch town	woodloch
place	4880176	TX	Woodsboro town	woodsboro
place	4880188	TX	Woodson town	woodson
place	4880212	TX	Woodville town	woodville
place	4880224	TX	Woodway city	woodway
place	4880296	TX	Wortham town	wortham
place	4880356	TX	Wylie city	wylie
place	4880440	TX	Yantis town	yantis
place	4880560	TX	Yoakum city	yoakum
place	4880584	TX	Yorktown city	yorktown
place	4880728	TX	Zavalla city	zavalla
place	4900540	UT	Alpine city	alpine
place	4900650	UT	Alta town	alta
place	4900760	UT	Altamont town	altamont
place	4900870	UT	Alton town	alton
place	4901090	UT	Amalga town	amalga
place	4901310	UT	American Fork city	american fork
place	4901750	UT	Annabella town	annabella
place	4901860	UT	Antimony town	antimony
place	4901905	UT	Apple Valley town	apple valley
place	4902740	UT	Aurora city	aurora
place	4903345	UT	Ballard town	ballard
place	4903950	UT	Bear River City city	bear river
place	4904060	UT	Beaver city	beaver
place	4905490	UT	Bicknell town	bicknell
place	4905534	UT	Big Water town	big water
place	4906370	UT	Blanding city	blanding
place	4906700	UT	Bluff town	bluff
place	4906810	UT	Bluffdale city	bluffdale
place	4907470	UT	Boulder town	boulder
place	4907690	UT	Bountiful city	bountiful
place	4908020	UT	Brian Head town	brian head
place	4908460	UT	Brigham City city	brigham
place	4908570	UT	Brighton town	brighton
place	4908787	UT	Bryce Canyon City town	bryce canyon
place	4910330	UT	Cannonville town	cannonville
place	4910660	UT	Castle Dale city	castle dale
place	4911000	UT	Castle Valley town	castle valley
place	4911320	UT	Cedar City city	cedar
place	4911430	UT	Cedar Fort town	cedar fort
place	4911440	UT	Cedar Hills city	cedar hills
place	4911870	UT	Centerfield town	centerfield
place	4911980	UT	Centerville city	centerville
place	4912260	UT	Central Valley town	central valley
place	4912420	UT	Charleston town	charleston
place	4912970	UT	Circleville town	circleville
place	4913190	UT	Clarkston town	clarkston
place	4913300	UT	Clawson town	clawson
place	4913850	UT	Clearfield city	clearfield
place	4914070	UT	Cleveland town	cleveland
place	4914290	UT	Clinton city	clinton
place	4914840	UT	Coalville city	coalville
place	4915720	UT	Copperton metro township	copperton metro township
place	4915830	UT	Corinne city	corinne
place	4915940	UT	Cornish town	cornish
place	4916270	UT	Cottonwood Heights city	cottonwood heights
place	4918140	UT	Daniel town	daniel
place	4918910	UT	Delta city	delta
place	4919680	UT	Deweyville town	deweyville
place	4920120	UT	Draper city	draper
place	4920340	UT	Duchesne city	duchesne
place	4920780	UT	Dutch John town	dutch john
place	4920810	UT	Eagle Mountain city	eagle mountain
place	4920890	UT	East Carbon city	east carbon
place	4922370	UT	Elk Ridge city	elk ridge
place	4922540	UT	Elmo town	elmo
place	4922650	UT	Elsinore town	elsinore
place	4922760	UT	Elwood town	elwood
place	4922870	UT	Emery town	emery
place	4922875	UT	Emigration Canyon metro township	emigration canyon metro township
place	4923200	UT	Enoch city	enoch
place	4923420	UT	Enterprise city	enterprise
place	4923530	UT	Ephraim city	ephraim
place	4923640	UT	Erda city	erda
place	4923750	UT	Escalante city	escalante
place	4924080	UT	Eureka city	eureka
place	4924410	UT	Fairfield town	fairfield
place	4924630	UT	Fairview city	fairview
place	4924740	UT	Farmington city	farmington
place	4924850	UT	Farr West city	farr west
place	4925070	UT	Fayette town	fayette
place	4925180	UT	Ferron city	ferron
place	4925290	UT	Fielding town	fielding
place	4925510	UT	Fillmore city	fillmore
place	4926720	UT	Fountain Green city	fountain green
place	4926940	UT	Francis town	francis
place	4927490	UT	Fruit Heights city	fruit heights
place	4927930	UT	Garden City town	garden
place	4928150	UT	Garland city	garland
place	4928810	UT	Genola town	genola
place	4929360	UT	Glendale town	glendale
place	4929580	UT	Glenwood town	glenwood
place	4930130	UT	Goshen town	goshen
place	4931120	UT	Grantsville city	grantsville
place	4931670	UT	Green River city	green river
place	4932660	UT	Gunnison city	gunnison
place	4933100	UT	Hanksville town	hanksville
place	4933540	UT	Harrisville city	harrisville
place	4933760	UT	Hatch town	hatch
place	4934200	UT	Heber city	heber
place	4934530	UT	Helper city	helper
place	4934640	UT	Henefer town	henefer
place	4934750	UT	Henrieville town	henrieville
place	4934970	UT	Herriman city	herriman
place	4935120	UT	Hideout town	hideout
place	4935190	UT	Highland city	highland
place	4935300	UT	Hildale city	hildale
place	4935740	UT	Hinckley town	hinckley
place	4935960	UT	Holden town	holden
place	4936070	UT	Holladay city	holladay
place	4936290	UT	Honeyville city	honeyville
place	4936400	UT	Hooper city	hooper
place	4936620	UT	Howell town	howell
place	4936950	UT	Huntington city	huntington
place	4937060	UT	Huntsville town	huntsville
place	4937170	UT	Hurricane city	hurricane
place	4937390	UT	Hyde Park city	hyde park
place	4937500	UT	Hyrum city	hyrum
place	4937690	UT	Independence town	independence
place	4937924	UT	Interlaken town	interlaken
place	4938710	UT	Ivins city	ivins
place	4939370	UT	Joseph town	joseph
place	4939590	UT	Junction town	junction
place	4939810	UT	Kamas city	kamas
place	4939920	UT	Kanab city	kanab
place	4940030	UT	Kanarraville town	kanarraville
place	4940250	UT	Kanosh town	kanosh
place	4940360	UT	Kaysville city	kaysville
place	4940470	UT	Kearns metro township	kearns metro township
place	4941350	UT	Kingston town	kingston
place	4941680	UT	Koosharem town	koosharem
place	4942010	UT	Lake Point city	lake point
place	4942560	UT	Laketown town	laketown
place	4943440	UT	La Verkin city	la verkin
place	4943660	UT	Layton city	layton
place	4943880	UT	Leamington town	leamington
place	4944100	UT	Leeds town	leeds
place	4944320	UT	Lehi city	lehi
place	4944650	UT	Levan town	levan
place	4944760	UT	Lewiston city	lewiston
place	4945090	UT	Lindon city	lindon
place	4945530	UT	Loa town	loa
place	4945860	UT	Logan city	logan
place	4946410	UT	Lyman town	lyman
place	4946740	UT	Lynndyl town	lynndyl
place	4947290	UT	Magna metro township	magna metro township
place	4947620	UT	Manila town	manila
place	4947730	UT	Manti city	manti
place	4947840	UT	Mantua town	mantua
place	4947950	UT	Mapleton city	mapleton
place	4948300	UT	Marriott-Slaterville city	marriott slaterville
place	4948610	UT	Marysvale town	marysvale
place	4948720	UT	Mayfield town	mayfield
place	4948830	UT	Meadow town	meadow
place	4949160	UT	Mendon city	mendon
place	4949710	UT	Midvale city	midvale
place	4949820	UT	Midway city	midway
place	4950040	UT	Milford city	milford
place	4950150	UT	Millcreek city	millcreek
place	4950370	UT	Millville city	millville
place	4950590	UT	Minersville town	minersville
place	4950700	UT	Moab city	moab
place	4951140	UT	Mona city	mona
place	4951360	UT	Monroe city	monroe
place	4951580	UT	Monticello city	monticello
place	4951910	UT	Morgan city	morgan
place	4952130	UT	Moroni city	moroni
place	4953010	UT	Mount Pleasant city	mount pleasant
place	4953230	UT	Murray city	murray
place	4953340	UT	Myton city	myton
place	4953560	UT	Naples city	naples
place	4954220	UT	Nephi city	nephi
place	4954440	UT	New Harmony town	new harmony
place	4954550	UT	Newton town	newton
place	4954660	UT	Nibley city	nibley
place	4954990	UT	North Logan city	north logan
place	4955100	UT	North Ogden city	north ogden
place	4955210	UT	North Salt Lake city	north salt lake
place	4955430	UT	Oak City town	oak
place	4955650	UT	Oakley city	oakley
place	4955980	UT	Ogden city	ogden
place	4956860	UT	Orangeville city	orangeville
place	4957080	UT	Orderville town	orderville
place	4957300	UT	Orem city	orem
place	4957740	UT	Panguitch city	panguitch
place	4957850	UT	Paradise town	paradise
place	4957960	UT	Paragonah town	paragonah
place	4958070	UT	Park City city	park
place	4958510	UT	Parowan city	parowan
place	4958730	UT	Payson city	payson
place	4959390	UT	Perry city	perry
place	4960710	UT	Plain City city	plain
place	4960930	UT	Pleasant Grove city	pleasant grove
place	4961150	UT	Pleasant View city	pleasant view
place	4961260	UT	Plymouth town	plymouth
place	4961590	UT	Portage town	portage
place	4962030	UT	Price city	price
place	4962360	UT	Providence city	providence
place	4962470	UT	Provo city	provo
place	4963020	UT	Randolph town	randolph
place	4963240	UT	Redmond town	redmond
place	4963570	UT	Richfield city	richfield
place	4963680	UT	Richmond city	richmond
place	4964010	UT	Riverdale city	riverdale
place	4964120	UT	River Heights city	river heights
place	4964340	UT	Riverton city	riverton
place	4964560	UT	Rockville town	rockville
place	4964590	UT	Rocky Ridge town	rocky ridge
place	4964670	UT	Roosevelt city	roosevelt
place	4965110	UT	Roy city	roy
place	4965240	UT	Rush Valley town	rush valley
place	4965330	UT	St. George city	st george
place	4965770	UT	Salem city	salem
place	4965880	UT	Salina city	salina
place	4967000	UT	Salt Lake City city	salt lake
place	4967440	UT	Sandy city	sandy
place	4967660	UT	Santa Clara city	santa clara
place	4967770	UT	Santaquin city	santaquin
place	4967825	UT	Saratoga Springs city	saratoga springs
place	4967880	UT	Scipio town	scipio
place	4967990	UT	Scofield town	scofield
place	4968650	UT	Sigurd town	sigurd
place	4969640	UT	Smithfield city	smithfield
place	4969970	UT	Snowville town	snowville
place	4970850	UT	South Jordan city	south jordan
place	4970960	UT	South Ogden city	south ogden
place	4971070	UT	South Salt Lake city	south salt lake
place	4971180	UT	South Weber city	south weber
place	4971290	UT	Spanish Fork city	spanish fork
place	4971730	UT	Spring City city	spring
place	4971840	UT	Springdale town	springdale
place	4972280	UT	Springville city	springville
place	4972940	UT	Sterling town	sterling
place	4973050	UT	Stockton town	stockton
place	4974480	UT	Sunset city	sunset
place	4974810	UT	Syracuse city	syracuse
place	4974920	UT	Tabiona town	tabiona
place	4975360	UT	Taylorsville city	taylorsville
place	4976680	UT	Tooele city	tooele
place	4976900	UT	Toquerville city	toquerville
place	4977010	UT	Torrey town	torrey
place	4977120	UT	Tremonton city	tremonton
place	4977230	UT	Trenton town	trenton
place	4977560	UT	Tropic town	tropic
place	4977890	UT	Uintah town	uintah
place	4980090	UT	Vernal city	vernal
place	4980200	UT	Vernon town	vernon
place	4980420	UT	Vineyard town	vineyard
place	4980530	UT	Virgin town	virgin
place	4980860	UT	Wales town	wales
place	4980970	UT	Wallsburg town	wallsburg
place	4981960	UT	Washington city	washington
place	4982070	UT	Washington Terrace city	washington terrace
place	4982510	UT	Wellington city	wellington
place	4982620	UT	Wellsville city	wellsville
place	4982730	UT	Wendover city	wendover
place	4982840	UT	West Bountiful city	west bountiful
place	4982930	UT	West Haven city	west haven
place	4982950	UT	West Jordan city	west jordan
place	4983390	UT	West Point city	west point
place	4983470	UT	West Valley City city	west valley
place	4984050	UT	White City metro township	white city metro township
place	4984710	UT	Willard city	willard
place	4985050	UT	Woodland Hills city	woodland hills
place	4985260	UT	Woodruff town	woodruff
place	4985370	UT	Woods Cross city	woods cross
place	5000400	VT	Albany village	albany
place	5000850	VT	Alburgh village	alburgh
place	5003175	VT	Barre city	barre
place	5003475	VT	Barton village	barton
place	5004225	VT	Bellows Falls village	bellows falls
place	5010675	VT	Burlington city	burlington
place	5011425	VT	Cambridge village	cambridge
place	5017425	VT	Derby Center village	derby center
place	5017500	VT	Derby Line village	derby line
place	5024025	VT	Enosburg Falls village	enosburg falls
place	5024400	VT	Essex Junction city	essex junction
place	5034975	VT	Hyde Park village	hyde park
place	5036025	VT	Jacksonville village	jacksonville
place	5036475	VT	Jeffersonville village	jeffersonville
place	5036625	VT	Jericho village	jericho
place	5037000	VT	Johnson village	johnson
place	5041200	VT	Ludlow village	ludlow
place	5042700	VT	Manchester village	manchester
place	5043525	VT	Marshfield village	marshfield
place	5046000	VT	Montpelier city	montpelier
place	5046825	VT	Morrisville village	morrisville
place	5048100	VT	Newbury village	newbury
place	5048325	VT	Newfane village	newfane
place	5048850	VT	Newport city	newport
place	5049075	VT	North Bennington village	north bennington
place	5052075	VT	North Troy village	north troy
place	5053125	VT	Old Bennington village	old bennington
place	5053575	VT	Orleans village	orleans
place	5056800	VT	Poultney village	poultney
place	5061225	VT	Rutland city	rutland
place	5061675	VT	St. Albans city	st albans
place	5062950	VT	Saxtons River village	saxtons river
place	5066175	VT	South Burlington city	south burlington
place	5071650	VT	Swanton village	swanton
place	5074650	VT	Vergennes city	vergennes
place	5078025	VT	Wells River village	wells river
place	5079150	VT	West Burke village	west burke
place	5081325	VT	Westminster village	westminster
place	5085150	VT	Winooski city	winooski
place	5085900	VT	Woodstock village	woodstock
place	5100148	VA	Abingdon town	abingdon
place	5100180	VA	Accomac town	accomac
place	5100724	VA	Alberta town	alberta
place	5101000	VA	Alexandria city	alexandria
place	5101528	VA	Altavista town	altavista
place	5101672	VA	Amherst town	amherst
place	5102040	VA	Appalachia town	appalachia
place	5102072	VA	Appomattox town	appomattox
place	5103368	VA	Ashland town	ashland
place	5105544	VA	Bedford town	bedford
place	5105912	VA	Belle Haven town	belle haven
place	5106968	VA	Berryville town	berryville
place	5107480	VA	Big Stone Gap town	big stone gap
place	5107784	VA	Blacksburg town	blacksburg
place	5107832	VA	Blackstone town	blackstone
place	5108120	VA	Bloxom town	bloxom
place	5108152	VA	Bluefield town	bluefield
place	5108584	VA	Boones Mill town	boones mill
place	5108888	VA	Bowling Green town	bowling green
place	5108984	VA	Boyce town	boyce
place	5109016	VA	Boydton town	boydton
place	5109032	VA	Boykins town	boykins
place	5109208	VA	Branchville town	branchville
place	5109656	VA	Bridgewater town	bridgewater
place	5109816	VA	Bristol city	bristol
place	5110040	VA	Broadway town	broadway
place	5110072	VA	Brodnax town	brodnax
place	5110296	VA	Brookneal town	brookneal
place	5110744	VA	Buchanan town	buchanan
place	5111032	VA	Buena Vista city	buena vista
place	5111560	VA	Burkeville town	burkeville
place	5112808	VA	Cape Charles town	cape charles
place	5112904	VA	Capron town	capron
place	5113784	VA	Cedar Bluff town	cedar bluff
place	5114952	VA	Charlotte Court House town	charlotte court house
place	5114968	VA	Charlottesville city	charlottesville
place	5114984	VA	Chase City town	chase
place	5115000	VA	Chatham town	chatham
place	5115112	VA	Cheriton town	cheriton
place	5116000	VA	Chesapeake city	chesapeake
place	5116480	VA	Chilhowie town	chilhowie
place	5116512	VA	Chincoteague town	chincoteague
place	5116608	VA	Christiansburg town	christiansburg
place	5116880	VA	Claremont town	claremont
place	5116992	VA	Clarksville town	clarksville
place	5117296	VA	Cleveland town	cleveland
place	5117376	VA	Clifton town	clifton
place	5117440	VA	Clifton Forge town	clifton forge
place	5117504	VA	Clinchco town	clinchco
place	5117536	VA	Clinchport town	clinchport
place	5117552	VA	Clintwood town	clintwood
place	5117952	VA	Coeburn town	coeburn
place	5118400	VA	Colonial Beach town	colonial beach
place	5118448	VA	Colonial Heights city	colonial heights
place	5119600	VA	Courtland town	courtland
place	5119728	VA	Covington city	covington
place	5119904	VA	Craigsville town	craigsville
place	5120160	VA	Crewe town	crewe
place	5120752	VA	Culpeper town	culpeper
place	5121184	VA	Damascus town	damascus
place	5121344	VA	Danville city	danville
place	5121648	VA	Dayton town	dayton
place	5122160	VA	Dendron town	dendron
place	5122560	VA	Dillwyn town	dillwyn
place	5123376	VA	Drakes Branch town	drakes branch
place	5123648	VA	Dublin town	dublin
place	5123680	VA	Duffield town	duffield
place	5123760	VA	Dumfries town	dumfries
place	5123952	VA	Dungannon town	dungannon
place	5124752	VA	Eastville town	eastville
place	5125008	VA	Edinburg town	edinburg
place	5125408	VA	Elkton town	elkton
place	5125808	VA	Emporia city	emporia
place	5126416	VA	Exmore town	exmore
place	5126496	VA	Fairfax city	fairfax
place	5127200	VA	Falls Church city	falls church
place	5127440	VA	Farmville town	farmville
place	5127824	VA	Fincastle town	fincastle
place	5128544	VA	Floyd town	floyd
place	5129600	VA	Franklin city	franklin
place	5129744	VA	Fredericksburg city	fredericksburg
place	5129920	VA	Fries town	fries
place	5129968	VA	Front Royal town	front royal
place	5130208	VA	Galax city	galax
place	5130496	VA	Gate City town	gate
place	5131056	VA	Glade Spring town	glade spring
place	5131136	VA	Glasgow town	glasgow
place	5131376	VA	Glen Lyn town	glen lyn
place	5131936	VA	Gordonsville town	gordonsville
place	5131968	VA	Goshen town	goshen
place	5133232	VA	Gretna town	gretna
place	5133488	VA	Grottoes town	grottoes
place	5133648	VA	Grundy town	grundy
place	5134064	VA	Halifax town	halifax
place	5134176	VA	Hallwood town	hallwood
place	5134240	VA	Hamilton town	hamilton
place	5135000	VA	Hampton city	hampton
place	5135624	VA	Harrisonburg city	harrisonburg
place	5135976	VA	Haymarket town	haymarket
place	5136008	VA	Haysi town	haysi
place	5136648	VA	Herndon town	herndon
place	5137288	VA	Hillsboro town	hillsboro
place	5137336	VA	Hillsville town	hillsville
place	5138280	VA	Honaker town	honaker
place	5138424	VA	Hopewell city	hopewell
place	5139224	VA	Hurt town	hurt
place	5139528	VA	Independence town	independence
place	5140024	VA	Iron Gate town	iron gate
place	5140088	VA	Irvington town	irvington
place	5140232	VA	Ivor town	ivor
place	5140536	VA	Jarratt town	jarratt
place	5141272	VA	Jonesville town	jonesville
place	5141656	VA	Keller town	keller
place	5141832	VA	Kenbridge town	kenbridge
place	5142264	VA	Keysville town	keysville
place	5142424	VA	Kilmarnock town	kilmarnock
place	5143176	VA	La Crosse town	la crosse
place	5144520	VA	Lawrenceville town	lawrenceville
place	5144696	VA	Lebanon town	lebanon
place	5144984	VA	Leesburg town	leesburg
place	5145512	VA	Lexington city	lexington
place	5147144	VA	Louisa town	louisa
place	5147208	VA	Lovettsville town	lovettsville
place	5147528	VA	Luray town	luray
place	5147672	VA	Lynchburg city	lynchburg
place	5148344	VA	McKenney town	mckenney
place	5148488	VA	Madison town	madison
place	5148952	VA	Manassas city	manassas
place	5148968	VA	Manassas Park city	manassas park
place	5149464	VA	Marion town	marion
place	5149784	VA	Martinsville city	martinsville
place	5150984	VA	Melfa town	melfa
place	5151448	VA	Middleburg town	middleburg
place	5151512	VA	Middletown town	middletown
place	5152120	VA	Mineral town	mineral
place	5152680	VA	Monterey town	monterey
place	5152952	VA	Montross town	montross
place	5153864	VA	Mount Crawford town	mount crawford
place	5153992	VA	Mount Jackson town	mount jackson
place	5154904	VA	Narrows town	narrows
place	5154984	VA	Nassawadox town	nassawadox
place	5155592	VA	New Castle town	new castle
place	5155848	VA	New Market town	new market
place	5156000	VA	Newport News city	newport news
place	5156096	VA	Newsoms town	newsoms
place	5156304	VA	Nickelsville town	nickelsville
place	5157000	VA	Norfolk city	norfolk
place	5157688	VA	Norton city	norton
place	5158696	VA	Occoquan town	occoquan
place	5159336	VA	Onancock town	onancock
place	5159384	VA	Onley town	onley
place	5159496	VA	Orange town	orange
place	5160296	VA	Painter town	painter
place	5160488	VA	Pamplin City town	pamplin
place	5160680	VA	Parksley town	parksley
place	5161208	VA	Pearisburg town	pearisburg
place	5161336	VA	Pembroke town	pembroke
place	5161560	VA	Pennington Gap town	pennington gap
place	5161832	VA	Petersburg city	petersburg
place	5161896	VA	Phenix town	phenix
place	5163288	VA	Pocahontas town	pocahontas
place	5163768	VA	Poquoson city	poquoson
place	5163928	VA	Port Royal town	port royal
place	5164000	VA	Portsmouth city	portsmouth
place	5164272	VA	Pound town	pound
place	5164880	VA	Pulaski town	pulaski
place	5165008	VA	Purcellville town	purcellville
place	5165120	VA	Quantico town	quantico
place	5165392	VA	Radford city	radford
place	5166512	VA	Remington town	remington
place	5166896	VA	Rich Creek town	rich creek
place	5166928	VA	Richlands town	richlands
place	5167000	VA	Richmond city	richmond
place	5167208	VA	Ridgeway town	ridgeway
place	5168000	VA	Roanoke city	roanoke
place	5168496	VA	Rocky Mount town	rocky mount
place	5169168	VA	Round Hill town	round hill
place	5169456	VA	Rural Retreat town	rural retreat
place	5169936	VA	St. Paul town	st paul
place	5170000	VA	Salem city	salem
place	5170096	VA	Saltville town	saltville
place	5170576	VA	Saxis town	saxis
place	5170752	VA	Scottsburg town	scottsburg
place	5170800	VA	Scottsville town	scottsville
place	5171776	VA	Shenandoah town	shenandoah
place	5173200	VA	Smithfield town	smithfield
place	5173712	VA	South Boston town	south boston
place	5173904	VA	South Hill town	south hill
place	5175008	VA	Stanardsville town	stanardsville
place	5175024	VA	Stanley town	stanley
place	5175216	VA	Staunton city	staunton
place	5175344	VA	Stephens City town	stephens
place	5175840	VA	Stony Creek town	stony creek
place	5176000	VA	Strasburg town	strasburg
place	5176256	VA	Stuart town	stuart
place	5176432	VA	Suffolk city	suffolk
place	5176880	VA	Surry town	surry
place	5177520	VA	Tangier town	tangier
place	5177568	VA	Tappahannock town	tappahannock
place	5177792	VA	Tazewell town	tazewell
place	5178192	VA	The Plains town	the plains
place	5178736	VA	Timberville town	timberville
place	5179024	VA	Toms Brook town	toms brook
place	5179456	VA	Troutdale town	troutdale
place	5179472	VA	Troutville town	troutville
place	5180272	VA	Urbanna town	urbanna
place	5181024	VA	Victoria town	victoria
place	5181072	VA	Vienna town	vienna
place	5181280	VA	Vinton town	vinton
place	5181312	VA	Virgilina town	virgilina
place	5182000	VA	Virginia Beach city	virginia beach
place	5182320	VA	Wachapreague town	wachapreague
place	5182384	VA	Wakefield town	wakefield
place	5183136	VA	Warrenton town	warrenton
place	5183168	VA	Warsaw town	warsaw
place	5183248	VA	Washington town	washington
place	5183600	VA	Waverly town	waverly
place	5183680	VA	Waynesboro city	waynesboro
place	5183808	VA	Weber City town	weber
place	5184960	VA	West Point town	west point
place	5185600	VA	White Stone town	white stone
place	5186160	VA	Williamsburg city	williamsburg
place	5186720	VA	Winchester city	winchester
place	5186784	VA	Windsor town	windsor
place	5187072	VA	Wise town	wise
place	5187712	VA	Woodstock town	woodstock
place	5188000	VA	Wytheville town	wytheville
place	5300100	WA	Aberdeen city	aberdeen
place	5300905	WA	Airway Heights city	airway heights
place	5301010	WA	Albion town	albion
place	5301290	WA	Algona city	algona
place	5301500	WA	Almira town	almira
place	5301990	WA	Anacortes city	anacortes
place	5302585	WA	Arlington city	arlington
place	5303075	WA	Asotin city	asotin
place	5303180	WA	Auburn city	auburn
place	5303736	WA	Bainbridge Island city	bainbridge island
place	5304475	WA	Battle Ground city	battle ground
place	5304895	WA	Beaux Arts Village town	beaux arts
place	5305210	WA	Bellevue city	bellevue
place	5305280	WA	Bellingham city	bellingham
place	5305560	WA	Benton City city	benton
place	5306085	WA	Bingen city	bingen
place	5306330	WA	Black Diamond city	black diamond
place	5306505	WA	Blaine city	blaine
place	5307170	WA	Bonney Lake city	bonney lake
place	5307380	WA	Bothell city	bothell
place	5307695	WA	Bremerton city	bremerton
place	5307835	WA	Brewster city	brewster
place	5307870	WA	Bridgeport city	bridgeport
place	5307940	WA	Brier city	brier
place	5308570	WA	Buckley city	buckley
place	5308605	WA	Bucoda town	bucoda
place	5308850	WA	Burien city	burien
place	5308920	WA	Burlington city	burlington
place	5309480	WA	Camas city	camas
place	5309970	WA	Carbonado town	carbonado
place	5310215	WA	Carnation city	carnation
place	5310495	WA	Cashmere city	cashmere
place	5310565	WA	Castle Rock city	castle rock
place	5310635	WA	Cathlamet town	cathlamet
place	5311160	WA	Centralia city	centralia
place	5311475	WA	Chehalis city	chehalis
place	5311615	WA	Chelan city	chelan
place	5311825	WA	Cheney city	cheney
place	5312140	WA	Chewelah city	chewelah
place	5312630	WA	Clarkston city	clarkston
place	5312945	WA	Cle Elum city	cle elum
place	5313365	WA	Clyde Hill city	clyde hill
place	5313785	WA	Colfax city	colfax
place	5313855	WA	College Place city	college place
place	5313890	WA	Colton town	colton
place	5314170	WA	Colville city	colville
place	5314310	WA	Conconully town	conconully
place	5314380	WA	Concrete town	concrete
place	5314485	WA	Connell city	connell
place	5314870	WA	Cosmopolis city	cosmopolis
place	5315080	WA	Coulee City town	coulee
place	5315115	WA	Coulee Dam town	coulee dam
place	5315185	WA	Coupeville town	coupeville
place	5315290	WA	Covington city	covington
place	5315710	WA	Creston town	creston
place	5316340	WA	Cusick town	cusick
place	5316690	WA	Darrington town	darrington
place	5316795	WA	Davenport city	davenport
place	5316970	WA	Dayton city	dayton
place	5317320	WA	Deer Park city	deer park
place	5317635	WA	Des Moines city	des moines
place	5318965	WA	DuPont city	dupont
place	5319035	WA	Duvall city	duvall
place	5320155	WA	East Wenatchee city	east wenatchee
place	5320260	WA	Eatonville town	eatonville
place	5320645	WA	Edgewood city	edgewood
place	5320750	WA	Edmonds city	edmonds
place	5321030	WA	Electric City city	electric
place	5321240	WA	Ellensburg city	ellensburg
place	5321450	WA	Elma city	elma
place	5321485	WA	Elmer City town	elmer
place	5321730	WA	Endicott town	endicott
place	5322010	WA	Entiat city	entiat
place	5322045	WA	Enumclaw city	enumclaw
place	5322080	WA	Ephrata city	ephrata
place	5322640	WA	Everett city	everett
place	5322745	WA	Everson city	everson
place	5322990	WA	Fairfield town	fairfield
place	5323340	WA	Farmington town	farmington
place	5323515	WA	Federal Way city	federal way
place	5323620	WA	Ferndale city	ferndale
place	5323795	WA	Fife city	fife
place	5323970	WA	Fircrest city	fircrest
place	5324810	WA	Forks city	forks
place	5325615	WA	Friday Harbor town	friday harbor
place	5326140	WA	Garfield town	garfield
place	5326455	WA	George city	george
place	5326735	WA	Gig Harbor city	gig harbor
place	5327365	WA	Gold Bar city	gold bar
place	5327435	WA	Goldendale city	goldendale
place	5327855	WA	Grand Coulee city	grand coulee
place	5327925	WA	Grandview city	grandview
place	5327960	WA	Granger city	granger
place	5327995	WA	Granite Falls city	granite falls
place	5329255	WA	Hamilton town	hamilton
place	5329710	WA	Harrah town	harrah
place	5329745	WA	Harrington city	harrington
place	5329920	WA	Hartline town	hartline
place	5330060	WA	Hatton town	hatton
place	5332300	WA	Hoquiam city	hoquiam
place	5332755	WA	Hunts Point town	hunts point
place	5333000	WA	Ilwaco city	ilwaco
place	5333175	WA	Index town	index
place	5333560	WA	Ione town	ione
place	5333805	WA	Issaquah city	issaquah
place	5334575	WA	Kahlotus city	kahlotus
place	5334645	WA	Kalama city	kalama
place	5335065	WA	Kelso city	kelso
place	5335170	WA	Kenmore city	kenmore
place	5335275	WA	Kennewick city	kennewick
place	5335415	WA	Kent city	kent
place	5335485	WA	Kettle Falls city	kettle falls
place	5335940	WA	Kirkland city	kirkland
place	5336045	WA	Kittitas city	kittitas
place	5336395	WA	Krupp town	krupp
place	5336710	WA	La Center city	la center
place	5336745	WA	Lacey city	lacey
place	5336780	WA	La Conner town	la conner
place	5336850	WA	LaCrosse town	lacrosse
place	5337270	WA	Lake Forest Park city	lake forest park
place	5337900	WA	Lake Stevens city	lake stevens
place	5338038	WA	Lakewood city	lakewood
place	5338215	WA	Lamont town	lamont
place	5338355	WA	Langley city	langley
place	5338495	WA	Latah town	latah
place	5338845	WA	Leavenworth city	leavenworth
place	5339335	WA	Liberty Lake city	liberty lake
place	5339510	WA	Lind town	lind
place	5340070	WA	Long Beach city	long beach
place	5340245	WA	Longview city	longview
place	5340770	WA	Lyman town	lyman
place	5340805	WA	Lynden city	lynden
place	5340840	WA	Lynnwood city	lynnwood
place	5340980	WA	Mabton city	mabton
place	5341225	WA	McCleary city	mccleary
place	5342275	WA	Malden town	malden
place	5342800	WA	Mansfield town	mansfield
place	5343150	WA	Maple Valley city	maple valley
place	5343395	WA	Marcus town	marcus
place	5343955	WA	Marysville city	marysville
place	5344165	WA	Mattawa city	mattawa
place	5344690	WA	Medical Lake city	medical lake
place	5344725	WA	Medina city	medina
place	5345005	WA	Mercer Island city	mercer island
place	5345180	WA	Mesa city	mesa
place	5345285	WA	Metaline town	metaline
place	5345320	WA	Metaline Falls town	metaline falls
place	5345865	WA	Mill Creek city	mill creek
place	5345985	WA	Millwood city	millwood
place	5346020	WA	Milton city	milton
place	5346685	WA	Monroe city	monroe
place	5346895	WA	Montesano city	montesano
place	5347175	WA	Morton city	morton
place	5347245	WA	Moses Lake city	moses lake
place	5347315	WA	Mossyrock city	mossyrock
place	5347490	WA	Mountlake Terrace city	mountlake terrace
place	5347560	WA	Mount Vernon city	mount vernon
place	5347665	WA	Moxee city	moxee
place	5347735	WA	Mukilteo city	mukilteo
place	5347805	WA	Naches town	naches
place	5347980	WA	Napavine city	napavine
place	5348540	WA	Nespelem town	nespelem
place	5348645	WA	Newcastle city	newcastle
place	5348820	WA	Newport city	newport
place	5349275	WA	Nooksack city	nooksack
place	5349415	WA	Normandy Park city	normandy park
place	5349485	WA	North Bend city	north bend
place	5349555	WA	North Bonneville city	north bonneville
place	5350045	WA	Northport town	northport
place	5350325	WA	Oakesdale town	oakesdale
place	5350360	WA	Oak Harbor city	oak harbor
place	5350430	WA	Oakville city	oakville
place	5350570	WA	Ocean Shores city	ocean shores
place	5350745	WA	Odessa town	odessa
place	5350920	WA	Okanogan city	okanogan
place	5351300	WA	Olympia city	olympia
place	5351340	WA	Omak city	omak
place	5351970	WA	Oroville city	oroville
place	5352005	WA	Orting city	orting
place	5352215	WA	Othello city	othello
place	5352495	WA	Pacific city	pacific
place	5352950	WA	Palouse city	palouse
place	5353545	WA	Pasco city	pasco
place	5353720	WA	Pateros city	pateros
place	5353930	WA	Pe Ell town	pe ell
place	5355120	WA	Pomeroy city	pomeroy
place	5355365	WA	Port Angeles city	port angeles
place	5355785	WA	Port Orchard city	port orchard
place	5355855	WA	Port Townsend city	port townsend
place	5355995	WA	Poulsbo city	poulsbo
place	5356240	WA	Prescott city	prescott
place	5356450	WA	Prosser city	prosser
place	5356625	WA	Pullman city	pullman
place	5356695	WA	Puyallup city	puyallup
place	5357115	WA	Quincy city	quincy
place	5357220	WA	Rainier city	rainier
place	5357430	WA	Raymond city	raymond
place	5357465	WA	Reardan town	reardan
place	5357535	WA	Redmond city	redmond
place	5357745	WA	Renton city	renton
place	5357850	WA	Republic city	republic
place	5358235	WA	Richland city	richland
place	5358410	WA	Ridgefield city	ridgefield
place	5358725	WA	Ritzville city	ritzville
place	5358795	WA	Riverside town	riverside
place	5359145	WA	Rockford town	rockford
place	5359180	WA	Rock Island city	rock island
place	5359775	WA	Rosalia town	rosalia
place	5360055	WA	Roslyn city	roslyn
place	5360160	WA	Roy city	roy
place	5360230	WA	Royal City city	royal
place	5360510	WA	Ruston city	ruston
place	5360860	WA	St. John town	st john
place	5361115	WA	Sammamish city	sammamish
place	5362288	WA	SeaTac city	seatac
place	5363000	WA	Seattle city	seattle
place	5363210	WA	Sedro-Woolley city	sedro woolley
place	5363280	WA	Selah city	selah
place	5363385	WA	Sequim city	sequim
place	5363735	WA	Shelton city	shelton
place	5363960	WA	Shoreline city	shoreline
place	5364855	WA	Skykomish town	skykomish
place	5365170	WA	Snohomish city	snohomish
place	5365205	WA	Snoqualmie city	snoqualmie
place	5365345	WA	Soap Lake city	soap lake
place	5365625	WA	South Bend city	south bend
place	5365765	WA	South Cle Elum town	south cle elum
place	5366045	WA	South Prairie town	south prairie
place	5366290	WA	Spangle city	spangle
place	5367000	WA	Spokane city	spokane
place	5367167	WA	Spokane Valley city	spokane valley
place	5367175	WA	Sprague city	sprague
place	5367210	WA	Springdale town	springdale
place	5367455	WA	Stanwood city	stanwood
place	5367490	WA	Starbuck town	starbuck
place	5367770	WA	Steilacoom town	steilacoom
place	5367875	WA	Stevenson city	stevenson
place	5368260	WA	Sultan city	sultan
place	5368330	WA	Sumas city	sumas
place	5368435	WA	Sumner city	sumner
place	5368750	WA	Sunnyside city	sunnyside
place	5370000	WA	Tacoma city	tacoma
place	5370560	WA	Tekoa city	tekoa
place	5370630	WA	Tenino city	tenino
place	5371400	WA	Tieton city	tieton
place	5371785	WA	Toledo city	toledo
place	5371890	WA	Tonasket city	tonasket
place	5371960	WA	Toppenish city	toppenish
place	5372625	WA	Tukwila city	tukwila
place	5372905	WA	Tumwater city	tumwater
place	5373080	WA	Twisp town	twisp
place	5373290	WA	Union Gap city	union gap
place	5373360	WA	Uniontown town	uniontown
place	5373465	WA	University Place city	university place
place	5373780	WA	Vader city	vader
place	5374060	WA	Vancouver city	vancouver
place	5375565	WA	Waitsburg city	waitsburg
place	5375775	WA	Walla Walla city	walla walla
place	5376125	WA	Wapato city	wapato
place	5376160	WA	Warden city	warden
place	5376405	WA	Washougal city	washougal
place	5376440	WA	Washtucna town	washtucna
place	5376510	WA	Waterville town	waterville
place	5376720	WA	Waverly town	waverly
place	5377105	WA	Wenatchee city	wenatchee
place	5377630	WA	Westport city	westport
place	5377665	WA	West Richland city	west richland
place	5378330	WA	White Salmon city	white salmon
place	5378680	WA	Wilbur town	wilbur
place	5378925	WA	Wilkeson town	wilkeson
place	5379135	WA	Wilson Creek town	wilson creek
place	5379275	WA	Winlock city	winlock
place	5379380	WA	Winthrop town	winthrop
place	5379590	WA	Woodinville city	woodinville
place	5379625	WA	Woodland city	woodland
place	5379835	WA	Woodway city	woodway
place	5379975	WA	Yacolt town	yacolt
place	5380010	WA	Yakima city	yakima
place	5380150	WA	Yarrow Point town	yarrow point
place	5380220	WA	Yelm city	yelm
place	5380500	WA	Zillah city	zillah
place	5400364	WV	Addison (Webster Springs) town	addison webster springs
place	5400748	WV	Albright town	albright
place	5400772	WV	Alderson town	alderson
place	5401780	WV	Anawalt town	anawalt
place	5401900	WV	Anmoore town	anmoore
place	5401996	WV	Ansted town	ansted
place	5403292	WV	Athens town	athens
place	5403364	WV	Auburn town	auburn
place	5404204	WV	Bancroft town	bancroft
place	5404276	WV	Barboursville village	barboursville
place	5404612	WV	Barrackville town	barrackville
place	5404876	WV	Bath (Berkeley Springs) town	bath berkeley springs
place	5404924	WV	Bayard town	bayard
place	5405332	WV	Beckley city	beckley
place	5405452	WV	Beech Bottom village	beech bottom
place	5405788	WV	Belington town	belington
place	5405836	WV	Belle town	belle
place	5406004	WV	Belmont city	belmont
place	5406340	WV	Benwood city	benwood
place	5406844	WV	Bethany town	bethany
place	5406940	WV	Bethlehem village	bethlehem
place	5406988	WV	Beverly town	beverly
place	5408092	WV	Blacksville town	blacksville
place	5408524	WV	Bluefield city	bluefield
place	5408932	WV	Bolivar town	bolivar
place	5409700	WV	Bradshaw town	bradshaw
place	5409796	WV	Bramwell town	bramwell
place	5409844	WV	Brandonville town	brandonville
place	5410180	WV	Bridgeport city	bridgeport
place	5410852	WV	Bruceton Mills town	bruceton mills
place	5411188	WV	Buckhannon city	buckhannon
place	5411284	WV	Buffalo town	buffalo
place	5411716	WV	Burnsville town	burnsville
place	5412124	WV	Cairo town	cairo
place	5412436	WV	Camden-on-Gauley town	camden on gauley
place	5412484	WV	Cameron city	cameron
place	5413108	WV	Capon Bridge town	capon bridge
place	5413525	WV	Carpendale town	carpendale
place	5413924	WV	Cedar Grove town	cedar grove
place	5414308	WV	Ceredo city	ceredo
place	5414524	WV	Chapmanville town	chapmanville
place	5414600	WV	Charleston city	charleston
place	5414610	WV	Charles Town city	charles
place	5415028	WV	Chesapeake town	chesapeake
place	5415076	WV	Chester city	chester
place	5415628	WV	Clarksburg city	clarksburg
place	5415676	WV	Clay town	clay
place	5415916	WV	Clearview village	clearview
place	5416012	WV	Clendenin town	clendenin
place	5418412	WV	Cowen town	cowen
place	5420212	WV	Danville town	danville
place	5420428	WV	Davis town	davis
place	5420500	WV	Davy town	davy
place	5420980	WV	Delbarton town	delbarton
place	5422564	WV	Dunbar city	dunbar
place	5422852	WV	Durbin town	durbin
place	5423092	WV	East Bank town	east bank
place	5424292	WV	Eleanor town	eleanor
place	5424364	WV	Elizabeth town	elizabeth
place	5424484	WV	Elk Garden town	elk garden
place	5424580	WV	Elkins city	elkins
place	5424844	WV	Ellenboro town	ellenboro
place	5426452	WV	Fairmont city	fairmont
place	5426524	WV	Fairview town	fairview
place	5426692	WV	Falling Spring town	falling spring
place	5426932	WV	Farmington town	farmington
place	5427028	WV	Fayetteville town	fayetteville
place	5427868	WV	Flatwoods town	flatwoods
place	5427940	WV	Flemington town	flemington
place	5428204	WV	Follansbee city	follansbee
place	5428516	WV	Fort Gay town	fort gay
place	5429044	WV	Franklin town	franklin
place	5429404	WV	Friendly town	friendly
place	5430196	WV	Gary city	gary
place	5430220	WV	Gassaway town	gassaway
place	5430364	WV	Gauley Bridge town	gauley bridge
place	5430772	WV	Gilbert town	gilbert
place	5431324	WV	Glasgow town	glasgow
place	5431492	WV	Glen Dale city	glen dale
place	5432044	WV	Glenville town	glenville
place	5432716	WV	Grafton city	grafton
place	5432884	WV	Grantsville town	grantsville
place	5432908	WV	Grant Town town	grant
place	5432932	WV	Granville town	granville
place	5434492	WV	Hambleton town	hambleton
place	5434516	WV	Hamlin town	hamlin
place	5434756	WV	Handley town	handley
place	5435092	WV	Harman town	harman
place	5435284	WV	Harpers Ferry town	harpers ferry
place	5435428	WV	Harrisville town	harrisville
place	5435500	WV	Hartford City town	hartford
place	5436220	WV	Hedgesville town	hedgesville
place	5436436	WV	Henderson town	henderson
place	5436460	WV	Hendricks town	hendricks
place	5437372	WV	Hillsboro town	hillsboro
place	5437636	WV	Hinton city	hinton
place	5439340	WV	Hundred town	hundred
place	5439460	WV	Huntington city	huntington
place	5439532	WV	Hurricane city	hurricane
place	5439628	WV	Huttonsville town	huttonsville
place	5439652	WV	Iaeger town	iaeger
place	5440828	WV	Jane Lew town	jane lew
place	5442244	WV	Junior town	junior
place	5443180	WV	Kenova city	kenova
place	5443300	WV	Kermit town	kermit
place	5443492	WV	Keyser city	keyser
place	5443516	WV	Keystone city	keystone
place	5443780	WV	Kimball town	kimball
place	5444044	WV	Kingwood city	kingwood
place	5446300	WV	Leon town	leon
place	5446468	WV	Lester town	lester
place	5446636	WV	Lewisburg city	lewisburg
place	5448148	WV	Logan city	logan
place	5448748	WV	Lost Creek town	lost creek
place	5449252	WV	Lumberport town	lumberport
place	5449492	WV	Mabscott town	mabscott
place	5450260	WV	McMechen city	mcmechen
place	5450524	WV	Madison city	madison
place	5450932	WV	Man town	man
place	5451100	WV	Mannington city	mannington
place	5451676	WV	Marlinton town	marlinton
place	5451724	WV	Marmet city	marmet
place	5452060	WV	Martinsburg city	martinsburg
place	5452180	WV	Mason town	mason
place	5452228	WV	Masontown town	masontown
place	5452324	WV	Matewan town	matewan
place	5452780	WV	Meadow Bridge town	meadow bridge
place	5453572	WV	Middlebourne town	middlebourne
place	5454100	WV	Mill Creek town	mill creek
place	5454484	WV	Milton town	milton
place	5454892	WV	Mitchell Heights town	mitchell heights
place	5455276	WV	Monongah town	monongah
place	5455468	WV	Montgomery city	montgomery
place	5455540	WV	Montrose town	montrose
place	5455588	WV	Moorefield town	moorefield
place	5455756	WV	Morgantown city	morgantown
place	5456020	WV	Moundsville city	moundsville
place	5456404	WV	Mount Hope city	mount hope
place	5457148	WV	Mullens city	mullens
place	5458300	WV	Newburg town	newburg
place	5458372	WV	New Cumberland city	new cumberland
place	5458564	WV	New Haven town	new haven
place	5458684	WV	New Martinsville city	new martinsville
place	5459068	WV	Nitro city	nitro
place	5459428	WV	Northfork town	northfork
place	5459458	WV	North Hills town	north hills
place	5459836	WV	Nutter Fort town	nutter fort
place	5460028	WV	Oak Hill city	oak hill
place	5460196	WV	Oakvale town	oakvale
place	5460364	WV	Oceana town	oceana
place	5461636	WV	Paden City city	paden
place	5462140	WV	Parkersburg city	parkersburg
place	5462284	WV	Parsons city	parsons
place	5462332	WV	Paw Paw town	paw paw
place	5462356	WV	Pax town	pax
place	5462764	WV	Pennsboro city	pennsboro
place	5462956	WV	Petersburg city	petersburg
place	5463052	WV	Peterstown town	peterstown
place	5463292	WV	Philippi city	philippi
place	5463604	WV	Piedmont town	piedmont
place	5463892	WV	Pine Grove town	pine grove
place	5463940	WV	Pineville town	pineville
place	5464228	WV	Pleasant Valley city	pleasant valley
place	5464516	WV	Poca town	poca
place	5464708	WV	Point Pleasant city	point pleasant
place	5465356	WV	Pratt town	pratt
place	5465692	WV	Princeton city	princeton
place	5465956	WV	Pullman town	pullman
place	5466412	WV	Quinwood town	quinwood
place	5466652	WV	Rainelle town	rainelle
place	5466988	WV	Ranson corporation	ranson corporation
place	5467108	WV	Ravenswood city	ravenswood
place	5467636	WV	Reedsville town	reedsville
place	5467660	WV	Reedy town	reedy
place	5467996	WV	Rhodell town	rhodell
place	5468116	WV	Richwood city	richwood
place	5468260	WV	Ridgeley town	ridgeley
place	5468596	WV	Ripley city	ripley
place	5468908	WV	Rivesville town	rivesville
place	5470084	WV	Romney city	romney
place	5470156	WV	Ronceverte city	ronceverte
place	5470588	WV	Rowlesburg town	rowlesburg
place	5470828	WV	Rupert town	rupert
place	5471212	WV	St. Albans city	st albans
place	5471356	WV	St. Marys city	st marys
place	5471380	WV	Salem city	salem
place	5471620	WV	Sand Fork town	sand fork
place	5473468	WV	Shepherdstown town	shepherdstown
place	5473636	WV	Shinnston city	shinnston
place	5474380	WV	Sistersville city	sistersville
place	5474740	WV	Smithers city	smithers
place	5474788	WV	Smithfield town	smithfield
place	5475172	WV	Sophia town	sophia
place	5475292	WV	South Charleston city	south charleston
place	5475820	WV	Spencer city	spencer
place	5476516	WV	Star City town	star
place	5477188	WV	Stonewood city	stonewood
place	5477980	WV	Summersville city	summersville
place	5478580	WV	Sutton town	sutton
place	5478964	WV	Sylvester town	sylvester
place	5479708	WV	Terra Alta town	terra alta
place	5480020	WV	Thomas city	thomas
place	5480284	WV	Thurmond town	thurmond
place	5480932	WV	Triadelphia town	triadelphia
place	5481268	WV	Tunnelton town	tunnelton
place	5481940	WV	Union town	union
place	5482732	WV	Valley Grove village	valley grove
place	5483500	WV	Vienna city	vienna
place	5484484	WV	War city	war
place	5484580	WV	Wardensville town	wardensville
place	5484940	WV	Wayne town	wayne
place	5485156	WV	Weirton city	weirton
place	5485228	WV	Welch city	welch
place	5485324	WV	Wellsburg city	wellsburg
place	5485804	WV	West Hamlin town	west hamlin
place	5485876	WV	West Liberty town	west liberty
place	5485900	WV	West Logan town	west logan
place	5485924	WV	West Milford town	west milford
place	5485972	WV	Weston city	weston
place	5485996	WV	Westover city	westover
place	5486116	WV	West Union town	west union
place	5486452	WV	Wheeling city	wheeling
place	5486620	WV	White Hall town	white hall
place	5486812	WV	White Sulphur Springs city	white sulphur springs
place	5486836	WV	Whitesville town	whitesville
place	5487508	WV	Williamson city	williamson
place	5487556	WV	Williamstown city	williamstown
place	5487892	WV	Windsor Heights village	windsor heights
place	5487988	WV	Winfield town	winfield
place	5488324	WV	Womelsdorf (Coalton) town	womelsdorf coalton
place	5488708	WV	Worthington town	worthington
place	5500100	WI	Abbotsford city	abbotsford
place	5500275	WI	Adams city	adams
place	5500450	WI	Adell village	adell
place	5500750	WI	Albany village	albany
place	5501000	WI	Algoma city	algoma
place	5501150	WI	Allouez village	allouez
place	5501225	WI	Alma city	alma
place	5501300	WI	Alma Center village	alma center
place	5501325	WI	Almena village	almena
place	5501400	WI	Almond village	almond
place	5501550	WI	Altoona city	altoona
place	5501725	WI	Amery city	amery
place	5501750	WI	Amherst village	amherst
place	5501800	WI	Amherst Junction village	amherst junction
place	5502075	WI	Aniwa village	aniwa
place	5502250	WI	Antigo city	antigo
place	5502375	WI	Appleton city	appleton
place	5502500	WI	Arcadia city	arcadia
place	5502550	WI	Arena village	arena
place	5502650	WI	Argyle village	argyle
place	5502800	WI	Arlington village	arlington
place	5503025	WI	Arpin village	arpin
place	5503225	WI	Ashland city	ashland
place	5503425	WI	Ashwaubenon village	ashwaubenon
place	5503550	WI	Athens village	athens
place	5503775	WI	Auburndale village	auburndale
place	5503825	WI	Augusta city	augusta
place	5504025	WI	Avoca village	avoca
place	5504250	WI	Bagley village	bagley
place	5504400	WI	Baldwin village	baldwin
place	5504475	WI	Balsam Lake village	balsam lake
place	5504550	WI	Bangor village	bangor
place	5504625	WI	Baraboo city	baraboo
place	5504775	WI	Barneveld village	barneveld
place	5504875	WI	Barron city	barron
place	5505325	WI	Bay City village	bay
place	5505350	WI	Bayfield city	bayfield
place	5505450	WI	Bayside village	bayside
place	5505575	WI	Bear Creek village	bear creek
place	5505900	WI	Beaver Dam city	beaver dam
place	5506150	WI	Belgium village	belgium
place	5506225	WI	Bell Center village	bell center
place	5506300	WI	Belleville village	belleville
place	5506350	WI	Bellevue village	bellevue
place	5506425	WI	Belmont village	belmont
place	5506500	WI	Beloit city	beloit
place	5506825	WI	Benton village	benton
place	5506925	WI	Berlin city	berlin
place	5507200	WI	Big Bend village	big bend
place	5507250	WI	Big Falls village	big falls
place	5507550	WI	Birchwood village	birchwood
place	5507600	WI	Birnamwood village	birnamwood
place	5507650	WI	Biron village	biron
place	5507725	WI	Black Creek village	black creek
place	5507800	WI	Black Earth village	black earth
place	5507900	WI	Black River Falls city	black river falls
place	5508075	WI	Blair city	blair
place	5508125	WI	Blanchardville village	blanchardville
place	5508225	WI	Bloomer city	bloomer
place	5508265	WI	Bloomfield village	bloomfield
place	5508375	WI	Bloomington village	bloomington
place	5508475	WI	Blue Mounds village	blue mounds
place	5508525	WI	Blue River village	blue river
place	5508600	WI	Boaz village	boaz
place	5508725	WI	Bonduel village	bonduel
place	5508850	WI	Boscobel city	boscobel
place	5509025	WI	Bowler village	bowler
place	5509050	WI	Boyceville village	boyceville
place	5509075	WI	Boyd village	boyd
place	5509300	WI	Brandon village	brandon
place	5509725	WI	Brillion city	brillion
place	5509800	WI	Bristol village	bristol
place	5509925	WI	Brodhead city	brodhead
place	5510025	WI	Brookfield city	brookfield
place	5510075	WI	Brooklyn village	brooklyn
place	5510375	WI	Brown Deer village	brown deer
place	5510450	WI	Brownsville village	brownsville
place	5510475	WI	Browntown village	browntown
place	5510500	WI	Bruce village	bruce
place	5511062	WI	Buffalo City city	buffalo
place	5511200	WI	Burlington city	burlington
place	5511475	WI	Butler village	butler
place	5511525	WI	Butternut village	butternut
place	5511750	WI	Cadott village	cadott
place	5511950	WI	Caledonia village	caledonia
place	5512200	WI	Cambria village	cambria
place	5512225	WI	Cambridge village	cambridge
place	5512250	WI	Cameron village	cameron
place	5512325	WI	Campbellsport village	campbellsport
place	5512350	WI	Camp Douglas village	camp douglas
place	5512825	WI	Cascade village	cascade
place	5512850	WI	Casco village	casco
place	5512950	WI	Cashton village	cashton
place	5513050	WI	Cassville village	cassville
place	5513175	WI	Catawba village	catawba
place	5513300	WI	Cazenovia village	cazenovia
place	5513325	WI	Cecil village	cecil
place	5513375	WI	Cedarburg city	cedarburg
place	5513475	WI	Cedar Grove village	cedar grove
place	5513850	WI	Centuria village	centuria
place	5514150	WI	Chaseburg village	chaseburg
place	5514225	WI	Chenequa village	chenequa
place	5514325	WI	Chetek city	chetek
place	5514475	WI	Chilton city	chilton
place	5514575	WI	Chippewa Falls city	chippewa falls
place	5515100	WI	Clayton village	clayton
place	5515250	WI	Clear Lake village	clear lake
place	5515400	WI	Cleveland village	cleveland
place	5515625	WI	Clinton village	clinton
place	5515725	WI	Clintonville city	clintonville
place	5515900	WI	Clyman village	clyman
place	5515975	WI	Cobb village	cobb
place	5516025	WI	Cochrane village	cochrane
place	5516150	WI	Colby city	colby
place	5516250	WI	Coleman village	coleman
place	5516275	WI	Colfax village	colfax
place	5516375	WI	Coloma village	coloma
place	5516450	WI	Columbus city	columbus
place	5516500	WI	Combined Locks village	combined locks
place	5516775	WI	Conrath village	conrath
place	5516900	WI	Coon Valley village	coon valley
place	5517100	WI	Cornell city	cornell
place	5517175	WI	Cottage Grove village	cottage grove
place	5517225	WI	Couderay village	couderay
place	5517425	WI	Crandon city	crandon
place	5517725	WI	Crivitz village	crivitz
place	5517775	WI	Cross Plains village	cross plains
place	5517950	WI	Cuba City city	cuba
place	5517975	WI	Cudahy city	cudahy
place	5518025	WI	Cumberland city	cumberland
place	5518125	WI	Curtiss village	curtiss
place	5518575	WI	Dallas village	dallas
place	5518700	WI	Dane village	dane
place	5518825	WI	Darien village	darien
place	5518875	WI	Darlington city	darlington
place	5519250	WI	Deerfield village	deerfield
place	5519325	WI	Deer Park village	deer park
place	5519350	WI	DeForest village	deforest
place	5519400	WI	Delafield city	delafield
place	5519450	WI	Delavan city	delavan
place	5519700	WI	Denmark village	denmark
place	5519775	WI	De Pere city	de pere
place	5519850	WI	De Soto village	de soto
place	5520175	WI	Dickeyville village	dickeyville
place	5520350	WI	Dodgeville city	dodgeville
place	5520450	WI	Dorchester village	dorchester
place	5520550	WI	Dousman village	dousman
place	5520675	WI	Downing village	downing
place	5520775	WI	Doylestown village	doylestown
place	5520850	WI	Dresser village	dresser
place	5521225	WI	Durand city	durand
place	5521425	WI	Eagle village	eagle
place	5521625	WI	Eagle River city	eagle river
place	5521900	WI	Eastman village	eastman
place	5522100	WI	East Troy village	east troy
place	5522300	WI	Eau Claire city	eau claire
place	5522475	WI	Eden village	eden
place	5522550	WI	Edgar village	edgar
place	5522575	WI	Edgerton city	edgerton
place	5522850	WI	Egg Harbor village	egg harbor
place	5522975	WI	Eland village	eland
place	5523075	WI	Elderon village	elderon
place	5523175	WI	Eleva village	eleva
place	5523275	WI	Elkhart Lake village	elkhart lake
place	5523300	WI	Elkhorn city	elkhorn
place	5523325	WI	Elk Mound village	elk mound
place	5523525	WI	Ellsworth village	ellsworth
place	5523575	WI	Elm Grove village	elm grove
place	5523700	WI	Elmwood village	elmwood
place	5523725	WI	Elmwood Park village	elmwood park
place	5523800	WI	Elroy city	elroy
place	5523850	WI	Embarrass village	embarrass
place	5524075	WI	Endeavor village	endeavor
place	5524150	WI	Ephraim village	ephraim
place	5524400	WI	Ettrick village	ettrick
place	5524550	WI	Evansville city	evansville
place	5524700	WI	Exeland village	exeland
place	5524825	WI	Fairchild village	fairchild
place	5525075	WI	Fairwater village	fairwater
place	5525125	WI	Fall Creek village	fall creek
place	5525150	WI	Fall River village	fall river
place	5525600	WI	Fennimore city	fennimore
place	5525650	WI	Fenwood village	fenwood
place	5525725	WI	Ferryville village	ferryville
place	5525950	WI	Fitchburg city	fitchburg
place	5526275	WI	Fond du Lac city	fond du lac
place	5526350	WI	Fontana-on-Geneva Lake village	fontana on geneva lake
place	5526400	WI	Footville village	footville
place	5526625	WI	Forestville village	forestville
place	5526675	WI	Fort Atkinson city	fort atkinson
place	5526850	WI	Fountain City city	fountain
place	5526982	WI	Fox Crossing village	fox crossing
place	5527000	WI	Fox Lake city	fox lake
place	5527075	WI	Fox Point village	fox point
place	5527125	WI	Francis Creek village	francis creek
place	5527300	WI	Franklin city	franklin
place	5527500	WI	Frederic village	frederic
place	5527550	WI	Fredonia village	fredonia
place	5527800	WI	Fremont village	fremont
place	5527950	WI	Friendship village	friendship
place	5528000	WI	Friesland village	friesland
place	5528200	WI	Galesville city	galesville
place	5528450	WI	Gays Mills village	gays mills
place	5528625	WI	Genoa village	genoa
place	5528675	WI	Genoa City village	genoa
place	5528875	WI	Germantown village	germantown
place	5529050	WI	Gillett city	gillett
place	5529175	WI	Gilman village	gilman
place	5529350	WI	Glenbeulah village	glenbeulah
place	5529400	WI	Glendale city	glendale
place	5529475	WI	Glen Flora village	glen flora
place	5529625	WI	Glenwood City city	glenwood
place	5530000	WI	Grafton village	grafton
place	5530425	WI	Granton village	granton
place	5530450	WI	Grantsburg village	grantsburg
place	5530575	WI	Gratiot village	gratiot
place	5531000	WI	Green Bay city	green bay
place	5531125	WI	Greendale village	greendale
place	5531175	WI	Greenfield city	greenfield
place	5531300	WI	Green Lake city	green lake
place	5531525	WI	Greenville village	greenville
place	5531575	WI	Greenwood city	greenwood
place	5531675	WI	Gresham village	gresham
place	5532075	WI	Hales Corners village	hales corners
place	5532325	WI	Hammond village	hammond
place	5532450	WI	Hancock village	hancock
place	5532790	WI	Harrison village	harrison
place	5533000	WI	Hartford city	hartford
place	5533100	WI	Hartland village	hartland
place	5533175	WI	Hatley village	hatley
place	5533225	WI	Haugen village	haugen
place	5533275	WI	Hawkins village	hawkins
place	5533450	WI	Hayward city	hayward
place	5533500	WI	Hazel Green village	hazel green
place	5534250	WI	Hewitt village	hewitt
place	5534450	WI	Highland village	highland
place	5534575	WI	Hilbert village	hilbert
place	5534825	WI	Hillsboro city	hillsboro
place	5535075	WI	Hixton village	hixton
place	5535150	WI	Hobart village	hobart
place	5535400	WI	Hollandale village	hollandale
place	5535450	WI	Holmen village	holmen
place	5535750	WI	Horicon city	horicon
place	5535850	WI	Hortonville village	hortonville
place	5535950	WI	Howard village	howard
place	5536025	WI	Howards Grove village	howards grove
place	5536250	WI	Hudson city	hudson
place	5536525	WI	Hurley city	hurley
place	5536625	WI	Hustisford village	hustisford
place	5536675	WI	Hustler village	hustler
place	5536800	WI	Independence city	independence
place	5536925	WI	Ingram village	ingram
place	5537025	WI	Iola village	iola
place	5537150	WI	Iron Ridge village	iron ridge
place	5537225	WI	Ironton village	ironton
place	5537675	WI	Jackson village	jackson
place	5537825	WI	Janesville city	janesville
place	5537900	WI	Jefferson city	jefferson
place	5538350	WI	Johnson Creek village	johnson creek
place	5538650	WI	Junction City village	junction
place	5538675	WI	Juneau city	juneau
place	5538800	WI	Kaukauna city	kaukauna
place	5538900	WI	Kekoskee village	kekoskee
place	5539000	WI	Kellnersville village	kellnersville
place	5539150	WI	Kendall village	kendall
place	5539175	WI	Kennan village	kennan
place	5539225	WI	Kenosha city	kenosha
place	5539300	WI	Kewaskum village	kewaskum
place	5539350	WI	Kewaunee city	kewaunee
place	5539525	WI	Kiel city	kiel
place	5539650	WI	Kimberly village	kimberly
place	5539750	WI	Kingston village	kingston
place	5539975	WI	Knapp village	knapp
place	5540275	WI	Kohler village	kohler
place	5540550	WI	Kronenwetter village	kronenwetter
place	5540750	WI	Lac La Belle village	lac la belle
place	5540775	WI	La Crosse city	la crosse
place	5540850	WI	Ladysmith city	ladysmith
place	5540875	WI	La Farge village	la farge
place	5541300	WI	Lake Delton village	lake delton
place	5541450	WI	Lake Geneva city	lake geneva
place	5541525	WI	Lake Hallie village	lake hallie
place	5541675	WI	Lake Mills city	lake mills
place	5541725	WI	Lake Nebagamon village	lake nebagamon
place	5542250	WI	Lancaster city	lancaster
place	5542450	WI	Lannon village	lannon
place	5542825	WI	La Valle village	la valle
place	5543325	WI	Lena village	lena
place	5544225	WI	Lime Ridge village	lime ridge
place	5544625	WI	Linden village	linden
place	5544847	WI	Lisbon village	lisbon
place	5544950	WI	Little Chute village	little chute
place	5545325	WI	Livingston village	livingston
place	5545350	WI	Lodi city	lodi
place	5545400	WI	Loganville village	loganville
place	5545425	WI	Lohrville village	lohrville
place	5545475	WI	Lomira village	lomira
place	5545575	WI	Lone Rock village	lone rock
place	5545950	WI	Lowell village	lowell
place	5546075	WI	Loyal city	loyal
place	5546150	WI	Lublin village	lublin
place	5546200	WI	Luck village	luck
place	5546400	WI	Luxemburg village	luxemburg
place	5546600	WI	Lyndon Station village	lyndon station
place	5546675	WI	Lynxville village	lynxville
place	5546850	WI	McFarland village	mcfarland
place	5548000	WI	Madison city	madison
place	5548175	WI	Maiden Rock village	maiden rock
place	5548225	WI	Maine village	maine
place	5548350	WI	Manawa city	manawa
place	5548500	WI	Manitowoc city	manitowoc
place	5548750	WI	Maple Bluff village	maple bluff
place	5549100	WI	Marathon City village	marathon
place	5549250	WI	Maribel village	maribel
place	5549300	WI	Marinette city	marinette
place	5549400	WI	Marion city	marion
place	5549450	WI	Markesan city	markesan
place	5549500	WI	Marquette village	marquette
place	5549575	WI	Marshall village	marshall
place	5549675	WI	Marshfield city	marshfield
place	5549900	WI	Mason village	mason
place	5550000	WI	Mattoon village	mattoon
place	5550025	WI	Mauston city	mauston
place	5550200	WI	Mayville city	mayville
place	5550225	WI	Mazomanie village	mazomanie
place	5550425	WI	Medford city	medford
place	5550700	WI	Mellen city	mellen
place	5550750	WI	Melrose village	melrose
place	5550800	WI	Melvina village	melvina
place	5550825	WI	Menasha city	menasha
place	5551000	WI	Menomonee Falls village	menomonee falls
place	5551025	WI	Menomonie city	menomonie
place	5551150	WI	Mequon city	mequon
place	5551250	WI	Merrill city	merrill
place	5551300	WI	Merrillan village	merrillan
place	5551325	WI	Merrimac village	merrimac
place	5551375	WI	Merton village	merton
place	5551575	WI	Middleton city	middleton
place	5551875	WI	Milladore village	milladore
place	5552075	WI	Milltown village	milltown
place	5552200	WI	Milton city	milton
place	5553000	WI	Milwaukee city	milwaukee
place	5553100	WI	Mineral Point city	mineral point
place	5553250	WI	Minong village	minong
place	5553325	WI	Mishicot village	mishicot
place	5553600	WI	Mondovi city	mondovi
place	5553675	WI	Monona city	monona
place	5553750	WI	Monroe city	monroe
place	5553875	WI	Montello city	montello
place	5553950	WI	Montfort village	montfort
place	5554000	WI	Monticello village	monticello
place	5554075	WI	Montreal city	montreal
place	5554500	WI	Mosinee city	mosinee
place	5554650	WI	Mount Calvary village	mount calvary
place	5554675	WI	Mount Hope village	mount hope
place	5554725	WI	Mount Horeb village	mount horeb
place	5554875	WI	Mount Pleasant village	mount pleasant
place	5554900	WI	Mount Sterling village	mount sterling
place	5555050	WI	Mukwonago village	mukwonago
place	5555200	WI	Muscoda village	muscoda
place	5555275	WI	Muskego city	muskego
place	5555550	WI	Nashotah village	nashotah
place	5555700	WI	Necedah village	necedah
place	5555750	WI	Neenah city	neenah
place	5555800	WI	Neillsville city	neillsville
place	5555875	WI	Nekoosa city	nekoosa
place	5555950	WI	Nelson village	nelson
place	5556000	WI	Nelsonville village	nelsonville
place	5556075	WI	Neosho village	neosho
place	5556125	WI	Neshkoro village	neshkoro
place	5556350	WI	New Auburn village	new auburn
place	5556375	WI	New Berlin city	new berlin
place	5556450	WI	Newburg village	newburg
place	5556700	WI	New Glarus village	new glarus
place	5556800	WI	New Holstein city	new holstein
place	5556900	WI	New Lisbon city	new lisbon
place	5556925	WI	New London city	new london
place	5557100	WI	New Richmond city	new richmond
place	5557325	WI	Niagara city	niagara
place	5557375	WI	Nichols village	nichols
place	5557700	WI	North Bay village	north bay
place	5558000	WI	North Fond du Lac village	north fond du lac
place	5558025	WI	North Freedom village	north freedom
place	5558050	WI	North Hudson village	north hudson
place	5558400	WI	North Prairie village	north prairie
place	5558575	WI	Norwalk village	norwalk
place	5558800	WI	Oak Creek city	oak creek
place	5558850	WI	Oakdale village	oakdale
place	5558900	WI	Oakfield village	oakfield
place	5559250	WI	Oconomowoc city	oconomowoc
place	5559300	WI	Oconomowoc Lake village	oconomowoc lake
place	5559350	WI	Oconto city	oconto
place	5559400	WI	Oconto Falls city	oconto falls
place	5559475	WI	Ogdensburg village	ogdensburg
place	5559800	WI	Oliver village	oliver
place	5559875	WI	Omro city	omro
place	5559925	WI	Onalaska city	onalaska
place	5560075	WI	Ontario village	ontario
place	5560100	WI	Oostburg village	oostburg
place	5560200	WI	Oregon village	oregon
place	5560250	WI	Orfordville village	orfordville
place	5560450	WI	Osceola village	osceola
place	5560500	WI	Oshkosh city	oshkosh
place	5560575	WI	Osseo city	osseo
place	5560825	WI	Owen city	owen
place	5560875	WI	Oxford village	oxford
place	5560975	WI	Paddock Lake village	paddock lake
place	5561025	WI	Palmyra village	palmyra
place	5561100	WI	Pardeeville village	pardeeville
place	5561200	WI	Park Falls city	park falls
place	5561325	WI	Park Ridge village	park ridge
place	5561425	WI	Patch Grove village	patch grove
place	5561925	WI	Pepin village	pepin
place	5562175	WI	Peshtigo city	peshtigo
place	5562240	WI	Pewaukee city	pewaukee
place	5562250	WI	Pewaukee village	pewaukee
place	5562450	WI	Phillips city	phillips
place	5562675	WI	Pigeon Falls village	pigeon falls
place	5563100	WI	Pittsville city	pittsville
place	5563125	WI	Plain village	plain
place	5563150	WI	Plainfield village	plainfield
place	5563250	WI	Platteville city	platteville
place	5563300	WI	Pleasant Prairie village	pleasant prairie
place	5563525	WI	Plover village	plover
place	5563600	WI	Plum City village	plum
place	5563700	WI	Plymouth city	plymouth
place	5563975	WI	Poplar village	poplar
place	5564100	WI	Portage city	portage
place	5564175	WI	Port Edwards village	port edwards
place	5564450	WI	Port Washington city	port washington
place	5564625	WI	Potosi village	potosi
place	5564675	WI	Potter village	potter
place	5564750	WI	Pound village	pound
place	5564900	WI	Poynette village	poynette
place	5565050	WI	Prairie du Chien city	prairie du chien
place	5565100	WI	Prairie du Sac village	prairie du sac
place	5565150	WI	Prairie Farm village	prairie farm
place	5565325	WI	Prentice village	prentice
place	5565375	WI	Prescott city	prescott
place	5565600	WI	Princeton city	princeton
place	5565675	WI	Pulaski village	pulaski
place	5566000	WI	Racine city	racine
place	5566050	WI	Radisson village	radisson
place	5566150	WI	Randolph village	randolph
place	5566200	WI	Random Lake village	random lake
place	5566350	WI	Raymond village	raymond
place	5566450	WI	Readstown village	readstown
place	5566625	WI	Redgranite village	redgranite
place	5566800	WI	Reedsburg city	reedsburg
place	5566875	WI	Reedsville village	reedsville
place	5566900	WI	Reeseville village	reeseville
place	5567100	WI	Rewey village	rewey
place	5567200	WI	Rhinelander city	rhinelander
place	5567275	WI	Rib Lake village	rib lake
place	5567320	WI	Rib Mountain village	rib mountain
place	5567350	WI	Rice Lake city	rice lake
place	5567475	WI	Richfield village	richfield
place	5567625	WI	Richland Center city	richland center
place	5567800	WI	Ridgeland village	ridgeland
place	5567875	WI	Ridgeway village	ridgeway
place	5568100	WI	Rio village	rio
place	5568175	WI	Ripon city	ripon
place	5568275	WI	River Falls city	river falls
place	5568325	WI	River Hills village	river hills
place	5568475	WI	Roberts village	roberts
place	5568550	WI	Rochester village	rochester
place	5568725	WI	Rockdale village	rockdale
place	5568900	WI	Rockland village	rockland
place	5568975	WI	Rock Springs village	rock springs
place	5569525	WI	Rosendale village	rosendale
place	5569575	WI	Rosholt village	rosholt
place	5569725	WI	Rothschild village	rothschild
place	5570000	WI	Rudolph village	rudolph
place	5570500	WI	St. Cloud village	st cloud
place	5570550	WI	St. Croix Falls city	st croix falls
place	5570650	WI	St. Francis city	st francis
place	5571025	WI	St. Nazianz village	st nazianz
place	5571163	WI	Salem Lakes village	salem lakes
place	5571650	WI	Sauk City village	sauk
place	5571700	WI	Saukville village	saukville
place	5571975	WI	Scandinavia village	scandinavia
place	5572150	WI	Schofield city	schofield
place	5572725	WI	Seymour city	seymour
place	5572875	WI	Sharon village	sharon
place	5572925	WI	Shawano city	shawano
place	5572975	WI	Sheboygan city	sheboygan
place	5573025	WI	Sheboygan Falls city	sheboygan falls
place	5573175	WI	Sheldon village	sheldon
place	5573200	WI	Shell Lake city	shell lake
place	5573525	WI	Sherwood village	sherwood
place	5573625	WI	Shiocton village	shiocton
place	5573725	WI	Shorewood village	shorewood
place	5573750	WI	Shorewood Hills village	shorewood hills
place	5573825	WI	Shullsburg city	shullsburg
place	5574175	WI	Siren village	siren
place	5574225	WI	Sister Bay village	sister bay
place	5574400	WI	Slinger village	slinger
place	5574550	WI	Soldiers Grove village	soldiers grove
place	5574575	WI	Solon Springs village	solon springs
place	5574625	WI	Somers village	somers
place	5574675	WI	Somerset village	somerset
place	5575125	WI	South Milwaukee city	south milwaukee
place	5575275	WI	South Wayne village	south wayne
place	5575325	WI	Sparta city	sparta
place	5575400	WI	Spencer village	spencer
place	5575625	WI	Spooner city	spooner
place	5576025	WI	Spring Green village	spring green
place	5576300	WI	Spring Valley village	spring valley
place	5576625	WI	Stanley city	stanley
place	5576825	WI	Star Prairie village	star prairie
place	5577100	WI	Stetsonville village	stetsonville
place	5577175	WI	Steuben village	steuben
place	5577200	WI	Stevens Point city	stevens point
place	5577400	WI	Stockbridge village	stockbridge
place	5577475	WI	Stockholm village	stockholm
place	5577550	WI	Stoddard village	stoddard
place	5577675	WI	Stoughton city	stoughton
place	5577750	WI	Stratford village	stratford
place	5577825	WI	Strum village	strum
place	5577875	WI	Sturgeon Bay city	sturgeon bay
place	5577925	WI	Sturtevant village	sturtevant
place	5577975	WI	Suamico village	suamico
place	5578175	WI	Sullivan village	sullivan
place	5578375	WI	Summit village	summit
place	5578600	WI	Sun Prairie city	sun prairie
place	5578650	WI	Superior city	superior
place	5578660	WI	Superior village	superior
place	5578725	WI	Suring village	suring
place	5578750	WI	Sussex village	sussex
place	5579150	WI	Taylor village	taylor
place	5579250	WI	Tennyson village	tennyson
place	5579375	WI	Theresa village	theresa
place	5579475	WI	Thiensville village	thiensville
place	5579625	WI	Thorp city	thorp
place	5579825	WI	Tigerton village	tigerton
place	5580075	WI	Tomah city	tomah
place	5580125	WI	Tomahawk city	tomahawk
place	5580225	WI	Tony village	tony
place	5580475	WI	Trempealeau village	trempealeau
place	5581075	WI	Turtle Lake village	turtle lake
place	5581250	WI	Twin Lakes village	twin lakes
place	5581325	WI	Two Rivers city	two rivers
place	5581725	WI	Union Center village	union center
place	5581775	WI	Union Grove village	union grove
place	5581850	WI	Unity village	unity
place	5582200	WI	Valders village	valders
place	5582575	WI	Vernon village	vernon
place	5582600	WI	Verona city	verona
place	5582650	WI	Vesper village	vesper
place	5582900	WI	Viola village	viola
place	5582925	WI	Viroqua city	viroqua
place	5583100	WI	Waldo village	waldo
place	5583175	WI	Wales village	wales
place	5583250	WI	Walworth village	walworth
place	5583450	WI	Warrens village	warrens
place	5583525	WI	Washburn city	washburn
place	5583825	WI	Waterford village	waterford
place	5583925	WI	Waterloo city	waterloo
place	5583975	WI	Watertown city	watertown
place	5584250	WI	Waukesha city	waukesha
place	5584275	WI	Waukesha village	waukesha
place	5584350	WI	Waunakee village	waunakee
place	5584375	WI	Waupaca city	waupaca
place	5584425	WI	Waupun city	waupun
place	5584475	WI	Wausau city	wausau
place	5584525	WI	Wausaukee village	wausaukee
place	5584625	WI	Wautoma city	wautoma
place	5584675	WI	Wauwatosa city	wauwatosa
place	5584725	WI	Wauzeka village	wauzeka
place	5585025	WI	Webster village	webster
place	5585300	WI	West Allis city	west allis
place	5585325	WI	West Baraboo village	west baraboo
place	5585350	WI	West Bend city	west bend
place	5585475	WI	Westby city	westby
place	5585575	WI	Westfield village	westfield
place	5585875	WI	West Milwaukee village	west milwaukee
place	5586025	WI	Weston village	weston
place	5586275	WI	West Salem village	west salem
place	5586400	WI	Weyauwega city	weyauwega
place	5586450	WI	Weyerhaeuser village	weyerhaeuser
place	5586575	WI	Wheeler village	wheeler
place	5586700	WI	Whitefish Bay village	whitefish bay
place	5586725	WI	Whitehall city	whitehall
place	5586750	WI	White Lake village	white lake
place	5586775	WI	Whitelaw village	whitelaw
place	5586925	WI	Whitewater city	whitewater
place	5586975	WI	Whiting village	whiting
place	5587075	WI	Wild Rose village	wild rose
place	5587200	WI	Williams Bay village	williams bay
place	5587475	WI	Wilson village	wilson
place	5587525	WI	Wilton village	wilton
place	5587700	WI	Wind Point village	wind point
place	5587725	WI	Windsor village	windsor
place	5587900	WI	Winneconne village	winneconne
place	5587975	WI	Winter village	winter
place	5588150	WI	Wisconsin Dells city	wisconsin dells
place	5588200	WI	Wisconsin Rapids city	wisconsin rapids
place	5588275	WI	Withee village	withee
place	5588325	WI	Wittenberg village	wittenberg
place	5588500	WI	Wonewoc village	wonewoc
place	5588825	WI	Woodman village	woodman
place	5589025	WI	Woodville village	woodville
place	5589150	WI	Wrightstown village	wrightstown
place	5589275	WI	Wyeville village	wyeville
place	5589300	WI	Wyocena village	wyocena
place	5589550	WI	Yorkville village	yorkville
place	5589625	WI	Yuba village	yuba
place	5600245	WY	Afton town	afton
place	5600825	WY	Albin town	albin
place	5601695	WY	Alpine town	alpine
place	5604740	WY	Baggs town	baggs
place	5604885	WY	Bairoil town	bairoil
place	5605245	WY	Bar Nunn town	bar nunn
place	5605320	WY	Basin town	basin
place	5605625	WY	Bear River town	bear river
place	5607060	WY	Big Piney town	big piney
place	5610685	WY	Buffalo city	buffalo
place	5611120	WY	Burlington town	burlington
place	5611265	WY	Burns town	burns
place	5611700	WY	Byron town	byron
place	5613150	WY	Casper city	casper
place	5613900	WY	Cheyenne city	cheyenne
place	5614165	WY	Chugwater town	chugwater
place	5615325	WY	Clearmont town	clearmont
place	5615760	WY	Cody city	cody
place	5615905	WY	Cokeville town	cokeville
place	5617645	WY	Cowley town	cowley
place	5619385	WY	Dayton town	dayton
place	5619530	WY	Deaver town	deaver
place	5620110	WY	Diamondville town	diamondville
place	5620690	WY	Dixon town	dixon
place	5621125	WY	Douglas city	douglas
place	5621415	WY	Dubois town	dubois
place	5622720	WY	East Thermopolis town	east thermopolis
place	5623155	WY	Edgerton town	edgerton
place	5624025	WY	Elk Mountain town	elk mountain
place	5624750	WY	Encampment town	encampment
place	5625620	WY	Evanston city	evanston
place	5625765	WY	Evansville town	evansville
place	5628230	WY	Fort Laramie town	fort laramie
place	5629825	WY	Frannie town	frannie
place	5631855	WY	Gillette city	gillette
place	5632290	WY	Glendo town	glendo
place	5632435	WY	Glenrock town	glenrock
place	5632870	WY	Granger town	granger
place	5633740	WY	Green River city	green river
place	5633885	WY	Greybull town	greybull
place	5634320	WY	Guernsey town	guernsey
place	5635335	WY	Hanna town	hanna
place	5635625	WY	Hartville town	hartville
place	5638960	WY	Hudson town	hudson
place	5639105	WY	Hulett town	hulett
place	5640120	WY	Jackson town	jackson
place	5641353	WY	Kaycee town	kaycee
place	5642005	WY	Kemmerer city	kemmerer
place	5642730	WY	Kirby town	kirby
place	5643455	WY	La Barge town	la barge
place	5643745	WY	LaGrange town	lagrange
place	5644760	WY	Lander city	lander
place	5645050	WY	Laramie city	laramie
place	5646790	WY	Lingle town	lingle
place	5647805	WY	Lost Springs town	lost springs
place	5647950	WY	Lovell town	lovell
place	5648530	WY	Lusk town	lusk
place	5648675	WY	Lyman town	lyman
place	5649980	WY	Manderson town	manderson
place	5650270	WY	Manville town	manville
place	5650415	WY	Marbleton town	marbleton
place	5651575	WY	Medicine Bow town	medicine bow
place	5651720	WY	Meeteetse town	meeteetse
place	5652445	WY	Midwest town	midwest
place	5653460	WY	Mills town	mills
place	5654185	WY	Moorcroft town	moorcroft
place	5655345	WY	Mountain View town	mountain view
place	5656215	WY	Newcastle city	newcastle
place	5657810	WY	Opal town	opal
place	5660130	WY	Pavillion town	pavillion
place	5661435	WY	Pine Bluffs town	pine bluffs
place	5661580	WY	Pinedale town	pinedale
place	5661610	WY	Pine Haven town	pine haven
place	5662450	WY	Powell city	powell
place	5663755	WY	Ranchester town	ranchester
place	5663900	WY	Rawlins city	rawlins
place	5666075	WY	Riverside town	riverside
place	5666220	WY	Riverton city	riverton
place	5667090	WY	Rock River town	rock river
place	5667235	WY	Rock Springs city	rock springs
place	5667440	WY	Rolling Hills town	rolling hills
place	5668685	WY	Saratoga town	saratoga
place	5669845	WY	Sheridan city	sheridan
place	5670570	WY	Shoshoni town	shoshoni
place	5671150	WY	Sinclair town	sinclair
place	5673180	WY	Star Valley Ranch town	star valley ranch
place	5674195	WY	Sundance town	sundance
place	5674775	WY	Superior town	superior
place	5675790	WY	Ten Sleep town	ten sleep
place	5676370	WY	Thayne town	thayne
place	5676515	WY	Thermopolis town	thermopolis
place	5677530	WY	Torrington city	torrington
place	5679125	WY	Upton town	upton
place	5679705	WY	Van Tassell town	van tassell
place	5681300	WY	Wamsutter town	wamsutter
place	5683040	WY	Wheatland town	wheatland
place	5684925	WY	Worland city	worland
place	5685015	WY	Wright town	wright
place	5686665	WY	Yoder town	yoder
